"filename", "language", "C++", "CMake", "Markdown", "Python", "Verilog", "Tcl", "Rust", "Shell Script", "YAML", "Xilinx Design Constraints", "System Verilog", "Synopsys Design Constraints", "VHDL", "JSON", "XML", "Batch", "C", "Objective-C++", "Objective-C", "GLSL", "Properties", "reStructuredText", "PostCSS", "pip requirements", "Ini", "HTML", "SCSS", "comment", "blank", "total"
"/home/morit/Studium/Master/Forschungsprojekt/nextpnr/.github/ci/build_common.sh", "Shell Script", 0, 0, 0, 0, 0, 0, 0, 49, 0, 0, 0, 0, 0, 0, 0, 0, 0, 0, 0, 0, 0, 0, 0, 0, 0, 0, 0, 2, 5, 56
"/home/morit/Studium/Master/Forschungsprojekt/nextpnr/.github/ci/build_ecp5.sh", "Shell Script", 0, 0, 0, 0, 0, 0, 0, 19, 0, 0, 0, 0, 0, 0, 0, 0, 0, 0, 0, 0, 0, 0, 0, 0, 0, 0, 0, 1, 5, 25
"/home/morit/Studium/Master/Forschungsprojekt/nextpnr/.github/ci/build_generic.sh", "Shell Script", 0, 0, 0, 0, 0, 0, 0, 19, 0, 0, 0, 0, 0, 0, 0, 0, 0, 0, 0, 0, 0, 0, 0, 0, 0, 0, 0, 2, 5, 26
"/home/morit/Studium/Master/Forschungsprojekt/nextpnr/.github/ci/build_himbaechel.sh", "Shell Script", 0, 0, 0, 0, 0, 0, 0, 25, 0, 0, 0, 0, 0, 0, 0, 0, 0, 0, 0, 0, 0, 0, 0, 0, 0, 0, 0, 4, 8, 37
"/home/morit/Studium/Master/Forschungsprojekt/nextpnr/.github/ci/build_ice40.sh", "Shell Script", 0, 0, 0, 0, 0, 0, 0, 22, 0, 0, 0, 0, 0, 0, 0, 0, 0, 0, 0, 0, 0, 0, 0, 0, 0, 0, 0, 1, 5, 28
"/home/morit/Studium/Master/Forschungsprojekt/nextpnr/.github/ci/build_machxo2.sh", "Shell Script", 0, 0, 0, 0, 0, 0, 0, 19, 0, 0, 0, 0, 0, 0, 0, 0, 0, 0, 0, 0, 0, 0, 0, 0, 0, 0, 0, 1, 5, 25
"/home/morit/Studium/Master/Forschungsprojekt/nextpnr/.github/ci/build_mistral.sh", "Shell Script", 0, 0, 0, 0, 0, 0, 0, 23, 0, 0, 0, 0, 0, 0, 0, 0, 0, 0, 0, 0, 0, 0, 0, 0, 0, 0, 0, 2, 6, 31
"/home/morit/Studium/Master/Forschungsprojekt/nextpnr/.github/ci/build_nexus.sh", "Shell Script", 0, 0, 0, 0, 0, 0, 0, 18, 0, 0, 0, 0, 0, 0, 0, 0, 0, 0, 0, 0, 0, 0, 0, 0, 0, 0, 0, 1, 5, 24
"/home/morit/Studium/Master/Forschungsprojekt/nextpnr/.github/ci/build_rust.sh", "Shell Script", 0, 0, 0, 0, 0, 0, 0, 19, 0, 0, 0, 0, 0, 0, 0, 0, 0, 0, 0, 0, 0, 0, 0, 0, 0, 0, 0, 3, 5, 27
"/home/morit/Studium/Master/Forschungsprojekt/nextpnr/.github/workflows/arch_ci.yml", "YAML", 0, 0, 0, 0, 0, 0, 0, 0, 82, 0, 0, 0, 0, 0, 0, 0, 0, 0, 0, 0, 0, 0, 0, 0, 0, 0, 0, 1, 14, 97
"/home/morit/Studium/Master/Forschungsprojekt/nextpnr/3rdparty/QtPropertyBrowser/CMakeLists.txt", "CMake", 0, 3, 0, 0, 0, 0, 0, 0, 0, 0, 0, 0, 0, 0, 0, 0, 0, 0, 0, 0, 0, 0, 0, 0, 0, 0, 0, 0, 1, 4
"/home/morit/Studium/Master/Forschungsprojekt/nextpnr/3rdparty/QtPropertyBrowser/README.md", "Markdown", 0, 0, 5, 0, 0, 0, 0, 0, 0, 0, 0, 0, 0, 0, 0, 0, 0, 0, 0, 0, 0, 0, 0, 0, 0, 0, 0, 0, 3, 8
"/home/morit/Studium/Master/Forschungsprojekt/nextpnr/3rdparty/QtPropertyBrowser/cmake/CommonCMakeUtils.cmake", "CMake", 0, 25, 0, 0, 0, 0, 0, 0, 0, 0, 0, 0, 0, 0, 0, 0, 0, 0, 0, 0, 0, 0, 0, 0, 0, 0, 0, 0, 2, 27
"/home/morit/Studium/Master/Forschungsprojekt/nextpnr/3rdparty/QtPropertyBrowser/cmake/CompileSettings.cmake", "CMake", 0, 56, 0, 0, 0, 0, 0, 0, 0, 0, 0, 0, 0, 0, 0, 0, 0, 0, 0, 0, 0, 0, 0, 0, 0, 0, 0, 0, 12, 68
"/home/morit/Studium/Master/Forschungsprojekt/nextpnr/3rdparty/QtPropertyBrowser/cmake/InstallProjectConfig.cmake", "CMake", 0, 15, 0, 0, 0, 0, 0, 0, 0, 0, 0, 0, 0, 0, 0, 0, 0, 0, 0, 0, 0, 0, 0, 0, 0, 0, 0, 0, 3, 18
"/home/morit/Studium/Master/Forschungsprojekt/nextpnr/3rdparty/QtPropertyBrowser/cmake/InstallSettings.cmake", "CMake", 0, 27, 0, 0, 0, 0, 0, 0, 0, 0, 0, 0, 0, 0, 0, 0, 0, 0, 0, 0, 0, 0, 0, 0, 0, 0, 0, 0, 5, 32
"/home/morit/Studium/Master/Forschungsprojekt/nextpnr/3rdparty/QtPropertyBrowser/cmake/cmake_uninstall.cmake", "CMake", 0, 28, 0, 0, 0, 0, 0, 0, 0, 0, 0, 0, 0, 0, 0, 0, 0, 0, 0, 0, 0, 0, 0, 0, 0, 0, 0, 0, 11, 39
"/home/morit/Studium/Master/Forschungsprojekt/nextpnr/3rdparty/QtPropertyBrowser/examples/CMakeLists.txt", "CMake", 0, 12, 0, 0, 0, 0, 0, 0, 0, 0, 0, 0, 0, 0, 0, 0, 0, 0, 0, 0, 0, 0, 0, 0, 0, 0, 0, 0, 4, 16
"/home/morit/Studium/Master/Forschungsprojekt/nextpnr/3rdparty/QtPropertyBrowser/examples/canvas_typed/CMakeLists.txt", "CMake", 0, 15, 0, 0, 0, 0, 0, 0, 0, 0, 0, 0, 0, 0, 0, 0, 0, 0, 0, 0, 0, 0, 0, 0, 0, 0, 0, 0, 5, 20
"/home/morit/Studium/Master/Forschungsprojekt/nextpnr/3rdparty/QtPropertyBrowser/examples/canvas_typed/main.cpp", "C++", 9, 0, 0, 0, 0, 0, 0, 0, 0, 0, 0, 0, 0, 0, 0, 0, 0, 0, 0, 0, 0, 0, 0, 0, 0, 0, 0, 38, 5, 52
"/home/morit/Studium/Master/Forschungsprojekt/nextpnr/3rdparty/QtPropertyBrowser/examples/canvas_typed/mainwindow.cpp", "C++", 406, 0, 0, 0, 0, 0, 0, 0, 0, 0, 0, 0, 0, 0, 0, 0, 0, 0, 0, 0, 0, 0, 0, 0, 0, 0, 0, 38, 78, 522
"/home/morit/Studium/Master/Forschungsprojekt/nextpnr/3rdparty/QtPropertyBrowser/examples/canvas_typed/mainwindow.h", "C++", 70, 0, 0, 0, 0, 0, 0, 0, 0, 0, 0, 0, 0, 0, 0, 0, 0, 0, 0, 0, 0, 0, 0, 0, 0, 0, 0, 38, 13, 121
"/home/morit/Studium/Master/Forschungsprojekt/nextpnr/3rdparty/QtPropertyBrowser/examples/canvas_typed/qtcanvas.cpp", "C++", 2673, 0, 0, 0, 0, 0, 0, 0, 0, 0, 0, 0, 0, 0, 0, 0, 0, 0, 0, 0, 0, 0, 0, 0, 0, 0, 0, 2693, 541, 5907
"/home/morit/Studium/Master/Forschungsprojekt/nextpnr/3rdparty/QtPropertyBrowser/examples/canvas_typed/qtcanvas.h", "C++", 567, 0, 0, 0, 0, 0, 0, 0, 0, 0, 0, 0, 0, 0, 0, 0, 0, 0, 0, 0, 0, 0, 0, 0, 0, 0, 0, 46, 166, 779
"/home/morit/Studium/Master/Forschungsprojekt/nextpnr/3rdparty/QtPropertyBrowser/examples/canvas_variant/CMakeLists.txt", "CMake", 0, 15, 0, 0, 0, 0, 0, 0, 0, 0, 0, 0, 0, 0, 0, 0, 0, 0, 0, 0, 0, 0, 0, 0, 0, 0, 0, 0, 5, 20
"/home/morit/Studium/Master/Forschungsprojekt/nextpnr/3rdparty/QtPropertyBrowser/examples/canvas_variant/main.cpp", "C++", 9, 0, 0, 0, 0, 0, 0, 0, 0, 0, 0, 0, 0, 0, 0, 0, 0, 0, 0, 0, 0, 0, 0, 0, 0, 0, 0, 38, 5, 52
"/home/morit/Studium/Master/Forschungsprojekt/nextpnr/3rdparty/QtPropertyBrowser/examples/canvas_variant/mainwindow.cpp", "C++", 334, 0, 0, 0, 0, 0, 0, 0, 0, 0, 0, 0, 0, 0, 0, 0, 0, 0, 0, 0, 0, 0, 0, 0, 0, 0, 0, 38, 63, 435
"/home/morit/Studium/Master/Forschungsprojekt/nextpnr/3rdparty/QtPropertyBrowser/examples/canvas_variant/mainwindow.h", "C++", 62, 0, 0, 0, 0, 0, 0, 0, 0, 0, 0, 0, 0, 0, 0, 0, 0, 0, 0, 0, 0, 0, 0, 0, 0, 0, 0, 38, 15, 115
"/home/morit/Studium/Master/Forschungsprojekt/nextpnr/3rdparty/QtPropertyBrowser/examples/canvas_variant/qtcanvas.cpp", "C++", 2673, 0, 0, 0, 0, 0, 0, 0, 0, 0, 0, 0, 0, 0, 0, 0, 0, 0, 0, 0, 0, 0, 0, 0, 0, 0, 0, 2693, 541, 5907
"/home/morit/Studium/Master/Forschungsprojekt/nextpnr/3rdparty/QtPropertyBrowser/examples/canvas_variant/qtcanvas.h", "C++", 567, 0, 0, 0, 0, 0, 0, 0, 0, 0, 0, 0, 0, 0, 0, 0, 0, 0, 0, 0, 0, 0, 0, 0, 0, 0, 0, 46, 166, 779
"/home/morit/Studium/Master/Forschungsprojekt/nextpnr/3rdparty/QtPropertyBrowser/examples/decoration/CMakeLists.txt", "CMake", 0, 11, 0, 0, 0, 0, 0, 0, 0, 0, 0, 0, 0, 0, 0, 0, 0, 0, 0, 0, 0, 0, 0, 0, 0, 0, 0, 0, 5, 16
"/home/morit/Studium/Master/Forschungsprojekt/nextpnr/3rdparty/QtPropertyBrowser/examples/decoration/main.cpp", "C++", 222, 0, 0, 0, 0, 0, 0, 0, 0, 0, 0, 0, 0, 0, 0, 0, 0, 0, 0, 0, 0, 0, 0, 0, 0, 0, 0, 41, 50, 313
"/home/morit/Studium/Master/Forschungsprojekt/nextpnr/3rdparty/QtPropertyBrowser/examples/demo/CMakeLists.txt", "CMake", 0, 10, 0, 0, 0, 0, 0, 0, 0, 0, 0, 0, 0, 0, 0, 0, 0, 0, 0, 0, 0, 0, 0, 0, 0, 0, 0, 0, 6, 16
"/home/morit/Studium/Master/Forschungsprojekt/nextpnr/3rdparty/QtPropertyBrowser/examples/demo/main.cpp", "C++", 148, 0, 0, 0, 0, 0, 0, 0, 0, 0, 0, 0, 0, 0, 0, 0, 0, 0, 0, 0, 0, 0, 0, 0, 0, 0, 0, 38, 30, 216
"/home/morit/Studium/Master/Forschungsprojekt/nextpnr/3rdparty/QtPropertyBrowser/examples/extension/CMakeLists.txt", "CMake", 0, 11, 0, 0, 0, 0, 0, 0, 0, 0, 0, 0, 0, 0, 0, 0, 0, 0, 0, 0, 0, 0, 0, 0, 0, 0, 0, 0, 4, 15
"/home/morit/Studium/Master/Forschungsprojekt/nextpnr/3rdparty/QtPropertyBrowser/examples/extension/main.cpp", "C++", 167, 0, 0, 0, 0, 0, 0, 0, 0, 0, 0, 0, 0, 0, 0, 0, 0, 0, 0, 0, 0, 0, 0, 0, 0, 0, 0, 38, 34, 239
"/home/morit/Studium/Master/Forschungsprojekt/nextpnr/3rdparty/QtPropertyBrowser/examples/object_controller/CMakeLists.txt", "CMake", 0, 12, 0, 0, 0, 0, 0, 0, 0, 0, 0, 0, 0, 0, 0, 0, 0, 0, 0, 0, 0, 0, 0, 0, 0, 0, 0, 0, 4, 16
"/home/morit/Studium/Master/Forschungsprojekt/nextpnr/3rdparty/QtPropertyBrowser/examples/object_controller/main.cpp", "C++", 110, 0, 0, 0, 0, 0, 0, 0, 0, 0, 0, 0, 0, 0, 0, 0, 0, 0, 0, 0, 0, 0, 0, 0, 0, 0, 0, 38, 20, 168
"/home/morit/Studium/Master/Forschungsprojekt/nextpnr/3rdparty/QtPropertyBrowser/examples/object_controller/objectcontroller.cpp", "C++", 297, 0, 0, 0, 0, 0, 0, 0, 0, 0, 0, 0, 0, 0, 0, 0, 0, 0, 0, 0, 0, 0, 0, 0, 0, 0, 0, 49, 46, 392
"/home/morit/Studium/Master/Forschungsprojekt/nextpnr/3rdparty/QtPropertyBrowser/examples/object_controller/objectcontroller.h", "C++", 19, 0, 0, 0, 0, 0, 0, 0, 0, 0, 0, 0, 0, 0, 0, 0, 0, 0, 0, 0, 0, 0, 0, 0, 0, 0, 0, 38, 8, 65
"/home/morit/Studium/Master/Forschungsprojekt/nextpnr/3rdparty/QtPropertyBrowser/examples/simple/CMakeLists.txt", "CMake", 0, 6, 0, 0, 0, 0, 0, 0, 0, 0, 0, 0, 0, 0, 0, 0, 0, 0, 0, 0, 0, 0, 0, 0, 0, 0, 0, 0, 3, 9
"/home/morit/Studium/Master/Forschungsprojekt/nextpnr/3rdparty/QtPropertyBrowser/examples/simple/main.cpp", "C++", 110, 0, 0, 0, 0, 0, 0, 0, 0, 0, 0, 0, 0, 0, 0, 0, 0, 0, 0, 0, 0, 0, 0, 0, 0, 0, 0, 38, 33, 181
"/home/morit/Studium/Master/Forschungsprojekt/nextpnr/3rdparty/QtPropertyBrowser/src/CMakeLists.txt", "CMake", 0, 42, 0, 0, 0, 0, 0, 0, 0, 0, 0, 0, 0, 0, 0, 0, 0, 0, 0, 0, 0, 0, 0, 0, 0, 0, 0, 0, 11, 53
"/home/morit/Studium/Master/Forschungsprojekt/nextpnr/3rdparty/QtPropertyBrowser/src/qt5compat.h", "C++", 8, 0, 0, 0, 0, 0, 0, 0, 0, 0, 0, 0, 0, 0, 0, 0, 0, 0, 0, 0, 0, 0, 0, 0, 0, 0, 0, 1, 4, 13
"/home/morit/Studium/Master/Forschungsprojekt/nextpnr/3rdparty/QtPropertyBrowser/src/qtbuttonpropertybrowser.cpp", "C++", 438, 0, 0, 0, 0, 0, 0, 0, 0, 0, 0, 0, 0, 0, 0, 0, 0, 0, 0, 0, 0, 0, 0, 0, 0, 0, 0, 118, 74, 630
"/home/morit/Studium/Master/Forschungsprojekt/nextpnr/3rdparty/QtPropertyBrowser/src/qtbuttonpropertybrowser.h", "C++", 34, 0, 0, 0, 0, 0, 0, 0, 0, 0, 0, 0, 0, 0, 0, 0, 0, 0, 0, 0, 0, 0, 0, 0, 0, 0, 0, 38, 17, 89
"/home/morit/Studium/Master/Forschungsprojekt/nextpnr/3rdparty/QtPropertyBrowser/src/qteditorfactory.cpp", "C++", 1792, 0, 0, 0, 0, 0, 0, 0, 0, 0, 0, 0, 0, 0, 0, 0, 0, 0, 0, 0, 0, 0, 0, 0, 0, 0, 0, 500, 309, 2601
"/home/morit/Studium/Master/Forschungsprojekt/nextpnr/3rdparty/QtPropertyBrowser/src/qteditorfactory.h", "C++", 326, 0, 0, 0, 0, 0, 0, 0, 0, 0, 0, 0, 0, 0, 0, 0, 0, 0, 0, 0, 0, 0, 0, 0, 0, 0, 0, 38, 37, 401
"/home/morit/Studium/Master/Forschungsprojekt/nextpnr/3rdparty/QtPropertyBrowser/src/qtgroupboxpropertybrowser.cpp", "C++", 393, 0, 0, 0, 0, 0, 0, 0, 0, 0, 0, 0, 0, 0, 0, 0, 0, 0, 0, 0, 0, 0, 0, 0, 0, 0, 0, 90, 54, 537
"/home/morit/Studium/Master/Forschungsprojekt/nextpnr/3rdparty/QtPropertyBrowser/src/qtgroupboxpropertybrowser.h", "C++", 28, 0, 0, 0, 0, 0, 0, 0, 0, 0, 0, 0, 0, 0, 0, 0, 0, 0, 0, 0, 0, 0, 0, 0, 0, 0, 0, 38, 14, 80
"/home/morit/Studium/Master/Forschungsprojekt/nextpnr/3rdparty/QtPropertyBrowser/src/qtpropertybrowser.cpp", "C++", 783, 0, 0, 0, 0, 0, 0, 0, 0, 0, 0, 0, 0, 0, 0, 0, 0, 0, 0, 0, 0, 0, 0, 0, 0, 0, 0, 1080, 201, 2064
"/home/morit/Studium/Master/Forschungsprojekt/nextpnr/3rdparty/QtPropertyBrowser/src/qtpropertybrowser.h", "C++", 253, 0, 0, 0, 0, 0, 0, 0, 0, 0, 0, 0, 0, 0, 0, 0, 0, 0, 0, 0, 0, 0, 0, 0, 0, 0, 0, 39, 48, 340
"/home/morit/Studium/Master/Forschungsprojekt/nextpnr/3rdparty/QtPropertyBrowser/src/qtpropertybrowserutils.cpp", "C++", 360, 0, 0, 0, 0, 0, 0, 0, 0, 0, 0, 0, 0, 0, 0, 0, 0, 0, 0, 0, 0, 0, 0, 0, 0, 0, 0, 38, 51, 449
"/home/morit/Studium/Master/Forschungsprojekt/nextpnr/3rdparty/QtPropertyBrowser/src/qtpropertybrowserutils_p.h", "C++", 92, 0, 0, 0, 0, 0, 0, 0, 0, 0, 0, 0, 0, 0, 0, 0, 0, 0, 0, 0, 0, 0, 0, 0, 0, 0, 0, 48, 23, 163
"/home/morit/Studium/Master/Forschungsprojekt/nextpnr/3rdparty/QtPropertyBrowser/src/qtpropertymanager.cpp", "C++", 3503, 0, 0, 0, 0, 0, 0, 0, 0, 0, 0, 0, 0, 0, 0, 0, 0, 0, 0, 0, 0, 0, 0, 0, 0, 0, 0, 2130, 806, 6439
"/home/morit/Studium/Master/Forschungsprojekt/nextpnr/3rdparty/QtPropertyBrowser/src/qtpropertymanager.h", "C++", 602, 0, 0, 0, 0, 0, 0, 0, 0, 0, 0, 0, 0, 0, 0, 0, 0, 0, 0, 0, 0, 0, 0, 0, 0, 0, 0, 38, 110, 750
"/home/morit/Studium/Master/Forschungsprojekt/nextpnr/3rdparty/QtPropertyBrowser/src/qttreepropertybrowser.cpp", "C++", 777, 0, 0, 0, 0, 0, 0, 0, 0, 0, 0, 0, 0, 0, 0, 0, 0, 0, 0, 0, 0, 0, 0, 0, 0, 0, 0, 204, 145, 1126
"/home/morit/Studium/Master/Forschungsprojekt/nextpnr/3rdparty/QtPropertyBrowser/src/qttreepropertybrowser.h", "C++", 76, 0, 0, 0, 0, 0, 0, 0, 0, 0, 0, 0, 0, 0, 0, 0, 0, 0, 0, 0, 0, 0, 0, 0, 0, 0, 0, 39, 28, 143
"/home/morit/Studium/Master/Forschungsprojekt/nextpnr/3rdparty/QtPropertyBrowser/src/qtvariantproperty.cpp", "C++", 1507, 0, 0, 0, 0, 0, 0, 0, 0, 0, 0, 0, 0, 0, 0, 0, 0, 0, 0, 0, 0, 0, 0, 0, 0, 0, 0, 644, 213, 2364
"/home/morit/Studium/Master/Forschungsprojekt/nextpnr/3rdparty/QtPropertyBrowser/src/qtvariantproperty.h", "C++", 130, 0, 0, 0, 0, 0, 0, 0, 0, 0, 0, 0, 0, 0, 0, 0, 0, 0, 0, 0, 0, 0, 0, 0, 0, 0, 0, 38, 23, 191
"/home/morit/Studium/Master/Forschungsprojekt/nextpnr/3rdparty/corrosion/.github/FUNDING.yml", "YAML", 0, 0, 0, 0, 0, 0, 0, 0, 1, 0, 0, 0, 0, 0, 0, 0, 0, 0, 0, 0, 0, 0, 0, 0, 0, 0, 0, 0, 1, 2
"/home/morit/Studium/Master/Forschungsprojekt/nextpnr/3rdparty/corrosion/.github/ISSUE_TEMPLATE/bug_report.yml", "YAML", 0, 0, 0, 0, 0, 0, 0, 0, 77, 0, 0, 0, 0, 0, 0, 0, 0, 0, 0, 0, 0, 0, 0, 0, 0, 0, 0, 0, 5, 82
"/home/morit/Studium/Master/Forschungsprojekt/nextpnr/3rdparty/corrosion/.github/actions/setup_test/action.yaml", "YAML", 0, 0, 0, 0, 0, 0, 0, 0, 179, 0, 0, 0, 0, 0, 0, 0, 0, 0, 0, 0, 0, 0, 0, 0, 0, 0, 0, 4, 2, 185
"/home/morit/Studium/Master/Forschungsprojekt/nextpnr/3rdparty/corrosion/.github/scripts/determine_compiler.sh", "Shell Script", 0, 0, 0, 0, 0, 0, 0, 54, 0, 0, 0, 0, 0, 0, 0, 0, 0, 0, 0, 0, 0, 0, 0, 0, 0, 0, 0, 1, 5, 60
"/home/morit/Studium/Master/Forschungsprojekt/nextpnr/3rdparty/corrosion/.github/workflows/gh-pages.yaml", "YAML", 0, 0, 0, 0, 0, 0, 0, 0, 54, 0, 0, 0, 0, 0, 0, 0, 0, 0, 0, 0, 0, 0, 0, 0, 0, 0, 0, 5, 4, 63
"/home/morit/Studium/Master/Forschungsprojekt/nextpnr/3rdparty/corrosion/.github/workflows/test.yaml", "YAML", 0, 0, 0, 0, 0, 0, 0, 0, 327, 0, 0, 0, 0, 0, 0, 0, 0, 0, 0, 0, 0, 0, 0, 0, 0, 0, 0, 15, 15, 357
"/home/morit/Studium/Master/Forschungsprojekt/nextpnr/3rdparty/corrosion/.github/workflows/test_legacy.yaml", "YAML", 0, 0, 0, 0, 0, 0, 0, 0, 78, 0, 0, 0, 0, 0, 0, 0, 0, 0, 0, 0, 0, 0, 0, 0, 0, 0, 0, 0, 2, 80
"/home/morit/Studium/Master/Forschungsprojekt/nextpnr/3rdparty/corrosion/CMakeLists.txt", "CMake", 0, 116, 0, 0, 0, 0, 0, 0, 0, 0, 0, 0, 0, 0, 0, 0, 0, 0, 0, 0, 0, 0, 0, 0, 0, 0, 0, 0, 20, 136
"/home/morit/Studium/Master/Forschungsprojekt/nextpnr/3rdparty/corrosion/README.md", "Markdown", 0, 0, 31, 0, 0, 0, 0, 0, 0, 0, 0, 0, 0, 0, 0, 0, 0, 0, 0, 0, 0, 0, 0, 0, 0, 0, 0, 0, 10, 41
"/home/morit/Studium/Master/Forschungsprojekt/nextpnr/3rdparty/corrosion/RELEASES.md", "Markdown", 0, 0, 337, 0, 0, 0, 0, 0, 0, 0, 0, 0, 0, 0, 0, 0, 0, 0, 0, 0, 0, 0, 0, 0, 0, 0, 0, 0, 129, 466
"/home/morit/Studium/Master/Forschungsprojekt/nextpnr/3rdparty/corrosion/cmake/Corrosion.cmake", "CMake", 0, 1664, 0, 0, 0, 0, 0, 0, 0, 0, 0, 0, 0, 0, 0, 0, 0, 0, 0, 0, 0, 0, 0, 0, 0, 0, 0, 0, 247, 1911
"/home/morit/Studium/Master/Forschungsprojekt/nextpnr/3rdparty/corrosion/cmake/CorrosionGenerator.cmake", "CMake", 0, 275, 0, 0, 0, 0, 0, 0, 0, 0, 0, 0, 0, 0, 0, 0, 0, 0, 0, 0, 0, 0, 0, 0, 0, 0, 0, 0, 39, 314
"/home/morit/Studium/Master/Forschungsprojekt/nextpnr/3rdparty/corrosion/cmake/FindRust.cmake", "CMake", 0, 757, 0, 0, 0, 0, 0, 0, 0, 0, 0, 0, 0, 0, 0, 0, 0, 0, 0, 0, 0, 0, 0, 0, 0, 0, 0, 0, 77, 834
"/home/morit/Studium/Master/Forschungsprojekt/nextpnr/3rdparty/corrosion/doc/src/SUMMARY.md", "Markdown", 0, 0, 8, 0, 0, 0, 0, 0, 0, 0, 0, 0, 0, 0, 0, 0, 0, 0, 0, 0, 0, 0, 0, 0, 0, 0, 0, 0, 2, 10
"/home/morit/Studium/Master/Forschungsprojekt/nextpnr/3rdparty/corrosion/doc/src/advanced.md", "Markdown", 0, 0, 76, 0, 0, 0, 0, 0, 0, 0, 0, 0, 0, 0, 0, 0, 0, 0, 0, 0, 0, 0, 0, 0, 0, 0, 0, 0, 24, 100
"/home/morit/Studium/Master/Forschungsprojekt/nextpnr/3rdparty/corrosion/doc/src/common_issues.md", "Markdown", 0, 0, 64, 0, 0, 0, 0, 0, 0, 0, 0, 0, 0, 0, 0, 0, 0, 0, 0, 0, 0, 0, 0, 0, 0, 0, 0, 0, 25, 89
"/home/morit/Studium/Master/Forschungsprojekt/nextpnr/3rdparty/corrosion/doc/src/ffi_bindings.md", "Markdown", 0, 0, 28, 0, 0, 0, 0, 0, 0, 0, 0, 0, 0, 0, 0, 0, 0, 0, 0, 0, 0, 0, 0, 0, 0, 0, 0, 0, 16, 44
"/home/morit/Studium/Master/Forschungsprojekt/nextpnr/3rdparty/corrosion/doc/src/introduction.md", "Markdown", 0, 0, 13, 0, 0, 0, 0, 0, 0, 0, 0, 0, 0, 0, 0, 0, 0, 0, 0, 0, 0, 0, 0, 0, 0, 0, 0, 0, 6, 19
"/home/morit/Studium/Master/Forschungsprojekt/nextpnr/3rdparty/corrosion/doc/src/quick_start.md", "Markdown", 0, 0, 28, 0, 0, 0, 0, 0, 0, 0, 0, 0, 0, 0, 0, 0, 0, 0, 0, 0, 0, 0, 0, 0, 0, 0, 0, 0, 9, 37
"/home/morit/Studium/Master/Forschungsprojekt/nextpnr/3rdparty/corrosion/doc/src/setup_corrosion.md", "Markdown", 0, 0, 71, 0, 0, 0, 0, 0, 0, 0, 0, 0, 0, 0, 0, 0, 0, 0, 0, 0, 0, 0, 0, 0, 0, 0, 0, 0, 19, 90
"/home/morit/Studium/Master/Forschungsprojekt/nextpnr/3rdparty/corrosion/doc/src/usage.md", "Markdown", 0, 0, 258, 0, 0, 0, 0, 0, 0, 0, 0, 0, 0, 0, 0, 0, 0, 0, 0, 0, 0, 0, 0, 0, 0, 0, 0, 0, 63, 321
"/home/morit/Studium/Master/Forschungsprojekt/nextpnr/3rdparty/corrosion/generator/CMakeLists.txt", "CMake", 0, 57, 0, 0, 0, 0, 0, 0, 0, 0, 0, 0, 0, 0, 0, 0, 0, 0, 0, 0, 0, 0, 0, 0, 0, 0, 0, 0, 8, 65
"/home/morit/Studium/Master/Forschungsprojekt/nextpnr/3rdparty/corrosion/generator/src/main.rs", "Rust", 0, 0, 0, 0, 0, 0, 80, 0, 0, 0, 0, 0, 0, 0, 0, 0, 0, 0, 0, 0, 0, 0, 0, 0, 0, 0, 0, 2, 14, 96
"/home/morit/Studium/Master/Forschungsprojekt/nextpnr/3rdparty/corrosion/generator/src/subcommands/gen_cmake.rs", "Rust", 0, 0, 0, 0, 0, 0, 145, 0, 0, 0, 0, 0, 0, 0, 0, 0, 0, 0, 0, 0, 0, 0, 0, 0, 0, 0, 0, 3, 13, 161
"/home/morit/Studium/Master/Forschungsprojekt/nextpnr/3rdparty/corrosion/generator/src/subcommands/gen_cmake/target.rs", "Rust", 0, 0, 0, 0, 0, 0, 210, 0, 0, 0, 0, 0, 0, 0, 0, 0, 0, 0, 0, 0, 0, 0, 0, 0, 0, 0, 0, 3, 14, 227
"/home/morit/Studium/Master/Forschungsprojekt/nextpnr/3rdparty/corrosion/test/CMakeLists.txt", "CMake", 0, 167, 0, 0, 0, 0, 0, 0, 0, 0, 0, 0, 0, 0, 0, 0, 0, 0, 0, 0, 0, 0, 0, 0, 0, 0, 0, 0, 17, 184
"/home/morit/Studium/Master/Forschungsprojekt/nextpnr/3rdparty/corrosion/test/ConfigureAndBuild.cmake", "CMake", 0, 102, 0, 0, 0, 0, 0, 0, 0, 0, 0, 0, 0, 0, 0, 0, 0, 0, 0, 0, 0, 0, 0, 0, 0, 0, 0, 0, 13, 115
"/home/morit/Studium/Master/Forschungsprojekt/nextpnr/3rdparty/corrosion/test/README.md", "Markdown", 0, 0, 6, 0, 0, 0, 0, 0, 0, 0, 0, 0, 0, 0, 0, 0, 0, 0, 0, 0, 0, 0, 0, 0, 0, 0, 0, 0, 1, 7
"/home/morit/Studium/Master/Forschungsprojekt/nextpnr/3rdparty/corrosion/test/cargo_flags/CMakeLists.txt", "CMake", 0, 2, 0, 0, 0, 0, 0, 0, 0, 0, 0, 0, 0, 0, 0, 0, 0, 0, 0, 0, 0, 0, 0, 0, 0, 0, 0, 0, 2, 4
"/home/morit/Studium/Master/Forschungsprojekt/nextpnr/3rdparty/corrosion/test/cargo_flags/cargo_flags/CMakeLists.txt", "CMake", 0, 13, 0, 0, 0, 0, 0, 0, 0, 0, 0, 0, 0, 0, 0, 0, 0, 0, 0, 0, 0, 0, 0, 0, 0, 0, 0, 0, 4, 17
"/home/morit/Studium/Master/Forschungsprojekt/nextpnr/3rdparty/corrosion/test/cargo_flags/cargo_flags/main.cpp", "C++", 4, 0, 0, 0, 0, 0, 0, 0, 0, 0, 0, 0, 0, 0, 0, 0, 0, 0, 0, 0, 0, 0, 0, 0, 0, 0, 0, 0, 3, 7
"/home/morit/Studium/Master/Forschungsprojekt/nextpnr/3rdparty/corrosion/test/cargo_flags/cargo_flags/rust/src/lib.rs", "Rust", 0, 0, 0, 0, 0, 0, 12, 0, 0, 0, 0, 0, 0, 0, 0, 0, 0, 0, 0, 0, 0, 0, 0, 0, 0, 0, 0, 0, 3, 15
"/home/morit/Studium/Master/Forschungsprojekt/nextpnr/3rdparty/corrosion/test/cbindgen/CMakeLists.txt", "CMake", 0, 8, 0, 0, 0, 0, 0, 0, 0, 0, 0, 0, 0, 0, 0, 0, 0, 0, 0, 0, 0, 0, 0, 0, 0, 0, 0, 0, 2, 10
"/home/morit/Studium/Master/Forschungsprojekt/nextpnr/3rdparty/corrosion/test/cbindgen/rust2cpp/CMakeLists.txt", "CMake", 0, 8, 0, 0, 0, 0, 0, 0, 0, 0, 0, 0, 0, 0, 0, 0, 0, 0, 0, 0, 0, 0, 0, 0, 0, 0, 0, 0, 3, 11
"/home/morit/Studium/Master/Forschungsprojekt/nextpnr/3rdparty/corrosion/test/cbindgen/rust2cpp/main.cpp", "C++", 18, 0, 0, 0, 0, 0, 0, 0, 0, 0, 0, 0, 0, 0, 0, 0, 0, 0, 0, 0, 0, 0, 0, 0, 0, 0, 0, 0, 2, 20
"/home/morit/Studium/Master/Forschungsprojekt/nextpnr/3rdparty/corrosion/test/cbindgen/rust2cpp/rust/src/lib.rs", "Rust", 0, 0, 0, 0, 0, 0, 24, 0, 0, 0, 0, 0, 0, 0, 0, 0, 0, 0, 0, 0, 0, 0, 0, 0, 0, 0, 0, 2, 5, 31
"/home/morit/Studium/Master/Forschungsprojekt/nextpnr/3rdparty/corrosion/test/cpp2rust/CMakeLists.txt", "CMake", 0, 4, 0, 0, 0, 0, 0, 0, 0, 0, 0, 0, 0, 0, 0, 0, 0, 0, 0, 0, 0, 0, 0, 0, 0, 0, 0, 0, 2, 6
"/home/morit/Studium/Master/Forschungsprojekt/nextpnr/3rdparty/corrosion/test/cpp2rust/cpp2rust/CMakeLists.txt", "CMake", 0, 27, 0, 0, 0, 0, 0, 0, 0, 0, 0, 0, 0, 0, 0, 0, 0, 0, 0, 0, 0, 0, 0, 0, 0, 0, 0, 0, 6, 33
"/home/morit/Studium/Master/Forschungsprojekt/nextpnr/3rdparty/corrosion/test/cpp2rust/cpp2rust/lib.cpp", "C++", 4, 0, 0, 0, 0, 0, 0, 0, 0, 0, 0, 0, 0, 0, 0, 0, 0, 0, 0, 0, 0, 0, 0, 0, 0, 0, 0, 0, 2, 6
"/home/morit/Studium/Master/Forschungsprojekt/nextpnr/3rdparty/corrosion/test/cpp2rust/cpp2rust/lib2.cpp", "C++", 9, 0, 0, 0, 0, 0, 0, 0, 0, 0, 0, 0, 0, 0, 0, 0, 0, 0, 0, 0, 0, 0, 0, 0, 0, 0, 0, 0, 3, 12
"/home/morit/Studium/Master/Forschungsprojekt/nextpnr/3rdparty/corrosion/test/cpp2rust/cpp2rust/path with space/lib3.cpp", "C++", 4, 0, 0, 0, 0, 0, 0, 0, 0, 0, 0, 0, 0, 0, 0, 0, 0, 0, 0, 0, 0, 0, 0, 0, 0, 0, 0, 1, 4, 9
"/home/morit/Studium/Master/Forschungsprojekt/nextpnr/3rdparty/corrosion/test/cpp2rust/cpp2rust/rust/rust_dependency/src/lib.rs", "Rust", 0, 0, 0, 0, 0, 0, 7, 0, 0, 0, 0, 0, 0, 0, 0, 0, 0, 0, 0, 0, 0, 0, 0, 0, 0, 0, 0, 0, 2, 9
"/home/morit/Studium/Master/Forschungsprojekt/nextpnr/3rdparty/corrosion/test/cpp2rust/cpp2rust/rust/src/bin/rust-exe.rs", "Rust", 0, 0, 0, 0, 0, 0, 23, 0, 0, 0, 0, 0, 0, 0, 0, 0, 0, 0, 0, 0, 0, 0, 0, 0, 0, 0, 0, 0, 5, 28
"/home/morit/Studium/Master/Forschungsprojekt/nextpnr/3rdparty/corrosion/test/crate_type/CMakeLists.txt", "CMake", 0, 4, 0, 0, 0, 0, 0, 0, 0, 0, 0, 0, 0, 0, 0, 0, 0, 0, 0, 0, 0, 0, 0, 0, 0, 0, 0, 0, 3, 7
"/home/morit/Studium/Master/Forschungsprojekt/nextpnr/3rdparty/corrosion/test/crate_type/crate_type/CMakeLists.txt", "CMake", 0, 9, 0, 0, 0, 0, 0, 0, 0, 0, 0, 0, 0, 0, 0, 0, 0, 0, 0, 0, 0, 0, 0, 0, 0, 0, 0, 0, 3, 12
"/home/morit/Studium/Master/Forschungsprojekt/nextpnr/3rdparty/corrosion/test/crate_type/crate_type/main.cpp", "C++", 7, 0, 0, 0, 0, 0, 0, 0, 0, 0, 0, 0, 0, 0, 0, 0, 0, 0, 0, 0, 0, 0, 0, 0, 0, 0, 0, 0, 2, 9
"/home/morit/Studium/Master/Forschungsprojekt/nextpnr/3rdparty/corrosion/test/crate_type/crate_type/proj1/src/lib.rs", "Rust", 0, 0, 0, 0, 0, 0, 4, 0, 0, 0, 0, 0, 0, 0, 0, 0, 0, 0, 0, 0, 0, 0, 0, 0, 0, 0, 0, 0, 1, 5
"/home/morit/Studium/Master/Forschungsprojekt/nextpnr/3rdparty/corrosion/test/crate_type/crate_type/proj2/src/lib.rs", "Rust", 0, 0, 0, 0, 0, 0, 4, 0, 0, 0, 0, 0, 0, 0, 0, 0, 0, 0, 0, 0, 0, 0, 0, 0, 0, 0, 0, 0, 1, 5
"/home/morit/Studium/Master/Forschungsprojekt/nextpnr/3rdparty/corrosion/test/custom_profiles/CMakeLists.txt", "CMake", 0, 24, 0, 0, 0, 0, 0, 0, 0, 0, 0, 0, 0, 0, 0, 0, 0, 0, 0, 0, 0, 0, 0, 0, 0, 0, 0, 0, 4, 28
"/home/morit/Studium/Master/Forschungsprojekt/nextpnr/3rdparty/corrosion/test/custom_profiles/basic_profiles/CMakeLists.txt", "CMake", 0, 9, 0, 0, 0, 0, 0, 0, 0, 0, 0, 0, 0, 0, 0, 0, 0, 0, 0, 0, 0, 0, 0, 0, 0, 0, 0, 0, 4, 13
"/home/morit/Studium/Master/Forschungsprojekt/nextpnr/3rdparty/corrosion/test/custom_profiles/basic_profiles/main.cpp", "C++", 4, 0, 0, 0, 0, 0, 0, 0, 0, 0, 0, 0, 0, 0, 0, 0, 0, 0, 0, 0, 0, 0, 0, 0, 0, 0, 0, 0, 3, 7
"/home/morit/Studium/Master/Forschungsprojekt/nextpnr/3rdparty/corrosion/test/custom_profiles/basic_profiles/rust/src/lib.rs", "Rust", 0, 0, 0, 0, 0, 0, 6, 0, 0, 0, 0, 0, 0, 0, 0, 0, 0, 0, 0, 0, 0, 0, 0, 0, 0, 0, 0, 0, 3, 9
"/home/morit/Studium/Master/Forschungsprojekt/nextpnr/3rdparty/corrosion/test/custom_profiles/custom_profiles/CMakeLists.txt", "CMake", 0, 17, 0, 0, 0, 0, 0, 0, 0, 0, 0, 0, 0, 0, 0, 0, 0, 0, 0, 0, 0, 0, 0, 0, 0, 0, 0, 0, 4, 21
"/home/morit/Studium/Master/Forschungsprojekt/nextpnr/3rdparty/corrosion/test/custom_profiles/custom_profiles/main.cpp", "C++", 4, 0, 0, 0, 0, 0, 0, 0, 0, 0, 0, 0, 0, 0, 0, 0, 0, 0, 0, 0, 0, 0, 0, 0, 0, 0, 0, 0, 3, 7
"/home/morit/Studium/Master/Forschungsprojekt/nextpnr/3rdparty/corrosion/test/custom_profiles/custom_profiles/rust/src/lib.rs", "Rust", 0, 0, 0, 0, 0, 0, 8, 0, 0, 0, 0, 0, 0, 0, 0, 0, 0, 0, 0, 0, 0, 0, 0, 0, 0, 0, 0, 0, 4, 12
"/home/morit/Studium/Master/Forschungsprojekt/nextpnr/3rdparty/corrosion/test/cxxbridge/CMakeLists.txt", "CMake", 0, 19, 0, 0, 0, 0, 0, 0, 0, 0, 0, 0, 0, 0, 0, 0, 0, 0, 0, 0, 0, 0, 0, 0, 0, 0, 0, 0, 2, 21
"/home/morit/Studium/Master/Forschungsprojekt/nextpnr/3rdparty/corrosion/test/cxxbridge/cxxbridge_cpp2rust/CMakeLists.txt", "CMake", 0, 35, 0, 0, 0, 0, 0, 0, 0, 0, 0, 0, 0, 0, 0, 0, 0, 0, 0, 0, 0, 0, 0, 0, 0, 0, 0, 0, 5, 40
"/home/morit/Studium/Master/Forschungsprojekt/nextpnr/3rdparty/corrosion/test/cxxbridge/cxxbridge_cpp2rust/cpplib.cpp", "C++", 13, 0, 0, 0, 0, 0, 0, 0, 0, 0, 0, 0, 0, 0, 0, 0, 0, 0, 0, 0, 0, 0, 0, 0, 0, 0, 0, 0, 3, 16
"/home/morit/Studium/Master/Forschungsprojekt/nextpnr/3rdparty/corrosion/test/cxxbridge/cxxbridge_cpp2rust/include/cpplib.h", "C++", 4, 0, 0, 0, 0, 0, 0, 0, 0, 0, 0, 0, 0, 0, 0, 0, 0, 0, 0, 0, 0, 0, 0, 0, 0, 0, 0, 0, 2, 6
"/home/morit/Studium/Master/Forschungsprojekt/nextpnr/3rdparty/corrosion/test/cxxbridge/cxxbridge_cpp2rust/rust/src/lib.rs", "Rust", 0, 0, 0, 0, 0, 0, 25, 0, 0, 0, 0, 0, 0, 0, 0, 0, 0, 0, 0, 0, 0, 0, 0, 0, 0, 0, 0, 0, 1, 26
"/home/morit/Studium/Master/Forschungsprojekt/nextpnr/3rdparty/corrosion/test/cxxbridge/cxxbridge_cpp2rust/rust/src/main.rs", "Rust", 0, 0, 0, 0, 0, 0, 13, 0, 0, 0, 0, 0, 0, 0, 0, 0, 0, 0, 0, 0, 0, 0, 0, 0, 0, 0, 0, 0, 1, 14
"/home/morit/Studium/Master/Forschungsprojekt/nextpnr/3rdparty/corrosion/test/cxxbridge/cxxbridge_rust2cpp/CMakeLists.txt", "CMake", 0, 13, 0, 0, 0, 0, 0, 0, 0, 0, 0, 0, 0, 0, 0, 0, 0, 0, 0, 0, 0, 0, 0, 0, 0, 0, 0, 0, 4, 17
"/home/morit/Studium/Master/Forschungsprojekt/nextpnr/3rdparty/corrosion/test/cxxbridge/cxxbridge_rust2cpp/main.cpp", "C++", 10, 0, 0, 0, 0, 0, 0, 0, 0, 0, 0, 0, 0, 0, 0, 0, 0, 0, 0, 0, 0, 0, 0, 0, 0, 0, 0, 0, 2, 12
"/home/morit/Studium/Master/Forschungsprojekt/nextpnr/3rdparty/corrosion/test/cxxbridge/cxxbridge_rust2cpp/rust/src/foo/mod.rs", "Rust", 0, 0, 0, 0, 0, 0, 9, 0, 0, 0, 0, 0, 0, 0, 0, 0, 0, 0, 0, 0, 0, 0, 0, 0, 0, 0, 0, 0, 2, 11
"/home/morit/Studium/Master/Forschungsprojekt/nextpnr/3rdparty/corrosion/test/cxxbridge/cxxbridge_rust2cpp/rust/src/lib.rs", "Rust", 0, 0, 0, 0, 0, 0, 10, 0, 0, 0, 0, 0, 0, 0, 0, 0, 0, 0, 0, 0, 0, 0, 0, 0, 0, 0, 0, 0, 3, 13
"/home/morit/Studium/Master/Forschungsprojekt/nextpnr/3rdparty/corrosion/test/envvar/CMakeLists.txt", "CMake", 0, 4, 0, 0, 0, 0, 0, 0, 0, 0, 0, 0, 0, 0, 0, 0, 0, 0, 0, 0, 0, 0, 0, 0, 0, 0, 0, 0, 2, 6
"/home/morit/Studium/Master/Forschungsprojekt/nextpnr/3rdparty/corrosion/test/envvar/envvar/CMakeLists.txt", "CMake", 0, 18, 0, 0, 0, 0, 0, 0, 0, 0, 0, 0, 0, 0, 0, 0, 0, 0, 0, 0, 0, 0, 0, 0, 0, 0, 0, 0, 6, 24
"/home/morit/Studium/Master/Forschungsprojekt/nextpnr/3rdparty/corrosion/test/envvar/envvar/main.cpp", "C++", 4, 0, 0, 0, 0, 0, 0, 0, 0, 0, 0, 0, 0, 0, 0, 0, 0, 0, 0, 0, 0, 0, 0, 0, 0, 0, 0, 0, 2, 6
"/home/morit/Studium/Master/Forschungsprojekt/nextpnr/3rdparty/corrosion/test/envvar/envvar/src/lib.rs", "Rust", 0, 0, 0, 0, 0, 0, 7, 0, 0, 0, 0, 0, 0, 0, 0, 0, 0, 0, 0, 0, 0, 0, 0, 0, 0, 0, 0, 0, 1, 8
"/home/morit/Studium/Master/Forschungsprojekt/nextpnr/3rdparty/corrosion/test/external_corrosion_generator/CMakeLists.txt", "CMake", 0, 14, 0, 0, 0, 0, 0, 0, 0, 0, 0, 0, 0, 0, 0, 0, 0, 0, 0, 0, 0, 0, 0, 0, 0, 0, 0, 0, 0, 14
"/home/morit/Studium/Master/Forschungsprojekt/nextpnr/3rdparty/corrosion/test/external_corrosion_generator/ExternalCorrosionGenerator/CMakeLists.txt", "CMake", 0, 15, 0, 0, 0, 0, 0, 0, 0, 0, 0, 0, 0, 0, 0, 0, 0, 0, 0, 0, 0, 0, 0, 0, 0, 0, 0, 0, 4, 19
"/home/morit/Studium/Master/Forschungsprojekt/nextpnr/3rdparty/corrosion/test/external_corrosion_generator/ExternalCorrosionGenerator/Test.cmake", "CMake", 0, 12, 0, 0, 0, 0, 0, 0, 0, 0, 0, 0, 0, 0, 0, 0, 0, 0, 0, 0, 0, 0, 0, 0, 0, 0, 0, 0, 3, 15
"/home/morit/Studium/Master/Forschungsprojekt/nextpnr/3rdparty/corrosion/test/features/CMakeLists.txt", "CMake", 0, 4, 0, 0, 0, 0, 0, 0, 0, 0, 0, 0, 0, 0, 0, 0, 0, 0, 0, 0, 0, 0, 0, 0, 0, 0, 0, 0, 2, 6
"/home/morit/Studium/Master/Forschungsprojekt/nextpnr/3rdparty/corrosion/test/features/features/CMakeLists.txt", "CMake", 0, 22, 0, 0, 0, 0, 0, 0, 0, 0, 0, 0, 0, 0, 0, 0, 0, 0, 0, 0, 0, 0, 0, 0, 0, 0, 0, 0, 6, 28
"/home/morit/Studium/Master/Forschungsprojekt/nextpnr/3rdparty/corrosion/test/features/features/main.cpp", "C++", 12, 0, 0, 0, 0, 0, 0, 0, 0, 0, 0, 0, 0, 0, 0, 0, 0, 0, 0, 0, 0, 0, 0, 0, 0, 0, 0, 0, 2, 14
"/home/morit/Studium/Master/Forschungsprojekt/nextpnr/3rdparty/corrosion/test/features/features/rust/src/lib.rs", "Rust", 0, 0, 0, 0, 0, 0, 22, 0, 0, 0, 0, 0, 0, 0, 0, 0, 0, 0, 0, 0, 0, 0, 0, 0, 0, 0, 0, 0, 5, 27
"/home/morit/Studium/Master/Forschungsprojekt/nextpnr/3rdparty/corrosion/test/find_rust/CMakeLists.txt", "CMake", 0, 2, 0, 0, 0, 0, 0, 0, 0, 0, 0, 0, 0, 0, 0, 0, 0, 0, 0, 0, 0, 0, 0, 0, 0, 0, 0, 0, 2, 4
"/home/morit/Studium/Master/Forschungsprojekt/nextpnr/3rdparty/corrosion/test/find_rust/find_rust/CMakeLists.txt", "CMake", 0, 6, 0, 0, 0, 0, 0, 0, 0, 0, 0, 0, 0, 0, 0, 0, 0, 0, 0, 0, 0, 0, 0, 0, 0, 0, 0, 0, 4, 10
"/home/morit/Studium/Master/Forschungsprojekt/nextpnr/3rdparty/corrosion/test/find_rust/rustup_proxy/CMakeLists.txt", "CMake", 0, 37, 0, 0, 0, 0, 0, 0, 0, 0, 0, 0, 0, 0, 0, 0, 0, 0, 0, 0, 0, 0, 0, 0, 0, 0, 0, 0, 11, 48
"/home/morit/Studium/Master/Forschungsprojekt/nextpnr/3rdparty/corrosion/test/gensource/CMakeLists.txt", "CMake", 0, 4, 0, 0, 0, 0, 0, 0, 0, 0, 0, 0, 0, 0, 0, 0, 0, 0, 0, 0, 0, 0, 0, 0, 0, 0, 0, 0, 1, 5
"/home/morit/Studium/Master/Forschungsprojekt/nextpnr/3rdparty/corrosion/test/gensource/gensource/CMakeLists.txt", "CMake", 0, 18, 0, 0, 0, 0, 0, 0, 0, 0, 0, 0, 0, 0, 0, 0, 0, 0, 0, 0, 0, 0, 0, 0, 0, 0, 0, 0, 6, 24
"/home/morit/Studium/Master/Forschungsprojekt/nextpnr/3rdparty/corrosion/test/gensource/gensource/generator/CMakeLists.txt", "CMake", 0, 2, 0, 0, 0, 0, 0, 0, 0, 0, 0, 0, 0, 0, 0, 0, 0, 0, 0, 0, 0, 0, 0, 0, 0, 0, 0, 0, 1, 3
"/home/morit/Studium/Master/Forschungsprojekt/nextpnr/3rdparty/corrosion/test/gensource/gensource/generator/src/main.rs", "Rust", 0, 0, 0, 0, 0, 0, 6, 0, 0, 0, 0, 0, 0, 0, 0, 0, 0, 0, 0, 0, 0, 0, 0, 0, 0, 0, 0, 0, 1, 7
"/home/morit/Studium/Master/Forschungsprojekt/nextpnr/3rdparty/corrosion/test/gensource/gensource/src/lib.rs", "Rust", 0, 0, 0, 0, 0, 0, 9, 0, 0, 0, 0, 0, 0, 0, 0, 0, 0, 0, 0, 0, 0, 0, 0, 0, 0, 0, 0, 0, 2, 11
"/home/morit/Studium/Master/Forschungsprojekt/nextpnr/3rdparty/corrosion/test/hostbuild/CMakeLists.txt", "CMake", 0, 10, 0, 0, 0, 0, 0, 0, 0, 0, 0, 0, 0, 0, 0, 0, 0, 0, 0, 0, 0, 0, 0, 0, 0, 0, 0, 0, 2, 12
"/home/morit/Studium/Master/Forschungsprojekt/nextpnr/3rdparty/corrosion/test/hostbuild/hostbuild/CMakeLists.txt", "CMake", 0, 5, 0, 0, 0, 0, 0, 0, 0, 0, 0, 0, 0, 0, 0, 0, 0, 0, 0, 0, 0, 0, 0, 0, 0, 0, 0, 0, 3, 8
"/home/morit/Studium/Master/Forschungsprojekt/nextpnr/3rdparty/corrosion/test/hostbuild/hostbuild/src/lib.c", "C", 0, 0, 0, 0, 0, 0, 0, 0, 0, 0, 0, 0, 0, 0, 0, 0, 4, 0, 0, 0, 0, 0, 0, 0, 0, 0, 0, 0, 2, 6
"/home/morit/Studium/Master/Forschungsprojekt/nextpnr/3rdparty/corrosion/test/hostbuild/hostbuild/src/main.rs", "Rust", 0, 0, 0, 0, 0, 0, 11, 0, 0, 0, 0, 0, 0, 0, 0, 0, 0, 0, 0, 0, 0, 0, 0, 0, 0, 0, 0, 0, 3, 14
"/home/morit/Studium/Master/Forschungsprojekt/nextpnr/3rdparty/corrosion/test/multitarget/CMakeLists.txt", "CMake", 0, 18, 0, 0, 0, 0, 0, 0, 0, 0, 0, 0, 0, 0, 0, 0, 0, 0, 0, 0, 0, 0, 0, 0, 0, 0, 0, 0, 5, 23
"/home/morit/Studium/Master/Forschungsprojekt/nextpnr/3rdparty/corrosion/test/multitarget/multitarget/CMakeLists.txt", "CMake", 0, 10, 0, 0, 0, 0, 0, 0, 0, 0, 0, 0, 0, 0, 0, 0, 0, 0, 0, 0, 0, 0, 0, 0, 0, 0, 0, 0, 3, 13
"/home/morit/Studium/Master/Forschungsprojekt/nextpnr/3rdparty/corrosion/test/multitarget/multitarget/lib.cpp", "C++", 4, 0, 0, 0, 0, 0, 0, 0, 0, 0, 0, 0, 0, 0, 0, 0, 0, 0, 0, 0, 0, 0, 0, 0, 0, 0, 0, 0, 2, 6
"/home/morit/Studium/Master/Forschungsprojekt/nextpnr/3rdparty/corrosion/test/multitarget/multitarget/src/bin/bin1.rs", "Rust", 0, 0, 0, 0, 0, 0, 7, 0, 0, 0, 0, 0, 0, 0, 0, 0, 0, 0, 0, 0, 0, 0, 0, 0, 0, 0, 0, 0, 2, 9
"/home/morit/Studium/Master/Forschungsprojekt/nextpnr/3rdparty/corrosion/test/multitarget/multitarget/src/bin/bin2.rs", "Rust", 0, 0, 0, 0, 0, 0, 7, 0, 0, 0, 0, 0, 0, 0, 0, 0, 0, 0, 0, 0, 0, 0, 0, 0, 0, 0, 0, 0, 2, 9
"/home/morit/Studium/Master/Forschungsprojekt/nextpnr/3rdparty/corrosion/test/multitarget/multitarget/src/bin/bin3.rs", "Rust", 0, 0, 0, 0, 0, 0, 7, 0, 0, 0, 0, 0, 0, 0, 0, 0, 0, 0, 0, 0, 0, 0, 0, 0, 0, 0, 0, 0, 2, 9
"/home/morit/Studium/Master/Forschungsprojekt/nextpnr/3rdparty/corrosion/test/multitarget/multitarget/src/lib.rs", "Rust", 0, 0, 0, 0, 0, 0, 7, 0, 0, 0, 0, 0, 0, 0, 0, 0, 0, 0, 0, 0, 0, 0, 0, 0, 0, 0, 0, 0, 3, 10
"/home/morit/Studium/Master/Forschungsprojekt/nextpnr/3rdparty/corrosion/test/nostd/CMakeLists.txt", "CMake", 0, 1, 0, 0, 0, 0, 0, 0, 0, 0, 0, 0, 0, 0, 0, 0, 0, 0, 0, 0, 0, 0, 0, 0, 0, 0, 0, 0, 1, 2
"/home/morit/Studium/Master/Forschungsprojekt/nextpnr/3rdparty/corrosion/test/nostd/nostd/CMakeLists.txt", "CMake", 0, 8, 0, 0, 0, 0, 0, 0, 0, 0, 0, 0, 0, 0, 0, 0, 0, 0, 0, 0, 0, 0, 0, 0, 0, 0, 0, 0, 4, 12
"/home/morit/Studium/Master/Forschungsprojekt/nextpnr/3rdparty/corrosion/test/nostd/nostd/main.cpp", "C++", 4, 0, 0, 0, 0, 0, 0, 0, 0, 0, 0, 0, 0, 0, 0, 0, 0, 0, 0, 0, 0, 0, 0, 0, 0, 0, 0, 1, 1, 6
"/home/morit/Studium/Master/Forschungsprojekt/nextpnr/3rdparty/corrosion/test/nostd/nostd/rust/src/lib.rs", "Rust", 0, 0, 0, 0, 0, 0, 8, 0, 0, 0, 0, 0, 0, 0, 0, 0, 0, 0, 0, 0, 0, 0, 0, 0, 0, 0, 0, 0, 2, 10
"/home/morit/Studium/Master/Forschungsprojekt/nextpnr/3rdparty/corrosion/test/output directory/CMakeLists.txt", "CMake", 0, 124, 0, 0, 0, 0, 0, 0, 0, 0, 0, 0, 0, 0, 0, 0, 0, 0, 0, 0, 0, 0, 0, 0, 0, 0, 0, 0, 20, 144
"/home/morit/Studium/Master/Forschungsprojekt/nextpnr/3rdparty/corrosion/test/output directory/TestFileExists.cmake", "CMake", 0, 10, 0, 0, 0, 0, 0, 0, 0, 0, 0, 0, 0, 0, 0, 0, 0, 0, 0, 0, 0, 0, 0, 0, 0, 0, 0, 0, 4, 14
"/home/morit/Studium/Master/Forschungsprojekt/nextpnr/3rdparty/corrosion/test/output directory/output directory/CMakeLists.txt", "CMake", 0, 39, 0, 0, 0, 0, 0, 0, 0, 0, 0, 0, 0, 0, 0, 0, 0, 0, 0, 0, 0, 0, 0, 0, 0, 0, 0, 0, 9, 48
"/home/morit/Studium/Master/Forschungsprojekt/nextpnr/3rdparty/corrosion/test/output directory/output directory/consumer.cpp", "C++", 12, 0, 0, 0, 0, 0, 0, 0, 0, 0, 0, 0, 0, 0, 0, 0, 0, 0, 0, 0, 0, 0, 0, 0, 0, 0, 0, 0, 5, 17
"/home/morit/Studium/Master/Forschungsprojekt/nextpnr/3rdparty/corrosion/test/output directory/output directory/proj1/src/bin/rust_bin1.rs", "Rust", 0, 0, 0, 0, 0, 0, 3, 0, 0, 0, 0, 0, 0, 0, 0, 0, 0, 0, 0, 0, 0, 0, 0, 0, 0, 0, 0, 0, 1, 4
"/home/morit/Studium/Master/Forschungsprojekt/nextpnr/3rdparty/corrosion/test/output directory/output directory/proj1/src/lib.rs", "Rust", 0, 0, 0, 0, 0, 0, 4, 0, 0, 0, 0, 0, 0, 0, 0, 0, 0, 0, 0, 0, 0, 0, 0, 0, 0, 0, 0, 0, 1, 5
"/home/morit/Studium/Master/Forschungsprojekt/nextpnr/3rdparty/corrosion/test/output directory/output directory/proj2/src/bin/rust_bin2.rs", "Rust", 0, 0, 0, 0, 0, 0, 3, 0, 0, 0, 0, 0, 0, 0, 0, 0, 0, 0, 0, 0, 0, 0, 0, 0, 0, 0, 0, 0, 1, 4
"/home/morit/Studium/Master/Forschungsprojekt/nextpnr/3rdparty/corrosion/test/output directory/output directory/proj2/src/lib.rs", "Rust", 0, 0, 0, 0, 0, 0, 4, 0, 0, 0, 0, 0, 0, 0, 0, 0, 0, 0, 0, 0, 0, 0, 0, 0, 0, 0, 0, 0, 1, 5
"/home/morit/Studium/Master/Forschungsprojekt/nextpnr/3rdparty/corrosion/test/parse_target_triple/CMakeLists.txt", "CMake", 0, 8, 0, 0, 0, 0, 0, 0, 0, 0, 0, 0, 0, 0, 0, 0, 0, 0, 0, 0, 0, 0, 0, 0, 0, 0, 0, 0, 2, 10
"/home/morit/Studium/Master/Forschungsprojekt/nextpnr/3rdparty/corrosion/test/parse_target_triple/parse_target_triple/CMakeLists.txt", "CMake", 0, 103, 0, 0, 0, 0, 0, 0, 0, 0, 0, 0, 0, 0, 0, 0, 0, 0, 0, 0, 0, 0, 0, 0, 0, 0, 0, 0, 4, 107
"/home/morit/Studium/Master/Forschungsprojekt/nextpnr/3rdparty/corrosion/test/parse_target_triple/parse_target_triple_should_fail/CMakeLists.txt", "CMake", 0, 5, 0, 0, 0, 0, 0, 0, 0, 0, 0, 0, 0, 0, 0, 0, 0, 0, 0, 0, 0, 0, 0, 0, 0, 0, 0, 0, 2, 7
"/home/morit/Studium/Master/Forschungsprojekt/nextpnr/3rdparty/corrosion/test/rust2cpp/CMakeLists.txt", "CMake", 0, 7, 0, 0, 0, 0, 0, 0, 0, 0, 0, 0, 0, 0, 0, 0, 0, 0, 0, 0, 0, 0, 0, 0, 0, 0, 0, 0, 3, 10
"/home/morit/Studium/Master/Forschungsprojekt/nextpnr/3rdparty/corrosion/test/rust2cpp/rust2cpp/CMakeLists.txt", "CMake", 0, 9, 0, 0, 0, 0, 0, 0, 0, 0, 0, 0, 0, 0, 0, 0, 0, 0, 0, 0, 0, 0, 0, 0, 0, 0, 0, 0, 4, 13
"/home/morit/Studium/Master/Forschungsprojekt/nextpnr/3rdparty/corrosion/test/rust2cpp/rust2cpp/main.cpp", "C++", 8, 0, 0, 0, 0, 0, 0, 0, 0, 0, 0, 0, 0, 0, 0, 0, 0, 0, 0, 0, 0, 0, 0, 0, 0, 0, 0, 0, 2, 10
"/home/morit/Studium/Master/Forschungsprojekt/nextpnr/3rdparty/corrosion/test/rust2cpp/rust2cpp/rust/src/lib.rs", "Rust", 0, 0, 0, 0, 0, 0, 6, 0, 0, 0, 0, 0, 0, 0, 0, 0, 0, 0, 0, 0, 0, 0, 0, 0, 0, 0, 0, 0, 2, 8
"/home/morit/Studium/Master/Forschungsprojekt/nextpnr/3rdparty/corrosion/test/rustflags/CMakeLists.txt", "CMake", 0, 5, 0, 0, 0, 0, 0, 0, 0, 0, 0, 0, 0, 0, 0, 0, 0, 0, 0, 0, 0, 0, 0, 0, 0, 0, 0, 0, 3, 8
"/home/morit/Studium/Master/Forschungsprojekt/nextpnr/3rdparty/corrosion/test/rustflags/cargo_config_rustflags/CMakeLists.txt", "CMake", 0, 8, 0, 0, 0, 0, 0, 0, 0, 0, 0, 0, 0, 0, 0, 0, 0, 0, 0, 0, 0, 0, 0, 0, 0, 0, 0, 0, 4, 12
"/home/morit/Studium/Master/Forschungsprojekt/nextpnr/3rdparty/corrosion/test/rustflags/cargo_config_rustflags/src/main.rs", "Rust", 0, 0, 0, 0, 0, 0, 12, 0, 0, 0, 0, 0, 0, 0, 0, 0, 0, 0, 0, 0, 0, 0, 0, 0, 0, 0, 0, 1, 4, 17
"/home/morit/Studium/Master/Forschungsprojekt/nextpnr/3rdparty/corrosion/test/rustflags/rustflags/CMakeLists.txt", "CMake", 0, 15, 0, 0, 0, 0, 0, 0, 0, 0, 0, 0, 0, 0, 0, 0, 0, 0, 0, 0, 0, 0, 0, 0, 0, 0, 0, 0, 6, 21
"/home/morit/Studium/Master/Forschungsprojekt/nextpnr/3rdparty/corrosion/test/rustflags/rustflags/main.cpp", "C++", 12, 0, 0, 0, 0, 0, 0, 0, 0, 0, 0, 0, 0, 0, 0, 0, 0, 0, 0, 0, 0, 0, 0, 0, 0, 0, 0, 0, 2, 14
"/home/morit/Studium/Master/Forschungsprojekt/nextpnr/3rdparty/corrosion/test/rustflags/rustflags/rust/some_dependency/src/lib.rs", "Rust", 0, 0, 0, 0, 0, 0, 7, 0, 0, 0, 0, 0, 0, 0, 0, 0, 0, 0, 0, 0, 0, 0, 0, 0, 0, 0, 0, 1, 3, 11
"/home/morit/Studium/Master/Forschungsprojekt/nextpnr/3rdparty/corrosion/test/rustflags/rustflags/rust/src/lib.rs", "Rust", 0, 0, 0, 0, 0, 0, 33, 0, 0, 0, 0, 0, 0, 0, 0, 0, 0, 0, 0, 0, 0, 0, 0, 0, 0, 0, 0, 0, 8, 41
"/home/morit/Studium/Master/Forschungsprojekt/nextpnr/3rdparty/corrosion/test/workspace/CMakeLists.txt", "CMake", 0, 4, 0, 0, 0, 0, 0, 0, 0, 0, 0, 0, 0, 0, 0, 0, 0, 0, 0, 0, 0, 0, 0, 0, 0, 0, 0, 0, 3, 7
"/home/morit/Studium/Master/Forschungsprojekt/nextpnr/3rdparty/corrosion/test/workspace/workspace/CMakeLists.txt", "CMake", 0, 28, 0, 0, 0, 0, 0, 0, 0, 0, 0, 0, 0, 0, 0, 0, 0, 0, 0, 0, 0, 0, 0, 0, 0, 0, 0, 0, 5, 33
"/home/morit/Studium/Master/Forschungsprojekt/nextpnr/3rdparty/corrosion/test/workspace/workspace/main.cpp", "C++", 4, 0, 0, 0, 0, 0, 0, 0, 0, 0, 0, 0, 0, 0, 0, 0, 0, 0, 0, 0, 0, 0, 0, 0, 0, 0, 0, 0, 1, 5
"/home/morit/Studium/Master/Forschungsprojekt/nextpnr/3rdparty/corrosion/test/workspace/workspace/member1/src/lib.rs", "Rust", 0, 0, 0, 0, 0, 0, 7, 0, 0, 0, 0, 0, 0, 0, 0, 0, 0, 0, 0, 0, 0, 0, 0, 0, 0, 0, 0, 0, 1, 8
"/home/morit/Studium/Master/Forschungsprojekt/nextpnr/3rdparty/corrosion/test/workspace/workspace/member2/src/lib.rs", "Rust", 0, 0, 0, 0, 0, 0, 7, 0, 0, 0, 0, 0, 0, 0, 0, 0, 0, 0, 0, 0, 0, 0, 0, 0, 0, 0, 0, 0, 1, 8
"/home/morit/Studium/Master/Forschungsprojekt/nextpnr/3rdparty/corrosion/test/workspace/workspace/member3/src/main.rs", "Rust", 0, 0, 0, 0, 0, 0, 3, 0, 0, 0, 0, 0, 0, 0, 0, 0, 0, 0, 0, 0, 0, 0, 0, 0, 0, 0, 0, 0, 1, 4
"/home/morit/Studium/Master/Forschungsprojekt/nextpnr/3rdparty/googletest/.github/ISSUE_TEMPLATE/00-bug_report.yml", "YAML", 0, 0, 0, 0, 0, 0, 0, 0, 53, 0, 0, 0, 0, 0, 0, 0, 0, 0, 0, 0, 0, 0, 0, 0, 0, 0, 0, 0, 1, 54
"/home/morit/Studium/Master/Forschungsprojekt/nextpnr/3rdparty/googletest/.github/ISSUE_TEMPLATE/10-feature_request.yml", "YAML", 0, 0, 0, 0, 0, 0, 0, 0, 33, 0, 0, 0, 0, 0, 0, 0, 0, 0, 0, 0, 0, 0, 0, 0, 0, 0, 0, 0, 1, 34
"/home/morit/Studium/Master/Forschungsprojekt/nextpnr/3rdparty/googletest/.github/ISSUE_TEMPLATE/config.yml", "YAML", 0, 0, 0, 0, 0, 0, 0, 0, 5, 0, 0, 0, 0, 0, 0, 0, 0, 0, 0, 0, 0, 0, 0, 0, 0, 0, 0, 0, 1, 6
"/home/morit/Studium/Master/Forschungsprojekt/nextpnr/3rdparty/googletest/CMakeLists.txt", "CMake", 0, 28, 0, 0, 0, 0, 0, 0, 0, 0, 0, 0, 0, 0, 0, 0, 0, 0, 0, 0, 0, 0, 0, 0, 0, 0, 0, 0, 9, 37
"/home/morit/Studium/Master/Forschungsprojekt/nextpnr/3rdparty/googletest/CONTRIBUTING.md", "Markdown", 0, 0, 107, 0, 0, 0, 0, 0, 0, 0, 0, 0, 0, 0, 0, 0, 0, 0, 0, 0, 0, 0, 0, 0, 0, 0, 0, 0, 35, 142
"/home/morit/Studium/Master/Forschungsprojekt/nextpnr/3rdparty/googletest/README.md", "Markdown", 0, 0, 100, 0, 0, 0, 0, 0, 0, 0, 0, 0, 0, 0, 0, 0, 0, 0, 0, 0, 0, 0, 0, 0, 0, 0, 0, 0, 34, 134
"/home/morit/Studium/Master/Forschungsprojekt/nextpnr/3rdparty/googletest/ci/linux-presubmit.sh", "Shell Script", 0, 0, 0, 0, 0, 0, 0, 113, 0, 0, 0, 0, 0, 0, 0, 0, 0, 0, 0, 0, 0, 0, 0, 0, 0, 0, 0, 35, 10, 158
"/home/morit/Studium/Master/Forschungsprojekt/nextpnr/3rdparty/googletest/ci/macos-presubmit.sh", "Shell Script", 0, 0, 0, 0, 0, 0, 0, 39, 0, 0, 0, 0, 0, 0, 0, 0, 0, 0, 0, 0, 0, 0, 0, 0, 0, 0, 0, 34, 8, 81
"/home/morit/Studium/Master/Forschungsprojekt/nextpnr/3rdparty/googletest/ci/windows-presubmit.bat", "Batch", 0, 0, 0, 0, 0, 0, 0, 0, 0, 0, 0, 0, 0, 0, 0, 54, 0, 0, 0, 0, 0, 0, 0, 0, 0, 0, 0, 9, 13, 76
"/home/morit/Studium/Master/Forschungsprojekt/nextpnr/3rdparty/googletest/docs/_config.yml", "YAML", 0, 0, 0, 0, 0, 0, 0, 0, 1, 0, 0, 0, 0, 0, 0, 0, 0, 0, 0, 0, 0, 0, 0, 0, 0, 0, 0, 0, 1, 2
"/home/morit/Studium/Master/Forschungsprojekt/nextpnr/3rdparty/googletest/docs/_data/navigation.yml", "YAML", 0, 0, 0, 0, 0, 0, 0, 0, 43, 0, 0, 0, 0, 0, 0, 0, 0, 0, 0, 0, 0, 0, 0, 0, 0, 0, 0, 0, 1, 44
"/home/morit/Studium/Master/Forschungsprojekt/nextpnr/3rdparty/googletest/docs/_layouts/default.html", "HTML", 0, 0, 0, 0, 0, 0, 0, 0, 0, 0, 0, 0, 0, 0, 0, 0, 0, 0, 0, 0, 0, 0, 0, 0, 0, 57, 0, 0, 2, 59
"/home/morit/Studium/Master/Forschungsprojekt/nextpnr/3rdparty/googletest/docs/_sass/main.scss", "SCSS", 0, 0, 0, 0, 0, 0, 0, 0, 0, 0, 0, 0, 0, 0, 0, 0, 0, 0, 0, 0, 0, 0, 0, 0, 0, 0, 161, 3, 37, 201
"/home/morit/Studium/Master/Forschungsprojekt/nextpnr/3rdparty/googletest/docs/advanced.md", "Markdown", 0, 0, 1953, 0, 0, 0, 0, 0, 0, 0, 0, 0, 0, 0, 0, 0, 0, 0, 0, 0, 0, 0, 0, 0, 0, 0, 0, 0, 514, 2467
"/home/morit/Studium/Master/Forschungsprojekt/nextpnr/3rdparty/googletest/docs/assets/css/style.scss", "SCSS", 0, 0, 0, 0, 0, 0, 0, 0, 0, 0, 0, 0, 0, 0, 0, 0, 0, 0, 0, 0, 0, 0, 0, 0, 0, 0, 4, 0, 2, 6
"/home/morit/Studium/Master/Forschungsprojekt/nextpnr/3rdparty/googletest/docs/community_created_documentation.md", "Markdown", 0, 0, 5, 0, 0, 0, 0, 0, 0, 0, 0, 0, 0, 0, 0, 0, 0, 0, 0, 0, 0, 0, 0, 0, 0, 0, 0, 0, 3, 8
"/home/morit/Studium/Master/Forschungsprojekt/nextpnr/3rdparty/googletest/docs/faq.md", "Markdown", 0, 0, 508, 0, 0, 0, 0, 0, 0, 0, 0, 0, 0, 0, 0, 0, 0, 0, 0, 0, 0, 0, 0, 0, 0, 0, 0, 0, 151, 659
"/home/morit/Studium/Master/Forschungsprojekt/nextpnr/3rdparty/googletest/docs/gmock_cheat_sheet.md", "Markdown", 0, 0, 181, 0, 0, 0, 0, 0, 0, 0, 0, 0, 0, 0, 0, 0, 0, 0, 0, 0, 0, 0, 0, 0, 0, 0, 0, 0, 61, 242
"/home/morit/Studium/Master/Forschungsprojekt/nextpnr/3rdparty/googletest/docs/gmock_cook_book.md", "Markdown", 0, 0, 3485, 0, 0, 0, 0, 0, 0, 0, 0, 0, 0, 0, 0, 0, 0, 0, 0, 0, 0, 0, 0, 0, 0, 0, 0, 2, 926, 4413
"/home/morit/Studium/Master/Forschungsprojekt/nextpnr/3rdparty/googletest/docs/gmock_faq.md", "Markdown", 0, 0, 301, 0, 0, 0, 0, 0, 0, 0, 0, 0, 0, 0, 0, 0, 0, 0, 0, 0, 0, 0, 0, 0, 0, 0, 0, 0, 90, 391
"/home/morit/Studium/Master/Forschungsprojekt/nextpnr/3rdparty/googletest/docs/gmock_for_dummies.md", "Markdown", 0, 0, 568, 0, 0, 0, 0, 0, 0, 0, 0, 0, 0, 0, 0, 0, 0, 0, 0, 0, 0, 0, 0, 0, 0, 0, 0, 0, 135, 703
"/home/morit/Studium/Master/Forschungsprojekt/nextpnr/3rdparty/googletest/docs/index.md", "Markdown", 0, 0, 19, 0, 0, 0, 0, 0, 0, 0, 0, 0, 0, 0, 0, 0, 0, 0, 0, 0, 0, 0, 0, 0, 0, 0, 0, 0, 4, 23
"/home/morit/Studium/Master/Forschungsprojekt/nextpnr/3rdparty/googletest/docs/pkgconfig.md", "Markdown", 0, 0, 111, 0, 0, 0, 0, 0, 0, 0, 0, 0, 0, 0, 0, 0, 0, 0, 0, 0, 0, 0, 0, 0, 0, 0, 0, 0, 34, 145
"/home/morit/Studium/Master/Forschungsprojekt/nextpnr/3rdparty/googletest/docs/platforms.md", "Markdown", 0, 0, 7, 0, 0, 0, 0, 0, 0, 0, 0, 0, 0, 0, 0, 0, 0, 0, 0, 0, 0, 0, 0, 0, 0, 0, 0, 0, 2, 9
"/home/morit/Studium/Master/Forschungsprojekt/nextpnr/3rdparty/googletest/docs/primer.md", "Markdown", 0, 0, 372, 0, 0, 0, 0, 0, 0, 0, 0, 0, 0, 0, 0, 0, 0, 0, 0, 0, 0, 0, 0, 0, 0, 0, 0, 0, 111, 483
"/home/morit/Studium/Master/Forschungsprojekt/nextpnr/3rdparty/googletest/docs/quickstart-bazel.md", "Markdown", 0, 0, 114, 0, 0, 0, 0, 0, 0, 0, 0, 0, 0, 0, 0, 0, 0, 0, 0, 0, 0, 0, 0, 0, 0, 0, 0, 0, 33, 147
"/home/morit/Studium/Master/Forschungsprojekt/nextpnr/3rdparty/googletest/docs/quickstart-cmake.md", "Markdown", 0, 0, 120, 0, 0, 0, 0, 0, 0, 0, 0, 0, 0, 0, 0, 0, 0, 0, 0, 0, 0, 0, 0, 0, 0, 0, 0, 0, 38, 158
"/home/morit/Studium/Master/Forschungsprojekt/nextpnr/3rdparty/googletest/docs/reference/actions.md", "Markdown", 0, 0, 91, 0, 0, 0, 0, 0, 0, 0, 0, 0, 0, 0, 0, 0, 0, 0, 0, 0, 0, 0, 0, 0, 0, 0, 0, 0, 26, 117
"/home/morit/Studium/Master/Forschungsprojekt/nextpnr/3rdparty/googletest/docs/reference/assertions.md", "Markdown", 0, 0, 454, 0, 0, 0, 0, 0, 0, 0, 0, 0, 0, 0, 0, 0, 0, 0, 0, 0, 0, 0, 0, 0, 0, 0, 0, 0, 187, 641
"/home/morit/Studium/Master/Forschungsprojekt/nextpnr/3rdparty/googletest/docs/reference/matchers.md", "Markdown", 0, 0, 249, 0, 0, 0, 0, 0, 0, 0, 0, 0, 0, 0, 0, 0, 0, 0, 0, 0, 0, 0, 0, 0, 0, 0, 0, 0, 57, 306
"/home/morit/Studium/Master/Forschungsprojekt/nextpnr/3rdparty/googletest/docs/reference/mocking.md", "Markdown", 0, 0, 435, 0, 0, 0, 0, 0, 0, 0, 0, 0, 0, 0, 0, 0, 0, 0, 0, 0, 0, 0, 0, 0, 0, 0, 0, 0, 154, 589
"/home/morit/Studium/Master/Forschungsprojekt/nextpnr/3rdparty/googletest/docs/reference/testing.md", "Markdown", 0, 0, 978, 0, 0, 0, 0, 0, 0, 0, 0, 0, 0, 0, 0, 0, 0, 0, 0, 0, 0, 0, 0, 0, 0, 0, 0, 1, 572, 1551
"/home/morit/Studium/Master/Forschungsprojekt/nextpnr/3rdparty/googletest/docs/samples.md", "Markdown", 0, 0, 20, 0, 0, 0, 0, 0, 0, 0, 0, 0, 0, 0, 0, 0, 0, 0, 0, 0, 0, 0, 0, 0, 0, 0, 0, 0, 3, 23
"/home/morit/Studium/Master/Forschungsprojekt/nextpnr/3rdparty/googletest/googlemock/CMakeLists.txt", "CMake", 0, 175, 0, 0, 0, 0, 0, 0, 0, 0, 0, 0, 0, 0, 0, 0, 0, 0, 0, 0, 0, 0, 0, 0, 0, 0, 0, 0, 36, 211
"/home/morit/Studium/Master/Forschungsprojekt/nextpnr/3rdparty/googletest/googlemock/README.md", "Markdown", 0, 0, 30, 0, 0, 0, 0, 0, 0, 0, 0, 0, 0, 0, 0, 0, 0, 0, 0, 0, 0, 0, 0, 0, 0, 0, 0, 0, 11, 41
"/home/morit/Studium/Master/Forschungsprojekt/nextpnr/3rdparty/googletest/googlemock/docs/README.md", "Markdown", 0, 0, 3, 0, 0, 0, 0, 0, 0, 0, 0, 0, 0, 0, 0, 0, 0, 0, 0, 0, 0, 0, 0, 0, 0, 0, 0, 0, 2, 5
"/home/morit/Studium/Master/Forschungsprojekt/nextpnr/3rdparty/googletest/googlemock/include/gmock/gmock-actions.h", "C++", 1260, 0, 0, 0, 0, 0, 0, 0, 0, 0, 0, 0, 0, 0, 0, 0, 0, 0, 0, 0, 0, 0, 0, 0, 0, 0, 0, 846, 299, 2405
"/home/morit/Studium/Master/Forschungsprojekt/nextpnr/3rdparty/googletest/googlemock/include/gmock/gmock-cardinalities.h", "C++", 52, 0, 0, 0, 0, 0, 0, 0, 0, 0, 0, 0, 0, 0, 0, 0, 0, 0, 0, 0, 0, 0, 0, 0, 0, 0, 0, 75, 33, 160
"/home/morit/Studium/Master/Forschungsprojekt/nextpnr/3rdparty/googletest/googlemock/include/gmock/gmock-function-mocker.h", "C++", 393, 0, 0, 0, 0, 0, 0, 0, 0, 0, 0, 0, 0, 0, 0, 0, 0, 0, 0, 0, 0, 0, 0, 0, 0, 0, 0, 53, 74, 520
"/home/morit/Studium/Master/Forschungsprojekt/nextpnr/3rdparty/googletest/googlemock/include/gmock/gmock-matchers.h", "C++", 3787, 0, 0, 0, 0, 0, 0, 0, 0, 0, 0, 0, 0, 0, 0, 0, 0, 0, 0, 0, 0, 0, 0, 0, 0, 0, 0, 1412, 693, 5892
"/home/morit/Studium/Master/Forschungsprojekt/nextpnr/3rdparty/googletest/googlemock/include/gmock/gmock-more-actions.h", "C++", 468, 0, 0, 0, 0, 0, 0, 0, 0, 0, 0, 0, 0, 0, 0, 0, 0, 0, 0, 0, 0, 0, 0, 0, 0, 0, 0, 161, 31, 660
"/home/morit/Studium/Master/Forschungsprojekt/nextpnr/3rdparty/googletest/googlemock/include/gmock/gmock-more-matchers.h", "C++", 44, 0, 0, 0, 0, 0, 0, 0, 0, 0, 0, 0, 0, 0, 0, 0, 0, 0, 0, 0, 0, 0, 0, 0, 0, 0, 0, 57, 20, 121
"/home/morit/Studium/Master/Forschungsprojekt/nextpnr/3rdparty/googletest/googlemock/include/gmock/gmock-nice-strict.h", "C++", 156, 0, 0, 0, 0, 0, 0, 0, 0, 0, 0, 0, 0, 0, 0, 0, 0, 0, 0, 0, 0, 0, 0, 0, 0, 0, 0, 85, 37, 278
"/home/morit/Studium/Master/Forschungsprojekt/nextpnr/3rdparty/googletest/googlemock/include/gmock/gmock-spec-builders.h", "C++", 1077, 0, 0, 0, 0, 0, 0, 0, 0, 0, 0, 0, 0, 0, 0, 0, 0, 0, 0, 0, 0, 0, 0, 0, 0, 0, 0, 776, 294, 2147
"/home/morit/Studium/Master/Forschungsprojekt/nextpnr/3rdparty/googletest/googlemock/include/gmock/gmock.h", "C++", 21, 0, 0, 0, 0, 0, 0, 0, 0, 0, 0, 0, 0, 0, 0, 0, 0, 0, 0, 0, 0, 0, 0, 0, 0, 0, 0, 65, 12, 98
"/home/morit/Studium/Master/Forschungsprojekt/nextpnr/3rdparty/googletest/googlemock/include/gmock/internal/custom/README.md", "Markdown", 0, 0, 13, 0, 0, 0, 0, 0, 0, 0, 0, 0, 0, 0, 0, 0, 0, 0, 0, 0, 0, 0, 0, 0, 0, 0, 0, 0, 6, 19
"/home/morit/Studium/Master/Forschungsprojekt/nextpnr/3rdparty/googletest/googlemock/include/gmock/internal/custom/gmock-generated-actions.h", "C++", 3, 0, 0, 0, 0, 0, 0, 0, 0, 0, 0, 0, 0, 0, 0, 0, 0, 0, 0, 0, 0, 0, 0, 0, 0, 0, 0, 2, 3, 8
"/home/morit/Studium/Master/Forschungsprojekt/nextpnr/3rdparty/googletest/googlemock/include/gmock/internal/custom/gmock-matchers.h", "C++", 3, 0, 0, 0, 0, 0, 0, 0, 0, 0, 0, 0, 0, 0, 0, 0, 0, 0, 0, 0, 0, 0, 0, 0, 0, 0, 0, 31, 4, 38
"/home/morit/Studium/Master/Forschungsprojekt/nextpnr/3rdparty/googletest/googlemock/include/gmock/internal/custom/gmock-port.h", "C++", 3, 0, 0, 0, 0, 0, 0, 0, 0, 0, 0, 0, 0, 0, 0, 0, 0, 0, 0, 0, 0, 0, 0, 0, 0, 0, 0, 33, 5, 41
"/home/morit/Studium/Master/Forschungsprojekt/nextpnr/3rdparty/googletest/googlemock/include/gmock/internal/gmock-internal-utils.h", "C++", 240, 0, 0, 0, 0, 0, 0, 0, 0, 0, 0, 0, 0, 0, 0, 0, 0, 0, 0, 0, 0, 0, 0, 0, 0, 0, 0, 183, 62, 485
"/home/morit/Studium/Master/Forschungsprojekt/nextpnr/3rdparty/googletest/googlemock/include/gmock/internal/gmock-port.h", "C++", 68, 0, 0, 0, 0, 0, 0, 0, 0, 0, 0, 0, 0, 0, 0, 0, 0, 0, 0, 0, 0, 0, 0, 0, 0, 0, 0, 52, 21, 141
"/home/morit/Studium/Master/Forschungsprojekt/nextpnr/3rdparty/googletest/googlemock/include/gmock/internal/gmock-pp.h", "C++", 165, 0, 0, 0, 0, 0, 0, 0, 0, 0, 0, 0, 0, 0, 0, 0, 0, 0, 0, 0, 0, 0, 0, 0, 0, 0, 0, 89, 26, 280
"/home/morit/Studium/Master/Forschungsprojekt/nextpnr/3rdparty/googletest/googlemock/src/gmock-all.cc", "C++", 6, 0, 0, 0, 0, 0, 0, 0, 0, 0, 0, 0, 0, 0, 0, 0, 0, 0, 0, 0, 0, 0, 0, 0, 0, 0, 0, 37, 4, 47
"/home/morit/Studium/Master/Forschungsprojekt/nextpnr/3rdparty/googletest/googlemock/src/gmock-cardinalities.cc", "C++", 88, 0, 0, 0, 0, 0, 0, 0, 0, 0, 0, 0, 0, 0, 0, 0, 0, 0, 0, 0, 0, 0, 0, 0, 0, 0, 0, 43, 25, 156
"/home/morit/Studium/Master/Forschungsprojekt/nextpnr/3rdparty/googletest/googlemock/src/gmock-internal-utils.cc", "C++", 160, 0, 0, 0, 0, 0, 0, 0, 0, 0, 0, 0, 0, 0, 0, 0, 0, 0, 0, 0, 0, 0, 0, 0, 0, 0, 0, 72, 27, 259
"/home/morit/Studium/Master/Forschungsprojekt/nextpnr/3rdparty/googletest/googlemock/src/gmock-matchers.cc", "C++", 284, 0, 0, 0, 0, 0, 0, 0, 0, 0, 0, 0, 0, 0, 0, 0, 0, 0, 0, 0, 0, 0, 0, 0, 0, 0, 0, 164, 31, 479
"/home/morit/Studium/Master/Forschungsprojekt/nextpnr/3rdparty/googletest/googlemock/src/gmock-spec-builders.cc", "C++", 522, 0, 0, 0, 0, 0, 0, 0, 0, 0, 0, 0, 0, 0, 0, 0, 0, 0, 0, 0, 0, 0, 0, 0, 0, 0, 0, 181, 90, 793
"/home/morit/Studium/Master/Forschungsprojekt/nextpnr/3rdparty/googletest/googlemock/src/gmock.cc", "C++", 99, 0, 0, 0, 0, 0, 0, 0, 0, 0, 0, 0, 0, 0, 0, 0, 0, 0, 0, 0, 0, 0, 0, 0, 0, 0, 0, 90, 37, 226
"/home/morit/Studium/Master/Forschungsprojekt/nextpnr/3rdparty/googletest/googlemock/src/gmock_main.cc", "C++", 27, 0, 0, 0, 0, 0, 0, 0, 0, 0, 0, 0, 0, 0, 0, 0, 0, 0, 0, 0, 0, 0, 0, 0, 0, 0, 0, 40, 7, 74
"/home/morit/Studium/Master/Forschungsprojekt/nextpnr/3rdparty/googletest/googlemock/test/gmock-actions_test.cc", "C++", 1499, 0, 0, 0, 0, 0, 0, 0, 0, 0, 0, 0, 0, 0, 0, 0, 0, 0, 0, 0, 0, 0, 0, 0, 0, 0, 0, 344, 391, 2234
"/home/morit/Studium/Master/Forschungsprojekt/nextpnr/3rdparty/googletest/googlemock/test/gmock-cardinalities_test.cc", "C++", 286, 0, 0, 0, 0, 0, 0, 0, 0, 0, 0, 0, 0, 0, 0, 0, 0, 0, 0, 0, 0, 0, 0, 0, 0, 0, 0, 49, 90, 425
"/home/morit/Studium/Master/Forschungsprojekt/nextpnr/3rdparty/googletest/googlemock/test/gmock-function-mocker_test.cc", "C++", 739, 0, 0, 0, 0, 0, 0, 0, 0, 0, 0, 0, 0, 0, 0, 0, 0, 0, 0, 0, 0, 0, 0, 0, 0, 0, 0, 78, 182, 999
"/home/morit/Studium/Master/Forschungsprojekt/nextpnr/3rdparty/googletest/googlemock/test/gmock-internal-utils_test.cc", "C++", 550, 0, 0, 0, 0, 0, 0, 0, 0, 0, 0, 0, 0, 0, 0, 0, 0, 0, 0, 0, 0, 0, 0, 0, 0, 0, 0, 96, 121, 767
"/home/morit/Studium/Master/Forschungsprojekt/nextpnr/3rdparty/googletest/googlemock/test/gmock-matchers-arithmetic_test.cc", "C++", 1159, 0, 0, 0, 0, 0, 0, 0, 0, 0, 0, 0, 0, 0, 0, 0, 0, 0, 0, 0, 0, 0, 0, 0, 0, 0, 0, 254, 287, 1700
"/home/morit/Studium/Master/Forschungsprojekt/nextpnr/3rdparty/googletest/googlemock/test/gmock-matchers-comparisons_test.cc", "C++", 1844, 0, 0, 0, 0, 0, 0, 0, 0, 0, 0, 0, 0, 0, 0, 0, 0, 0, 0, 0, 0, 0, 0, 0, 0, 0, 0, 261, 392, 2497
"/home/morit/Studium/Master/Forschungsprojekt/nextpnr/3rdparty/googletest/googlemock/test/gmock-matchers-containers_test.cc", "C++", 2586, 0, 0, 0, 0, 0, 0, 0, 0, 0, 0, 0, 0, 0, 0, 0, 0, 0, 0, 0, 0, 0, 0, 0, 0, 0, 0, 292, 569, 3447
"/home/morit/Studium/Master/Forschungsprojekt/nextpnr/3rdparty/googletest/googlemock/test/gmock-matchers-misc_test.cc", "C++", 1419, 0, 0, 0, 0, 0, 0, 0, 0, 0, 0, 0, 0, 0, 0, 0, 0, 0, 0, 0, 0, 0, 0, 0, 0, 0, 0, 175, 289, 1883
"/home/morit/Studium/Master/Forschungsprojekt/nextpnr/3rdparty/googletest/googlemock/test/gmock-matchers_test.h", "C++", 127, 0, 0, 0, 0, 0, 0, 0, 0, 0, 0, 0, 0, 0, 0, 0, 0, 0, 0, 0, 0, 0, 0, 0, 0, 0, 0, 40, 26, 193
"/home/morit/Studium/Master/Forschungsprojekt/nextpnr/3rdparty/googletest/googlemock/test/gmock-more-actions_test.cc", "C++", 1184, 0, 0, 0, 0, 0, 0, 0, 0, 0, 0, 0, 0, 0, 0, 0, 0, 0, 0, 0, 0, 0, 0, 0, 0, 0, 0, 181, 253, 1618
"/home/morit/Studium/Master/Forschungsprojekt/nextpnr/3rdparty/googletest/googlemock/test/gmock-nice-strict_test.cc", "C++", 351, 0, 0, 0, 0, 0, 0, 0, 0, 0, 0, 0, 0, 0, 0, 0, 0, 0, 0, 0, 0, 0, 0, 0, 0, 0, 0, 79, 112, 542
"/home/morit/Studium/Master/Forschungsprojekt/nextpnr/3rdparty/googletest/googlemock/test/gmock-port_test.cc", "C++", 3, 0, 0, 0, 0, 0, 0, 0, 0, 0, 0, 0, 0, 0, 0, 0, 0, 0, 0, 0, 0, 0, 0, 0, 0, 0, 0, 34, 6, 43
"/home/morit/Studium/Master/Forschungsprojekt/nextpnr/3rdparty/googletest/googlemock/test/gmock-pp-string_test.cc", "C++", 147, 0, 0, 0, 0, 0, 0, 0, 0, 0, 0, 0, 0, 0, 0, 0, 0, 0, 0, 0, 0, 0, 0, 0, 0, 0, 0, 36, 23, 206
"/home/morit/Studium/Master/Forschungsprojekt/nextpnr/3rdparty/googletest/googlemock/test/gmock-pp_test.cc", "C++", 73, 0, 0, 0, 0, 0, 0, 0, 0, 0, 0, 0, 0, 0, 0, 0, 0, 0, 0, 0, 0, 0, 0, 0, 0, 0, 0, 3, 8, 84
"/home/morit/Studium/Master/Forschungsprojekt/nextpnr/3rdparty/googletest/googlemock/test/gmock-spec-builders_test.cc", "C++", 1793, 0, 0, 0, 0, 0, 0, 0, 0, 0, 0, 0, 0, 0, 0, 0, 0, 0, 0, 0, 0, 0, 0, 0, 0, 0, 0, 349, 458, 2600
"/home/morit/Studium/Master/Forschungsprojekt/nextpnr/3rdparty/googletest/googlemock/test/gmock_all_test.cc", "C++", 12, 0, 0, 0, 0, 0, 0, 0, 0, 0, 0, 0, 0, 0, 0, 0, 0, 0, 0, 0, 0, 0, 0, 0, 0, 0, 0, 36, 2, 50
"/home/morit/Studium/Master/Forschungsprojekt/nextpnr/3rdparty/googletest/googlemock/test/gmock_ex_test.cc", "C++", 33, 0, 0, 0, 0, 0, 0, 0, 0, 0, 0, 0, 0, 0, 0, 0, 0, 0, 0, 0, 0, 0, 0, 0, 0, 0, 0, 37, 11, 81
"/home/morit/Studium/Master/Forschungsprojekt/nextpnr/3rdparty/googletest/googlemock/test/gmock_leak_test.py", "Python", 0, 0, 0, 63, 0, 0, 0, 0, 0, 0, 0, 0, 0, 0, 0, 0, 0, 0, 0, 0, 0, 0, 0, 0, 0, 0, 0, 36, 15, 114
"/home/morit/Studium/Master/Forschungsprojekt/nextpnr/3rdparty/googletest/googlemock/test/gmock_leak_test_.cc", "C++", 36, 0, 0, 0, 0, 0, 0, 0, 0, 0, 0, 0, 0, 0, 0, 0, 0, 0, 0, 0, 0, 0, 0, 0, 0, 0, 0, 42, 22, 100
"/home/morit/Studium/Master/Forschungsprojekt/nextpnr/3rdparty/googletest/googlemock/test/gmock_link2_test.cc", "C++", 2, 0, 0, 0, 0, 0, 0, 0, 0, 0, 0, 0, 0, 0, 0, 0, 0, 0, 0, 0, 0, 0, 0, 0, 0, 0, 0, 33, 4, 39
"/home/morit/Studium/Master/Forschungsprojekt/nextpnr/3rdparty/googletest/googlemock/test/gmock_link_test.cc", "C++", 2, 0, 0, 0, 0, 0, 0, 0, 0, 0, 0, 0, 0, 0, 0, 0, 0, 0, 0, 0, 0, 0, 0, 0, 0, 0, 0, 33, 4, 39
"/home/morit/Studium/Master/Forschungsprojekt/nextpnr/3rdparty/googletest/googlemock/test/gmock_link_test.h", "C++", 410, 0, 0, 0, 0, 0, 0, 0, 0, 0, 0, 0, 0, 0, 0, 0, 0, 0, 0, 0, 0, 0, 0, 0, 0, 0, 0, 167, 117, 694
"/home/morit/Studium/Master/Forschungsprojekt/nextpnr/3rdparty/googletest/googlemock/test/gmock_output_test.py", "Python", 0, 0, 0, 73, 0, 0, 0, 0, 0, 0, 0, 0, 0, 0, 0, 0, 0, 0, 0, 0, 0, 0, 0, 0, 0, 0, 0, 110, 8, 191
"/home/morit/Studium/Master/Forschungsprojekt/nextpnr/3rdparty/googletest/googlemock/test/gmock_output_test_.cc", "C++", 184, 0, 0, 0, 0, 0, 0, 0, 0, 0, 0, 0, 0, 0, 0, 0, 0, 0, 0, 0, 0, 0, 0, 0, 0, 0, 0, 38, 65, 287
"/home/morit/Studium/Master/Forschungsprojekt/nextpnr/3rdparty/googletest/googlemock/test/gmock_stress_test.cc", "C++", 132, 0, 0, 0, 0, 0, 0, 0, 0, 0, 0, 0, 0, 0, 0, 0, 0, 0, 0, 0, 0, 0, 0, 0, 0, 0, 0, 55, 41, 228
"/home/morit/Studium/Master/Forschungsprojekt/nextpnr/3rdparty/googletest/googlemock/test/gmock_test.cc", "C++", 97, 0, 0, 0, 0, 0, 0, 0, 0, 0, 0, 0, 0, 0, 0, 0, 0, 0, 0, 0, 0, 0, 0, 0, 0, 0, 0, 34, 49, 180
"/home/morit/Studium/Master/Forschungsprojekt/nextpnr/3rdparty/googletest/googlemock/test/gmock_test_utils.py", "Python", 0, 0, 0, 21, 0, 0, 0, 0, 0, 0, 0, 0, 0, 0, 0, 0, 0, 0, 0, 0, 0, 0, 0, 0, 0, 0, 0, 53, 18, 92
"/home/morit/Studium/Master/Forschungsprojekt/nextpnr/3rdparty/googletest/googletest/CMakeLists.txt", "CMake", 0, 274, 0, 0, 0, 0, 0, 0, 0, 0, 0, 0, 0, 0, 0, 0, 0, 0, 0, 0, 0, 0, 0, 0, 0, 0, 0, 0, 57, 331
"/home/morit/Studium/Master/Forschungsprojekt/nextpnr/3rdparty/googletest/googletest/README.md", "Markdown", 0, 0, 173, 0, 0, 0, 0, 0, 0, 0, 0, 0, 0, 0, 0, 0, 0, 0, 0, 0, 0, 0, 0, 0, 0, 0, 0, 0, 59, 232
"/home/morit/Studium/Master/Forschungsprojekt/nextpnr/3rdparty/googletest/googletest/cmake/internal_utils.cmake", "CMake", 0, 309, 0, 0, 0, 0, 0, 0, 0, 0, 0, 0, 0, 0, 0, 0, 0, 0, 0, 0, 0, 0, 0, 0, 0, 0, 0, 0, 26, 335
"/home/morit/Studium/Master/Forschungsprojekt/nextpnr/3rdparty/googletest/googletest/docs/README.md", "Markdown", 0, 0, 3, 0, 0, 0, 0, 0, 0, 0, 0, 0, 0, 0, 0, 0, 0, 0, 0, 0, 0, 0, 0, 0, 0, 0, 0, 0, 2, 5
"/home/morit/Studium/Master/Forschungsprojekt/nextpnr/3rdparty/googletest/googletest/include/gtest/gtest-assertion-result.h", "C++", 65, 0, 0, 0, 0, 0, 0, 0, 0, 0, 0, 0, 0, 0, 0, 0, 0, 0, 0, 0, 0, 0, 0, 0, 0, 0, 0, 151, 29, 245
"/home/morit/Studium/Master/Forschungsprojekt/nextpnr/3rdparty/googletest/googletest/include/gtest/gtest-death-test.h", "C++", 69, 0, 0, 0, 0, 0, 0, 0, 0, 0, 0, 0, 0, 0, 0, 0, 0, 0, 0, 0, 0, 0, 0, 0, 0, 0, 0, 244, 33, 346
"/home/morit/Studium/Master/Forschungsprojekt/nextpnr/3rdparty/googletest/googletest/include/gtest/gtest-matchers.h", "C++", 552, 0, 0, 0, 0, 0, 0, 0, 0, 0, 0, 0, 0, 0, 0, 0, 0, 0, 0, 0, 0, 0, 0, 0, 0, 0, 0, 244, 128, 924
"/home/morit/Studium/Master/Forschungsprojekt/nextpnr/3rdparty/googletest/googletest/include/gtest/gtest-message.h", "C++", 87, 0, 0, 0, 0, 0, 0, 0, 0, 0, 0, 0, 0, 0, 0, 0, 0, 0, 0, 0, 0, 0, 0, 0, 0, 0, 0, 134, 31, 252
"/home/morit/Studium/Master/Forschungsprojekt/nextpnr/3rdparty/googletest/googletest/include/gtest/gtest-param-test.h", "C++", 171, 0, 0, 0, 0, 0, 0, 0, 0, 0, 0, 0, 0, 0, 0, 0, 0, 0, 0, 0, 0, 0, 0, 0, 0, 0, 0, 388, 44, 603
"/home/morit/Studium/Master/Forschungsprojekt/nextpnr/3rdparty/googletest/googletest/include/gtest/gtest-printers.h", "C++", 786, 0, 0, 0, 0, 0, 0, 0, 0, 0, 0, 0, 0, 0, 0, 0, 0, 0, 0, 0, 0, 0, 0, 0, 0, 0, 0, 323, 128, 1237
"/home/morit/Studium/Master/Forschungsprojekt/nextpnr/3rdparty/googletest/googletest/include/gtest/gtest-spi.h", "C++", 110, 0, 0, 0, 0, 0, 0, 0, 0, 0, 0, 0, 0, 0, 0, 0, 0, 0, 0, 0, 0, 0, 0, 0, 0, 0, 0, 114, 27, 251
"/home/morit/Studium/Master/Forschungsprojekt/nextpnr/3rdparty/googletest/googletest/include/gtest/gtest-test-part.h", "C++", 81, 0, 0, 0, 0, 0, 0, 0, 0, 0, 0, 0, 0, 0, 0, 0, 0, 0, 0, 0, 0, 0, 0, 0, 0, 0, 0, 73, 39, 193
"/home/morit/Studium/Master/Forschungsprojekt/nextpnr/3rdparty/googletest/googletest/include/gtest/gtest-typed-test.h", "C++", 149, 0, 0, 0, 0, 0, 0, 0, 0, 0, 0, 0, 0, 0, 0, 0, 0, 0, 0, 0, 0, 0, 0, 0, 0, 0, 0, 139, 44, 332
"/home/morit/Studium/Master/Forschungsprojekt/nextpnr/3rdparty/googletest/googletest/include/gtest/gtest.h", "C++", 925, 0, 0, 0, 0, 0, 0, 0, 0, 0, 0, 0, 0, 0, 0, 0, 0, 0, 0, 0, 0, 0, 0, 0, 0, 0, 0, 1052, 362, 2339
"/home/morit/Studium/Master/Forschungsprojekt/nextpnr/3rdparty/googletest/googletest/include/gtest/gtest_pred_impl.h", "C++", 147, 0, 0, 0, 0, 0, 0, 0, 0, 0, 0, 0, 0, 0, 0, 0, 0, 0, 0, 0, 0, 0, 0, 0, 0, 0, 0, 98, 35, 280
"/home/morit/Studium/Master/Forschungsprojekt/nextpnr/3rdparty/googletest/googletest/include/gtest/gtest_prod.h", "C++", 5, 0, 0, 0, 0, 0, 0, 0, 0, 0, 0, 0, 0, 0, 0, 0, 0, 0, 0, 0, 0, 0, 0, 0, 0, 0, 0, 50, 6, 61
"/home/morit/Studium/Master/Forschungsprojekt/nextpnr/3rdparty/googletest/googletest/include/gtest/internal/custom/README.md", "Markdown", 0, 0, 28, 0, 0, 0, 0, 0, 0, 0, 0, 0, 0, 0, 0, 0, 0, 0, 0, 0, 0, 0, 0, 0, 0, 0, 0, 0, 17, 45
"/home/morit/Studium/Master/Forschungsprojekt/nextpnr/3rdparty/googletest/googletest/include/gtest/internal/custom/gtest-port.h", "C++", 3, 0, 0, 0, 0, 0, 0, 0, 0, 0, 0, 0, 0, 0, 0, 0, 0, 0, 0, 0, 0, 0, 0, 0, 0, 0, 0, 32, 3, 38
"/home/morit/Studium/Master/Forschungsprojekt/nextpnr/3rdparty/googletest/googletest/include/gtest/internal/custom/gtest-printers.h", "C++", 3, 0, 0, 0, 0, 0, 0, 0, 0, 0, 0, 0, 0, 0, 0, 0, 0, 0, 0, 0, 0, 0, 0, 0, 0, 0, 0, 37, 3, 43
"/home/morit/Studium/Master/Forschungsprojekt/nextpnr/3rdparty/googletest/googletest/include/gtest/internal/custom/gtest.h", "C++", 3, 0, 0, 0, 0, 0, 0, 0, 0, 0, 0, 0, 0, 0, 0, 0, 0, 0, 0, 0, 0, 0, 0, 0, 0, 0, 0, 32, 3, 38
"/home/morit/Studium/Master/Forschungsprojekt/nextpnr/3rdparty/googletest/googletest/include/gtest/internal/gtest-death-test-internal.h", "C++", 159, 0, 0, 0, 0, 0, 0, 0, 0, 0, 0, 0, 0, 0, 0, 0, 0, 0, 0, 0, 0, 0, 0, 0, 0, 0, 0, 102, 46, 307
"/home/morit/Studium/Master/Forschungsprojekt/nextpnr/3rdparty/googletest/googletest/include/gtest/internal/gtest-filepath.h", "C++", 62, 0, 0, 0, 0, 0, 0, 0, 0, 0, 0, 0, 0, 0, 0, 0, 0, 0, 0, 0, 0, 0, 0, 0, 0, 0, 0, 132, 40, 234
"/home/morit/Studium/Master/Forschungsprojekt/nextpnr/3rdparty/googletest/googletest/include/gtest/internal/gtest-internal.h", "C++", 875, 0, 0, 0, 0, 0, 0, 0, 0, 0, 0, 0, 0, 0, 0, 0, 0, 0, 0, 0, 0, 0, 0, 0, 0, 0, 0, 424, 219, 1518
"/home/morit/Studium/Master/Forschungsprojekt/nextpnr/3rdparty/googletest/googletest/include/gtest/internal/gtest-param-util.h", "C++", 701, 0, 0, 0, 0, 0, 0, 0, 0, 0, 0, 0, 0, 0, 0, 0, 0, 0, 0, 0, 0, 0, 0, 0, 0, 0, 0, 222, 142, 1065
"/home/morit/Studium/Master/Forschungsprojekt/nextpnr/3rdparty/googletest/googletest/include/gtest/internal/gtest-port-arch.h", "C++", 85, 0, 0, 0, 0, 0, 0, 0, 0, 0, 0, 0, 0, 0, 0, 0, 0, 0, 0, 0, 0, 0, 0, 0, 0, 0, 0, 35, 5, 125
"/home/morit/Studium/Master/Forschungsprojekt/nextpnr/3rdparty/googletest/googletest/include/gtest/internal/gtest-port.h", "C++", 1333, 0, 0, 0, 0, 0, 0, 0, 0, 0, 0, 0, 0, 0, 0, 0, 0, 0, 0, 0, 0, 0, 0, 0, 0, 0, 0, 826, 328, 2487
"/home/morit/Studium/Master/Forschungsprojekt/nextpnr/3rdparty/googletest/googletest/include/gtest/internal/gtest-string.h", "C++", 39, 0, 0, 0, 0, 0, 0, 0, 0, 0, 0, 0, 0, 0, 0, 0, 0, 0, 0, 0, 0, 0, 0, 0, 0, 0, 0, 111, 29, 179
"/home/morit/Studium/Master/Forschungsprojekt/nextpnr/3rdparty/googletest/googletest/include/gtest/internal/gtest-type-util.h", "C++", 120, 0, 0, 0, 0, 0, 0, 0, 0, 0, 0, 0, 0, 0, 0, 0, 0, 0, 0, 0, 0, 0, 0, 0, 0, 0, 0, 72, 29, 221
"/home/morit/Studium/Master/Forschungsprojekt/nextpnr/3rdparty/googletest/googletest/samples/prime_tables.h", "C++", 58, 0, 0, 0, 0, 0, 0, 0, 0, 0, 0, 0, 0, 0, 0, 0, 0, 0, 0, 0, 0, 0, 0, 0, 0, 0, 0, 46, 22, 126
"/home/morit/Studium/Master/Forschungsprojekt/nextpnr/3rdparty/googletest/googletest/samples/sample1.cc", "C++", 17, 0, 0, 0, 0, 0, 0, 0, 0, 0, 0, 0, 0, 0, 0, 0, 0, 0, 0, 0, 0, 0, 0, 0, 0, 0, 0, 39, 11, 67
"/home/morit/Studium/Master/Forschungsprojekt/nextpnr/3rdparty/googletest/googletest/samples/sample1.h", "C++", 5, 0, 0, 0, 0, 0, 0, 0, 0, 0, 0, 0, 0, 0, 0, 0, 0, 0, 0, 0, 0, 0, 0, 0, 0, 0, 0, 31, 6, 42
"/home/morit/Studium/Master/Forschungsprojekt/nextpnr/3rdparty/googletest/googletest/samples/sample10_unittest.cc", "C++", 60, 0, 0, 0, 0, 0, 0, 0, 0, 0, 0, 0, 0, 0, 0, 0, 0, 0, 0, 0, 0, 0, 0, 0, 0, 0, 0, 59, 20, 139
"/home/morit/Studium/Master/Forschungsprojekt/nextpnr/3rdparty/googletest/googletest/samples/sample1_unittest.cc", "C++", 34, 0, 0, 0, 0, 0, 0, 0, 0, 0, 0, 0, 0, 0, 0, 0, 0, 0, 0, 0, 0, 0, 0, 0, 0, 0, 0, 96, 19, 149
"/home/morit/Studium/Master/Forschungsprojekt/nextpnr/3rdparty/googletest/googletest/samples/sample2.cc", "C++", 14, 0, 0, 0, 0, 0, 0, 0, 0, 0, 0, 0, 0, 0, 0, 0, 0, 0, 0, 0, 0, 0, 0, 0, 0, 0, 0, 33, 8, 55
"/home/morit/Studium/Master/Forschungsprojekt/nextpnr/3rdparty/googletest/googletest/samples/sample2.h", "C++", 22, 0, 0, 0, 0, 0, 0, 0, 0, 0, 0, 0, 0, 0, 0, 0, 0, 0, 0, 0, 0, 0, 0, 0, 0, 0, 0, 43, 15, 80
"/home/morit/Studium/Master/Forschungsprojekt/nextpnr/3rdparty/googletest/googletest/samples/sample2_unittest.cc", "C++", 29, 0, 0, 0, 0, 0, 0, 0, 0, 0, 0, 0, 0, 0, 0, 0, 0, 0, 0, 0, 0, 0, 0, 0, 0, 0, 0, 64, 15, 108
"/home/morit/Studium/Master/Forschungsprojekt/nextpnr/3rdparty/googletest/googletest/samples/sample3-inl.h", "C++", 86, 0, 0, 0, 0, 0, 0, 0, 0, 0, 0, 0, 0, 0, 0, 0, 0, 0, 0, 0, 0, 0, 0, 0, 0, 0, 0, 57, 29, 172
"/home/morit/Studium/Master/Forschungsprojekt/nextpnr/3rdparty/googletest/googletest/samples/sample3_unittest.cc", "C++", 47, 0, 0, 0, 0, 0, 0, 0, 0, 0, 0, 0, 0, 0, 0, 0, 0, 0, 0, 0, 0, 0, 0, 0, 0, 0, 0, 83, 17, 147
"/home/morit/Studium/Master/Forschungsprojekt/nextpnr/3rdparty/googletest/googletest/samples/sample4.cc", "C++", 11, 0, 0, 0, 0, 0, 0, 0, 0, 0, 0, 0, 0, 0, 0, 0, 0, 0, 0, 0, 0, 0, 0, 0, 0, 0, 0, 33, 7, 51
"/home/morit/Studium/Master/Forschungsprojekt/nextpnr/3rdparty/googletest/googletest/samples/sample4.h", "C++", 12, 0, 0, 0, 0, 0, 0, 0, 0, 0, 0, 0, 0, 0, 0, 0, 0, 0, 0, 0, 0, 0, 0, 0, 0, 0, 0, 34, 8, 54
"/home/morit/Studium/Master/Forschungsprojekt/nextpnr/3rdparty/googletest/googletest/samples/sample4_unittest.cc", "C++", 12, 0, 0, 0, 0, 0, 0, 0, 0, 0, 0, 0, 0, 0, 0, 0, 0, 0, 0, 0, 0, 0, 0, 0, 0, 0, 0, 32, 10, 54
"/home/morit/Studium/Master/Forschungsprojekt/nextpnr/3rdparty/googletest/googletest/samples/sample5_unittest.cc", "C++", 68, 0, 0, 0, 0, 0, 0, 0, 0, 0, 0, 0, 0, 0, 0, 0, 0, 0, 0, 0, 0, 0, 0, 0, 0, 0, 0, 98, 24, 190
"/home/morit/Studium/Master/Forschungsprojekt/nextpnr/3rdparty/googletest/googletest/samples/sample6_unittest.cc", "C++", 84, 0, 0, 0, 0, 0, 0, 0, 0, 0, 0, 0, 0, 0, 0, 0, 0, 0, 0, 0, 0, 0, 0, 0, 0, 0, 0, 99, 32, 215
"/home/morit/Studium/Master/Forschungsprojekt/nextpnr/3rdparty/googletest/googletest/samples/sample7_unittest.cc", "C++", 50, 0, 0, 0, 0, 0, 0, 0, 0, 0, 0, 0, 0, 0, 0, 0, 0, 0, 0, 0, 0, 0, 0, 0, 0, 0, 0, 50, 14, 114
"/home/morit/Studium/Master/Forschungsprojekt/nextpnr/3rdparty/googletest/googletest/samples/sample8_unittest.cc", "C++", 78, 0, 0, 0, 0, 0, 0, 0, 0, 0, 0, 0, 0, 0, 0, 0, 0, 0, 0, 0, 0, 0, 0, 0, 0, 0, 0, 60, 17, 155
"/home/morit/Studium/Master/Forschungsprojekt/nextpnr/3rdparty/googletest/googletest/samples/sample9_unittest.cc", "C++", 76, 0, 0, 0, 0, 0, 0, 0, 0, 0, 0, 0, 0, 0, 0, 0, 0, 0, 0, 0, 0, 0, 0, 0, 0, 0, 0, 52, 21, 149
"/home/morit/Studium/Master/Forschungsprojekt/nextpnr/3rdparty/googletest/googletest/src/gtest-all.cc", "C++", 10, 0, 0, 0, 0, 0, 0, 0, 0, 0, 0, 0, 0, 0, 0, 0, 0, 0, 0, 0, 0, 0, 0, 0, 0, 0, 0, 36, 4, 50
"/home/morit/Studium/Master/Forschungsprojekt/nextpnr/3rdparty/googletest/googletest/src/gtest-assertion-result.cc", "C++", 26, 0, 0, 0, 0, 0, 0, 0, 0, 0, 0, 0, 0, 0, 0, 0, 0, 0, 0, 0, 0, 0, 0, 0, 0, 0, 0, 39, 13, 78
"/home/morit/Studium/Master/Forschungsprojekt/nextpnr/3rdparty/googletest/googletest/src/gtest-death-test.cc", "C++", 1003, 0, 0, 0, 0, 0, 0, 0, 0, 0, 0, 0, 0, 0, 0, 0, 0, 0, 0, 0, 0, 0, 0, 0, 0, 0, 0, 374, 211, 1588
"/home/morit/Studium/Master/Forschungsprojekt/nextpnr/3rdparty/googletest/googletest/src/gtest-filepath.cc", "C++", 264, 0, 0, 0, 0, 0, 0, 0, 0, 0, 0, 0, 0, 0, 0, 0, 0, 0, 0, 0, 0, 0, 0, 0, 0, 0, 0, 110, 41, 415
"/home/morit/Studium/Master/Forschungsprojekt/nextpnr/3rdparty/googletest/googletest/src/gtest-internal-inl.h", "C++", 600, 0, 0, 0, 0, 0, 0, 0, 0, 0, 0, 0, 0, 0, 0, 0, 0, 0, 0, 0, 0, 0, 0, 0, 0, 0, 0, 420, 215, 1235
"/home/morit/Studium/Master/Forschungsprojekt/nextpnr/3rdparty/googletest/googletest/src/gtest-matchers.cc", "C++", 30, 0, 0, 0, 0, 0, 0, 0, 0, 0, 0, 0, 0, 0, 0, 0, 0, 0, 0, 0, 0, 0, 0, 0, 0, 0, 0, 52, 17, 99
"/home/morit/Studium/Master/Forschungsprojekt/nextpnr/3rdparty/googletest/googletest/src/gtest-port.cc", "C++", 963, 0, 0, 0, 0, 0, 0, 0, 0, 0, 0, 0, 0, 0, 0, 0, 0, 0, 0, 0, 0, 0, 0, 0, 0, 0, 0, 279, 193, 1435
"/home/morit/Studium/Master/Forschungsprojekt/nextpnr/3rdparty/googletest/googletest/src/gtest-printers.cc", "C++", 345, 0, 0, 0, 0, 0, 0, 0, 0, 0, 0, 0, 0, 0, 0, 0, 0, 0, 0, 0, 0, 0, 0, 0, 0, 0, 0, 136, 75, 556
"/home/morit/Studium/Master/Forschungsprojekt/nextpnr/3rdparty/googletest/googletest/src/gtest-test-part.cc", "C++", 53, 0, 0, 0, 0, 0, 0, 0, 0, 0, 0, 0, 0, 0, 0, 0, 0, 0, 0, 0, 0, 0, 0, 0, 0, 0, 0, 36, 18, 107
"/home/morit/Studium/Master/Forschungsprojekt/nextpnr/3rdparty/googletest/googletest/src/gtest-typed-test.cc", "C++", 59, 0, 0, 0, 0, 0, 0, 0, 0, 0, 0, 0, 0, 0, 0, 0, 0, 0, 0, 0, 0, 0, 0, 0, 0, 0, 0, 33, 17, 109
"/home/morit/Studium/Master/Forschungsprojekt/nextpnr/3rdparty/googletest/googletest/src/gtest.cc", "C++", 4800, 0, 0, 0, 0, 0, 0, 0, 0, 0, 0, 0, 0, 0, 0, 0, 0, 0, 0, 0, 0, 0, 0, 0, 0, 0, 0, 1358, 926, 7084
"/home/morit/Studium/Master/Forschungsprojekt/nextpnr/3rdparty/googletest/googletest/src/gtest_main.cc", "C++", 25, 0, 0, 0, 0, 0, 0, 0, 0, 0, 0, 0, 0, 0, 0, 0, 0, 0, 0, 0, 0, 0, 0, 0, 0, 0, 0, 31, 11, 67
"/home/morit/Studium/Master/Forschungsprojekt/nextpnr/3rdparty/googletest/googletest/test/googletest-break-on-failure-unittest.py", "Python", 0, 0, 0, 76, 0, 0, 0, 0, 0, 0, 0, 0, 0, 0, 0, 0, 0, 0, 0, 0, 0, 0, 0, 0, 0, 0, 0, 76, 44, 196
"/home/morit/Studium/Master/Forschungsprojekt/nextpnr/3rdparty/googletest/googletest/test/googletest-break-on-failure-unittest_.cc", "C++", 24, 0, 0, 0, 0, 0, 0, 0, 0, 0, 0, 0, 0, 0, 0, 0, 0, 0, 0, 0, 0, 0, 0, 0, 0, 0, 0, 47, 13, 84
"/home/morit/Studium/Master/Forschungsprojekt/nextpnr/3rdparty/googletest/googletest/test/googletest-catch-exceptions-test.py", "Python", 0, 0, 0, 226, 0, 0, 0, 0, 0, 0, 0, 0, 0, 0, 0, 0, 0, 0, 0, 0, 0, 0, 0, 0, 0, 0, 0, 57, 33, 316
"/home/morit/Studium/Master/Forschungsprojekt/nextpnr/3rdparty/googletest/googletest/test/googletest-catch-exceptions-test_.cc", "C++", 198, 0, 0, 0, 0, 0, 0, 0, 0, 0, 0, 0, 0, 0, 0, 0, 0, 0, 0, 0, 0, 0, 0, 0, 0, 0, 0, 37, 55, 290
"/home/morit/Studium/Master/Forschungsprojekt/nextpnr/3rdparty/googletest/googletest/test/googletest-color-test.py", "Python", 0, 0, 0, 66, 0, 0, 0, 0, 0, 0, 0, 0, 0, 0, 0, 0, 0, 0, 0, 0, 0, 0, 0, 0, 0, 0, 0, 38, 27, 131
"/home/morit/Studium/Master/Forschungsprojekt/nextpnr/3rdparty/googletest/googletest/test/googletest-color-test_.cc", "C++", 15, 0, 0, 0, 0, 0, 0, 0, 0, 0, 0, 0, 0, 0, 0, 0, 0, 0, 0, 0, 0, 0, 0, 0, 0, 0, 0, 38, 8, 61
"/home/morit/Studium/Master/Forschungsprojekt/nextpnr/3rdparty/googletest/googletest/test/googletest-death-test-test.cc", "C++", 1024, 0, 0, 0, 0, 0, 0, 0, 0, 0, 0, 0, 0, 0, 0, 0, 0, 0, 0, 0, 0, 0, 0, 0, 0, 0, 0, 242, 247, 1513
"/home/morit/Studium/Master/Forschungsprojekt/nextpnr/3rdparty/googletest/googletest/test/googletest-death-test_ex_test.cc", "C++", 41, 0, 0, 0, 0, 0, 0, 0, 0, 0, 0, 0, 0, 0, 0, 0, 0, 0, 0, 0, 0, 0, 0, 0, 0, 0, 0, 37, 14, 92
"/home/morit/Studium/Master/Forschungsprojekt/nextpnr/3rdparty/googletest/googletest/test/googletest-env-var-test.py", "Python", 0, 0, 0, 55, 0, 0, 0, 0, 0, 0, 0, 0, 0, 0, 0, 0, 0, 0, 0, 0, 0, 0, 0, 0, 0, 0, 0, 37, 29, 121
"/home/morit/Studium/Master/Forschungsprojekt/nextpnr/3rdparty/googletest/googletest/test/googletest-env-var-test_.cc", "C++", 73, 0, 0, 0, 0, 0, 0, 0, 0, 0, 0, 0, 0, 0, 0, 0, 0, 0, 0, 0, 0, 0, 0, 0, 0, 0, 0, 33, 25, 131
"/home/morit/Studium/Master/Forschungsprojekt/nextpnr/3rdparty/googletest/googletest/test/googletest-fail-if-no-test-linked-test-with-disabled-test_.cc", "C++", 2, 0, 0, 0, 0, 0, 0, 0, 0, 0, 0, 0, 0, 0, 0, 0, 0, 0, 0, 0, 0, 0, 0, 0, 0, 0, 0, 33, 4, 39
"/home/morit/Studium/Master/Forschungsprojekt/nextpnr/3rdparty/googletest/googletest/test/googletest-fail-if-no-test-linked-test-with-enabled-test_.cc", "C++", 2, 0, 0, 0, 0, 0, 0, 0, 0, 0, 0, 0, 0, 0, 0, 0, 0, 0, 0, 0, 0, 0, 0, 0, 0, 0, 0, 33, 4, 39
"/home/morit/Studium/Master/Forschungsprojekt/nextpnr/3rdparty/googletest/googletest/test/googletest-fail-if-no-test-linked-test.py", "Python", 0, 0, 0, 95, 0, 0, 0, 0, 0, 0, 0, 0, 0, 0, 0, 0, 0, 0, 0, 0, 0, 0, 0, 0, 0, 0, 0, 51, 24, 170
"/home/morit/Studium/Master/Forschungsprojekt/nextpnr/3rdparty/googletest/googletest/test/googletest-failfast-unittest.py", "Python", 0, 0, 0, 334, 0, 0, 0, 0, 0, 0, 0, 0, 0, 0, 0, 0, 0, 0, 0, 0, 0, 0, 0, 0, 0, 0, 0, 71, 57, 462
"/home/morit/Studium/Master/Forschungsprojekt/nextpnr/3rdparty/googletest/googletest/test/googletest-failfast-unittest_.cc", "C++", 73, 0, 0, 0, 0, 0, 0, 0, 0, 0, 0, 0, 0, 0, 0, 0, 0, 0, 0, 0, 0, 0, 0, 0, 0, 0, 0, 42, 52, 167
"/home/morit/Studium/Master/Forschungsprojekt/nextpnr/3rdparty/googletest/googletest/test/googletest-filepath-test.cc", "C++", 485, 0, 0, 0, 0, 0, 0, 0, 0, 0, 0, 0, 0, 0, 0, 0, 0, 0, 0, 0, 0, 0, 0, 0, 0, 0, 0, 83, 104, 672
"/home/morit/Studium/Master/Forschungsprojekt/nextpnr/3rdparty/googletest/googletest/test/googletest-filter-unittest.py", "Python", 0, 0, 0, 467, 0, 0, 0, 0, 0, 0, 0, 0, 0, 0, 0, 0, 0, 0, 0, 0, 0, 0, 0, 0, 0, 0, 0, 160, 139, 766
"/home/morit/Studium/Master/Forschungsprojekt/nextpnr/3rdparty/googletest/googletest/test/googletest-filter-unittest_.cc", "C++", 29, 0, 0, 0, 0, 0, 0, 0, 0, 0, 0, 0, 0, 0, 0, 0, 0, 0, 0, 0, 0, 0, 0, 0, 0, 0, 0, 44, 34, 107
"/home/morit/Studium/Master/Forschungsprojekt/nextpnr/3rdparty/googletest/googletest/test/googletest-global-environment-unittest.py", "Python", 0, 0, 0, 71, 0, 0, 0, 0, 0, 0, 0, 0, 0, 0, 0, 0, 0, 0, 0, 0, 0, 0, 0, 0, 0, 0, 0, 50, 21, 142
"/home/morit/Studium/Master/Forschungsprojekt/nextpnr/3rdparty/googletest/googletest/test/googletest-global-environment-unittest_.cc", "C++", 14, 0, 0, 0, 0, 0, 0, 0, 0, 0, 0, 0, 0, 0, 0, 0, 0, 0, 0, 0, 0, 0, 0, 0, 0, 0, 0, 35, 10, 59
"/home/morit/Studium/Master/Forschungsprojekt/nextpnr/3rdparty/googletest/googletest/test/googletest-json-outfiles-test.py", "Python", 0, 0, 0, 129, 0, 0, 0, 0, 0, 0, 0, 0, 0, 0, 0, 0, 0, 0, 0, 0, 0, 0, 0, 0, 0, 0, 0, 34, 18, 181
"/home/morit/Studium/Master/Forschungsprojekt/nextpnr/3rdparty/googletest/googletest/test/googletest-json-output-unittest.py", "Python", 0, 0, 0, 788, 0, 0, 0, 0, 0, 0, 0, 0, 0, 0, 0, 0, 0, 0, 0, 0, 0, 0, 0, 0, 0, 0, 0, 91, 36, 915
"/home/morit/Studium/Master/Forschungsprojekt/nextpnr/3rdparty/googletest/googletest/test/googletest-list-tests-unittest.py", "Python", 0, 0, 0, 110, 0, 0, 0, 0, 0, 0, 0, 0, 0, 0, 0, 0, 0, 0, 0, 0, 0, 0, 0, 0, 0, 0, 0, 107, 9, 226
"/home/morit/Studium/Master/Forschungsprojekt/nextpnr/3rdparty/googletest/googletest/test/googletest-list-tests-unittest_.cc", "C++", 60, 0, 0, 0, 0, 0, 0, 0, 0, 0, 0, 0, 0, 0, 0, 0, 0, 0, 0, 0, 0, 0, 0, 0, 0, 0, 0, 43, 41, 144
"/home/morit/Studium/Master/Forschungsprojekt/nextpnr/3rdparty/googletest/googletest/test/googletest-listener-test.cc", "C++", 405, 0, 0, 0, 0, 0, 0, 0, 0, 0, 0, 0, 0, 0, 0, 0, 0, 0, 0, 0, 0, 0, 0, 0, 0, 0, 0, 43, 62, 510
"/home/morit/Studium/Master/Forschungsprojekt/nextpnr/3rdparty/googletest/googletest/test/googletest-message-test.cc", "C++", 104, 0, 0, 0, 0, 0, 0, 0, 0, 0, 0, 0, 0, 0, 0, 0, 0, 0, 0, 0, 0, 0, 0, 0, 0, 0, 0, 52, 29, 185
"/home/morit/Studium/Master/Forschungsprojekt/nextpnr/3rdparty/googletest/googletest/test/googletest-options-test.cc", "C++", 156, 0, 0, 0, 0, 0, 0, 0, 0, 0, 0, 0, 0, 0, 0, 0, 0, 0, 0, 0, 0, 0, 0, 0, 0, 0, 0, 41, 29, 226
"/home/morit/Studium/Master/Forschungsprojekt/nextpnr/3rdparty/googletest/googletest/test/googletest-output-test.py", "Python", 0, 0, 0, 234, 0, 0, 0, 0, 0, 0, 0, 0, 0, 0, 0, 0, 0, 0, 0, 0, 0, 0, 0, 0, 0, 0, 0, 139, 13, 386
"/home/morit/Studium/Master/Forschungsprojekt/nextpnr/3rdparty/googletest/googletest/test/googletest-output-test_.cc", "C++", 625, 0, 0, 0, 0, 0, 0, 0, 0, 0, 0, 0, 0, 0, 0, 0, 0, 0, 0, 0, 0, 0, 0, 0, 0, 0, 0, 223, 211, 1059
"/home/morit/Studium/Master/Forschungsprojekt/nextpnr/3rdparty/googletest/googletest/test/googletest-param-test-invalid-name1-test.py", "Python", 0, 0, 0, 16, 0, 0, 0, 0, 0, 0, 0, 0, 0, 0, 0, 0, 0, 0, 0, 0, 0, 0, 0, 0, 0, 0, 0, 32, 16, 64
"/home/morit/Studium/Master/Forschungsprojekt/nextpnr/3rdparty/googletest/googletest/test/googletest-param-test-invalid-name1-test_.cc", "C++", 12, 0, 0, 0, 0, 0, 0, 0, 0, 0, 0, 0, 0, 0, 0, 0, 0, 0, 0, 0, 0, 0, 0, 0, 0, 0, 0, 28, 7, 47
"/home/morit/Studium/Master/Forschungsprojekt/nextpnr/3rdparty/googletest/googletest/test/googletest-param-test-invalid-name2-test.py", "Python", 0, 0, 0, 16, 0, 0, 0, 0, 0, 0, 0, 0, 0, 0, 0, 0, 0, 0, 0, 0, 0, 0, 0, 0, 0, 0, 0, 32, 16, 64
"/home/morit/Studium/Master/Forschungsprojekt/nextpnr/3rdparty/googletest/googletest/test/googletest-param-test-invalid-name2-test_.cc", "C++", 17, 0, 0, 0, 0, 0, 0, 0, 0, 0, 0, 0, 0, 0, 0, 0, 0, 0, 0, 0, 0, 0, 0, 0, 0, 0, 0, 28, 8, 53
"/home/morit/Studium/Master/Forschungsprojekt/nextpnr/3rdparty/googletest/googletest/test/googletest-param-test-test.cc", "C++", 843, 0, 0, 0, 0, 0, 0, 0, 0, 0, 0, 0, 0, 0, 0, 0, 0, 0, 0, 0, 0, 0, 0, 0, 0, 0, 0, 192, 209, 1244
"/home/morit/Studium/Master/Forschungsprojekt/nextpnr/3rdparty/googletest/googletest/test/googletest-param-test-test.h", "C++", 7, 0, 0, 0, 0, 0, 0, 0, 0, 0, 0, 0, 0, 0, 0, 0, 0, 0, 0, 0, 0, 0, 0, 0, 0, 0, 0, 37, 6, 50
"/home/morit/Studium/Master/Forschungsprojekt/nextpnr/3rdparty/googletest/googletest/test/googletest-param-test2-test.cc", "C++", 9, 0, 0, 0, 0, 0, 0, 0, 0, 0, 0, 0, 0, 0, 0, 0, 0, 0, 0, 0, 0, 0, 0, 0, 0, 0, 0, 43, 7, 59
"/home/morit/Studium/Master/Forschungsprojekt/nextpnr/3rdparty/googletest/googletest/test/googletest-port-test.cc", "C++", 979, 0, 0, 0, 0, 0, 0, 0, 0, 0, 0, 0, 0, 0, 0, 0, 0, 0, 0, 0, 0, 0, 0, 0, 0, 0, 0, 101, 222, 1302
"/home/morit/Studium/Master/Forschungsprojekt/nextpnr/3rdparty/googletest/googletest/test/googletest-printers-test.cc", "C++", 1437, 0, 0, 0, 0, 0, 0, 0, 0, 0, 0, 0, 0, 0, 0, 0, 0, 0, 0, 0, 0, 0, 0, 0, 0, 0, 0, 303, 325, 2065
"/home/morit/Studium/Master/Forschungsprojekt/nextpnr/3rdparty/googletest/googletest/test/googletest-setuptestsuite-test.py", "Python", 0, 0, 0, 18, 0, 0, 0, 0, 0, 0, 0, 0, 0, 0, 0, 0, 0, 0, 0, 0, 0, 0, 0, 0, 0, 0, 0, 31, 10, 59
"/home/morit/Studium/Master/Forschungsprojekt/nextpnr/3rdparty/googletest/googletest/test/googletest-setuptestsuite-test_.cc", "C++", 11, 0, 0, 0, 0, 0, 0, 0, 0, 0, 0, 0, 0, 0, 0, 0, 0, 0, 0, 0, 0, 0, 0, 0, 0, 0, 0, 28, 6, 45
"/home/morit/Studium/Master/Forschungsprojekt/nextpnr/3rdparty/googletest/googletest/test/googletest-shuffle-test.py", "Python", 0, 0, 0, 245, 0, 0, 0, 0, 0, 0, 0, 0, 0, 0, 0, 0, 0, 0, 0, 0, 0, 0, 0, 0, 0, 0, 0, 73, 61, 379
"/home/morit/Studium/Master/Forschungsprojekt/nextpnr/3rdparty/googletest/googletest/test/googletest-shuffle-test_.cc", "C++", 46, 0, 0, 0, 0, 0, 0, 0, 0, 0, 0, 0, 0, 0, 0, 0, 0, 0, 0, 0, 0, 0, 0, 0, 0, 0, 0, 35, 19, 100
"/home/morit/Studium/Master/Forschungsprojekt/nextpnr/3rdparty/googletest/googletest/test/googletest-test-part-test.cc", "C++", 141, 0, 0, 0, 0, 0, 0, 0, 0, 0, 0, 0, 0, 0, 0, 0, 0, 0, 0, 0, 0, 0, 0, 0, 0, 0, 0, 47, 33, 221
"/home/morit/Studium/Master/Forschungsprojekt/nextpnr/3rdparty/googletest/googletest/test/googletest-throw-on-failure-test.py", "Python", 0, 0, 0, 63, 0, 0, 0, 0, 0, 0, 0, 0, 0, 0, 0, 0, 0, 0, 0, 0, 0, 0, 0, 0, 0, 0, 0, 68, 36, 167
"/home/morit/Studium/Master/Forschungsprojekt/nextpnr/3rdparty/googletest/googletest/test/googletest-throw-on-failure-test_.cc", "C++", 17, 0, 0, 0, 0, 0, 0, 0, 0, 0, 0, 0, 0, 0, 0, 0, 0, 0, 0, 0, 0, 0, 0, 0, 0, 0, 0, 45, 10, 72
"/home/morit/Studium/Master/Forschungsprojekt/nextpnr/3rdparty/googletest/googletest/test/googletest-uninitialized-test.py", "Python", 0, 0, 0, 22, 0, 0, 0, 0, 0, 0, 0, 0, 0, 0, 0, 0, 0, 0, 0, 0, 0, 0, 0, 0, 0, 0, 0, 33, 16, 71
"/home/morit/Studium/Master/Forschungsprojekt/nextpnr/3rdparty/googletest/googletest/test/googletest-uninitialized-test_.cc", "C++", 4, 0, 0, 0, 0, 0, 0, 0, 0, 0, 0, 0, 0, 0, 0, 0, 0, 0, 0, 0, 0, 0, 0, 0, 0, 0, 0, 32, 4, 40
"/home/morit/Studium/Master/Forschungsprojekt/nextpnr/3rdparty/googletest/googletest/test/gtest-typed-test2_test.cc", "C++", 5, 0, 0, 0, 0, 0, 0, 0, 0, 0, 0, 0, 0, 0, 0, 0, 0, 0, 0, 0, 0, 0, 0, 0, 0, 0, 0, 31, 4, 40
"/home/morit/Studium/Master/Forschungsprojekt/nextpnr/3rdparty/googletest/googletest/test/gtest-typed-test_test.cc", "C++", 236, 0, 0, 0, 0, 0, 0, 0, 0, 0, 0, 0, 0, 0, 0, 0, 0, 0, 0, 0, 0, 0, 0, 0, 0, 0, 0, 98, 90, 424
"/home/morit/Studium/Master/Forschungsprojekt/nextpnr/3rdparty/googletest/googletest/test/gtest-typed-test_test.h", "C++", 15, 0, 0, 0, 0, 0, 0, 0, 0, 0, 0, 0, 0, 0, 0, 0, 0, 0, 0, 0, 0, 0, 0, 0, 0, 0, 0, 32, 11, 58
"/home/morit/Studium/Master/Forschungsprojekt/nextpnr/3rdparty/googletest/googletest/test/gtest-unittest-api_test.cc", "C++", 222, 0, 0, 0, 0, 0, 0, 0, 0, 0, 0, 0, 0, 0, 0, 0, 0, 0, 0, 0, 0, 0, 0, 0, 0, 0, 0, 47, 60, 329
"/home/morit/Studium/Master/Forschungsprojekt/nextpnr/3rdparty/googletest/googletest/test/gtest_all_test.cc", "C++", 12, 0, 0, 0, 0, 0, 0, 0, 0, 0, 0, 0, 0, 0, 0, 0, 0, 0, 0, 0, 0, 0, 0, 0, 0, 0, 0, 33, 2, 47
"/home/morit/Studium/Master/Forschungsprojekt/nextpnr/3rdparty/googletest/googletest/test/gtest_assert_by_exception_test.cc", "C++", 58, 0, 0, 0, 0, 0, 0, 0, 0, 0, 0, 0, 0, 0, 0, 0, 0, 0, 0, 0, 0, 0, 0, 0, 0, 0, 0, 38, 17, 113
"/home/morit/Studium/Master/Forschungsprojekt/nextpnr/3rdparty/googletest/googletest/test/gtest_dirs_test.cc", "C++", 70, 0, 0, 0, 0, 0, 0, 0, 0, 0, 0, 0, 0, 0, 0, 0, 0, 0, 0, 0, 0, 0, 0, 0, 0, 0, 0, 13, 19, 102
"/home/morit/Studium/Master/Forschungsprojekt/nextpnr/3rdparty/googletest/googletest/test/gtest_environment_test.cc", "C++", 107, 0, 0, 0, 0, 0, 0, 0, 0, 0, 0, 0, 0, 0, 0, 0, 0, 0, 0, 0, 0, 0, 0, 0, 0, 0, 0, 57, 24, 188
"/home/morit/Studium/Master/Forschungsprojekt/nextpnr/3rdparty/googletest/googletest/test/gtest_help_test.py", "Python", 0, 0, 0, 90, 0, 0, 0, 0, 0, 0, 0, 0, 0, 0, 0, 0, 0, 0, 0, 0, 0, 0, 0, 0, 0, 0, 0, 64, 30, 184
"/home/morit/Studium/Master/Forschungsprojekt/nextpnr/3rdparty/googletest/googletest/test/gtest_help_test_.cc", "C++", 7, 0, 0, 0, 0, 0, 0, 0, 0, 0, 0, 0, 0, 0, 0, 0, 0, 0, 0, 0, 0, 0, 0, 0, 0, 0, 0, 33, 5, 45
"/home/morit/Studium/Master/Forschungsprojekt/nextpnr/3rdparty/googletest/googletest/test/gtest_json_test_utils.py", "Python", 0, 0, 0, 23, 0, 0, 0, 0, 0, 0, 0, 0, 0, 0, 0, 0, 0, 0, 0, 0, 0, 0, 0, 0, 0, 0, 0, 38, 7, 68
"/home/morit/Studium/Master/Forschungsprojekt/nextpnr/3rdparty/googletest/googletest/test/gtest_list_output_unittest.py", "Python", 0, 0, 0, 225, 0, 0, 0, 0, 0, 0, 0, 0, 0, 0, 0, 0, 0, 0, 0, 0, 0, 0, 0, 0, 0, 0, 0, 50, 15, 290
"/home/morit/Studium/Master/Forschungsprojekt/nextpnr/3rdparty/googletest/googletest/test/gtest_list_output_unittest_.cc", "C++", 29, 0, 0, 0, 0, 0, 0, 0, 0, 0, 0, 0, 0, 0, 0, 0, 0, 0, 0, 0, 0, 0, 0, 0, 0, 0, 0, 38, 11, 78
"/home/morit/Studium/Master/Forschungsprojekt/nextpnr/3rdparty/googletest/googletest/test/gtest_main_unittest.cc", "C++", 4, 0, 0, 0, 0, 0, 0, 0, 0, 0, 0, 0, 0, 0, 0, 0, 0, 0, 0, 0, 0, 0, 0, 0, 0, 0, 0, 32, 7, 43
"/home/morit/Studium/Master/Forschungsprojekt/nextpnr/3rdparty/googletest/googletest/test/gtest_no_test_unittest.cc", "C++", 6, 0, 0, 0, 0, 0, 0, 0, 0, 0, 0, 0, 0, 0, 0, 0, 0, 0, 0, 0, 0, 0, 0, 0, 0, 0, 0, 43, 6, 55
"/home/morit/Studium/Master/Forschungsprojekt/nextpnr/3rdparty/googletest/googletest/test/gtest_pred_impl_unittest.cc", "C++", 1394, 0, 0, 0, 0, 0, 0, 0, 0, 0, 0, 0, 0, 0, 0, 0, 0, 0, 0, 0, 0, 0, 0, 0, 0, 0, 0, 431, 246, 2071
"/home/morit/Studium/Master/Forschungsprojekt/nextpnr/3rdparty/googletest/googletest/test/gtest_premature_exit_test.cc", "C++", 62, 0, 0, 0, 0, 0, 0, 0, 0, 0, 0, 0, 0, 0, 0, 0, 0, 0, 0, 0, 0, 0, 0, 0, 0, 0, 0, 47, 20, 129
"/home/morit/Studium/Master/Forschungsprojekt/nextpnr/3rdparty/googletest/googletest/test/gtest_prod_test.cc", "C++", 15, 0, 0, 0, 0, 0, 0, 0, 0, 0, 0, 0, 0, 0, 0, 0, 0, 0, 0, 0, 0, 0, 0, 0, 0, 0, 0, 34, 8, 57
"/home/morit/Studium/Master/Forschungsprojekt/nextpnr/3rdparty/googletest/googletest/test/gtest_repeat_test.cc", "C++", 125, 0, 0, 0, 0, 0, 0, 0, 0, 0, 0, 0, 0, 0, 0, 0, 0, 0, 0, 0, 0, 0, 0, 0, 0, 0, 0, 52, 44, 221
"/home/morit/Studium/Master/Forschungsprojekt/nextpnr/3rdparty/googletest/googletest/test/gtest_skip_check_output_test.py", "Python", 0, 0, 0, 15, 0, 0, 0, 0, 0, 0, 0, 0, 0, 0, 0, 0, 0, 0, 0, 0, 0, 0, 0, 0, 0, 0, 0, 36, 10, 61
"/home/morit/Studium/Master/Forschungsprojekt/nextpnr/3rdparty/googletest/googletest/test/gtest_skip_environment_check_output_test.py", "Python", 0, 0, 0, 11, 0, 0, 0, 0, 0, 0, 0, 0, 0, 0, 0, 0, 0, 0, 0, 0, 0, 0, 0, 0, 0, 0, 0, 36, 9, 56
"/home/morit/Studium/Master/Forschungsprojekt/nextpnr/3rdparty/googletest/googletest/test/gtest_skip_in_environment_setup_test.cc", "C++", 12, 0, 0, 0, 0, 0, 0, 0, 0, 0, 0, 0, 0, 0, 0, 0, 0, 0, 0, 0, 0, 0, 0, 0, 0, 0, 0, 31, 8, 51
"/home/morit/Studium/Master/Forschungsprojekt/nextpnr/3rdparty/googletest/googletest/test/gtest_skip_test.cc", "C++", 14, 0, 0, 0, 0, 0, 0, 0, 0, 0, 0, 0, 0, 0, 0, 0, 0, 0, 0, 0, 0, 0, 0, 0, 0, 0, 0, 31, 7, 52
"/home/morit/Studium/Master/Forschungsprojekt/nextpnr/3rdparty/googletest/googletest/test/gtest_sole_header_test.cc", "C++", 16, 0, 0, 0, 0, 0, 0, 0, 0, 0, 0, 0, 0, 0, 0, 0, 0, 0, 0, 0, 0, 0, 0, 0, 0, 0, 0, 31, 8, 55
"/home/morit/Studium/Master/Forschungsprojekt/nextpnr/3rdparty/googletest/googletest/test/gtest_stress_test.cc", "C++", 140, 0, 0, 0, 0, 0, 0, 0, 0, 0, 0, 0, 0, 0, 0, 0, 0, 0, 0, 0, 0, 0, 0, 0, 0, 0, 0, 67, 39, 246
"/home/morit/Studium/Master/Forschungsprojekt/nextpnr/3rdparty/googletest/googletest/test/gtest_test_macro_stack_footprint_test.cc", "C++", 39, 0, 0, 0, 0, 0, 0, 0, 0, 0, 0, 0, 0, 0, 0, 0, 0, 0, 0, 0, 0, 0, 0, 0, 0, 0, 0, 42, 9, 90
"/home/morit/Studium/Master/Forschungsprojekt/nextpnr/3rdparty/googletest/googletest/test/gtest_test_utils.py", "Python", 0, 0, 0, 109, 0, 0, 0, 0, 0, 0, 0, 0, 0, 0, 0, 0, 0, 0, 0, 0, 0, 0, 0, 0, 0, 0, 0, 101, 53, 263
"/home/morit/Studium/Master/Forschungsprojekt/nextpnr/3rdparty/googletest/googletest/test/gtest_testbridge_test.py", "Python", 0, 0, 0, 19, 0, 0, 0, 0, 0, 0, 0, 0, 0, 0, 0, 0, 0, 0, 0, 0, 0, 0, 0, 0, 0, 0, 0, 31, 14, 64
"/home/morit/Studium/Master/Forschungsprojekt/nextpnr/3rdparty/googletest/googletest/test/gtest_testbridge_test_.cc", "C++", 5, 0, 0, 0, 0, 0, 0, 0, 0, 0, 0, 0, 0, 0, 0, 0, 0, 0, 0, 0, 0, 0, 0, 0, 0, 0, 0, 32, 6, 43
"/home/morit/Studium/Master/Forschungsprojekt/nextpnr/3rdparty/googletest/googletest/test/gtest_throw_on_failure_ex_test.cc", "C++", 36, 0, 0, 0, 0, 0, 0, 0, 0, 0, 0, 0, 0, 0, 0, 0, 0, 0, 0, 0, 0, 0, 0, 0, 0, 0, 0, 42, 13, 91
"/home/morit/Studium/Master/Forschungsprojekt/nextpnr/3rdparty/googletest/googletest/test/gtest_unittest.cc", "C++", 5364, 0, 0, 0, 0, 0, 0, 0, 0, 0, 0, 0, 0, 0, 0, 0, 0, 0, 0, 0, 0, 0, 0, 0, 0, 0, 0, 1114, 1346, 7824
"/home/morit/Studium/Master/Forschungsprojekt/nextpnr/3rdparty/googletest/googletest/test/gtest_xml_outfile1_test_.cc", "C++", 9, 0, 0, 0, 0, 0, 0, 0, 0, 0, 0, 0, 0, 0, 0, 0, 0, 0, 0, 0, 0, 0, 0, 0, 0, 0, 0, 31, 4, 44
"/home/morit/Studium/Master/Forschungsprojekt/nextpnr/3rdparty/googletest/googletest/test/gtest_xml_outfile2_test_.cc", "C++", 32, 0, 0, 0, 0, 0, 0, 0, 0, 0, 0, 0, 0, 0, 0, 0, 0, 0, 0, 0, 0, 0, 0, 0, 0, 0, 0, 32, 14, 78
"/home/morit/Studium/Master/Forschungsprojekt/nextpnr/3rdparty/googletest/googletest/test/gtest_xml_outfiles_test.py", "Python", 0, 0, 0, 95, 0, 0, 0, 0, 0, 0, 0, 0, 0, 0, 0, 0, 0, 0, 0, 0, 0, 0, 0, 0, 0, 0, 0, 35, 18, 148
"/home/morit/Studium/Master/Forschungsprojekt/nextpnr/3rdparty/googletest/googletest/test/gtest_xml_output_unittest.py", "Python", 0, 0, 0, 374, 0, 0, 0, 0, 0, 0, 0, 0, 0, 0, 0, 0, 0, 0, 0, 0, 0, 0, 0, 0, 0, 0, 0, 100, 40, 514
"/home/morit/Studium/Master/Forschungsprojekt/nextpnr/3rdparty/googletest/googletest/test/gtest_xml_output_unittest_.cc", "C++", 130, 0, 0, 0, 0, 0, 0, 0, 0, 0, 0, 0, 0, 0, 0, 0, 0, 0, 0, 0, 0, 0, 0, 0, 0, 0, 0, 48, 40, 218
"/home/morit/Studium/Master/Forschungsprojekt/nextpnr/3rdparty/googletest/googletest/test/gtest_xml_test_utils.py", "Python", 0, 0, 0, 129, 0, 0, 0, 0, 0, 0, 0, 0, 0, 0, 0, 0, 0, 0, 0, 0, 0, 0, 0, 0, 0, 0, 0, 98, 16, 243
"/home/morit/Studium/Master/Forschungsprojekt/nextpnr/3rdparty/googletest/googletest/test/production.cc", "C++", 2, 0, 0, 0, 0, 0, 0, 0, 0, 0, 0, 0, 0, 0, 0, 0, 0, 0, 0, 0, 0, 0, 0, 0, 0, 0, 0, 30, 4, 36
"/home/morit/Studium/Master/Forschungsprojekt/nextpnr/3rdparty/googletest/googletest/test/production.h", "C++", 14, 0, 0, 0, 0, 0, 0, 0, 0, 0, 0, 0, 0, 0, 0, 0, 0, 0, 0, 0, 0, 0, 0, 0, 0, 0, 0, 32, 10, 56
"/home/morit/Studium/Master/Forschungsprojekt/nextpnr/3rdparty/imgui/.travis.yml", "YAML", 0, 0, 0, 0, 0, 0, 0, 0, 30, 0, 0, 0, 0, 0, 0, 0, 0, 0, 0, 0, 0, 0, 0, 0, 0, 0, 0, 0, 5, 35
"/home/morit/Studium/Master/Forschungsprojekt/nextpnr/3rdparty/imgui/docs/README.md", "Markdown", 0, 0, 249, 0, 0, 0, 0, 0, 0, 0, 0, 0, 0, 0, 0, 0, 0, 0, 0, 0, 0, 0, 0, 0, 0, 0, 0, 0, 87, 336
"/home/morit/Studium/Master/Forschungsprojekt/nextpnr/3rdparty/imgui/examples/example_allegro5/README.md", "Markdown", 0, 0, 16, 0, 0, 0, 0, 0, 0, 0, 0, 0, 0, 0, 0, 0, 0, 0, 0, 0, 0, 0, 0, 0, 0, 0, 0, 0, 8, 24
"/home/morit/Studium/Master/Forschungsprojekt/nextpnr/3rdparty/imgui/examples/example_allegro5/example_allegro5.vcxproj", "XML", 0, 0, 0, 0, 0, 0, 0, 0, 0, 0, 0, 0, 0, 0, 174, 0, 0, 0, 0, 0, 0, 0, 0, 0, 0, 0, 0, 0, 0, 174
"/home/morit/Studium/Master/Forschungsprojekt/nextpnr/3rdparty/imgui/examples/example_allegro5/imconfig_allegro5.h", "C++", 2, 0, 0, 0, 0, 0, 0, 0, 0, 0, 0, 0, 0, 0, 0, 0, 0, 0, 0, 0, 0, 0, 0, 0, 0, 0, 0, 7, 3, 12
"/home/morit/Studium/Master/Forschungsprojekt/nextpnr/3rdparty/imgui/examples/example_allegro5/main.cpp", "C++", 81, 0, 0, 0, 0, 0, 0, 0, 0, 0, 0, 0, 0, 0, 0, 0, 0, 0, 0, 0, 0, 0, 0, 0, 0, 0, 0, 33, 20, 134
"/home/morit/Studium/Master/Forschungsprojekt/nextpnr/3rdparty/imgui/examples/example_apple_metal/README.md", "Markdown", 0, 0, 4, 0, 0, 0, 0, 0, 0, 0, 0, 0, 0, 0, 0, 0, 0, 0, 0, 0, 0, 0, 0, 0, 0, 0, 0, 0, 5, 9
"/home/morit/Studium/Master/Forschungsprojekt/nextpnr/3rdparty/imgui/examples/example_apple_metal/Shared/AppDelegate.h", "C++", 11, 0, 0, 0, 0, 0, 0, 0, 0, 0, 0, 0, 0, 0, 0, 0, 0, 0, 0, 0, 0, 0, 0, 0, 0, 0, 0, 0, 9, 20
"/home/morit/Studium/Master/Forschungsprojekt/nextpnr/3rdparty/imgui/examples/example_apple_metal/Shared/AppDelegate.m", "Objective-C", 0, 0, 0, 0, 0, 0, 0, 0, 0, 0, 0, 0, 0, 0, 0, 0, 0, 0, 8, 0, 0, 0, 0, 0, 0, 0, 0, 0, 5, 13
"/home/morit/Studium/Master/Forschungsprojekt/nextpnr/3rdparty/imgui/examples/example_apple_metal/Shared/Renderer.h", "C++", 4, 0, 0, 0, 0, 0, 0, 0, 0, 0, 0, 0, 0, 0, 0, 0, 0, 0, 0, 0, 0, 0, 0, 0, 0, 0, 0, 0, 6, 10
"/home/morit/Studium/Master/Forschungsprojekt/nextpnr/3rdparty/imgui/examples/example_apple_metal/Shared/Renderer.mm", "Objective-C++", 0, 0, 0, 0, 0, 0, 0, 0, 0, 0, 0, 0, 0, 0, 0, 0, 0, 93, 0, 0, 0, 0, 0, 0, 0, 0, 0, 6, 34, 133
"/home/morit/Studium/Master/Forschungsprojekt/nextpnr/3rdparty/imgui/examples/example_apple_metal/Shared/ViewController.h", "C++", 12, 0, 0, 0, 0, 0, 0, 0, 0, 0, 0, 0, 0, 0, 0, 0, 0, 0, 0, 0, 0, 0, 0, 0, 0, 0, 0, 0, 9, 21
"/home/morit/Studium/Master/Forschungsprojekt/nextpnr/3rdparty/imgui/examples/example_apple_metal/Shared/ViewController.mm", "Objective-C++", 0, 0, 0, 0, 0, 0, 0, 0, 0, 0, 0, 0, 0, 0, 0, 0, 0, 88, 0, 0, 0, 0, 0, 0, 0, 0, 0, 11, 32, 131
"/home/morit/Studium/Master/Forschungsprojekt/nextpnr/3rdparty/imgui/examples/example_apple_metal/Shared/main.m", "Objective-C", 0, 0, 0, 0, 0, 0, 0, 0, 0, 0, 0, 0, 0, 0, 0, 0, 0, 0, 15, 0, 0, 0, 0, 0, 0, 0, 0, 0, 9, 24
"/home/morit/Studium/Master/Forschungsprojekt/nextpnr/3rdparty/imgui/examples/example_apple_metal/iOS/Base.lproj/Main.storyboard", "XML", 0, 0, 0, 0, 0, 0, 0, 0, 0, 0, 0, 0, 0, 0, 27, 0, 0, 0, 0, 0, 0, 0, 0, 0, 0, 0, 0, 1, 1, 29
"/home/morit/Studium/Master/Forschungsprojekt/nextpnr/3rdparty/imgui/examples/example_apple_metal/iOS/Launch Screen.storyboard", "XML", 0, 0, 0, 0, 0, 0, 0, 0, 0, 0, 0, 0, 0, 0, 28, 0, 0, 0, 0, 0, 0, 0, 0, 0, 0, 0, 0, 1, 1, 30
"/home/morit/Studium/Master/Forschungsprojekt/nextpnr/3rdparty/imgui/examples/example_apple_metal/macOS/Base.lproj/Main.storyboard", "XML", 0, 0, 0, 0, 0, 0, 0, 0, 0, 0, 0, 0, 0, 0, 127, 0, 0, 0, 0, 0, 0, 0, 0, 0, 0, 0, 0, 3, 1, 131
"/home/morit/Studium/Master/Forschungsprojekt/nextpnr/3rdparty/imgui/examples/example_apple_opengl2/main.mm", "Objective-C++", 0, 0, 0, 0, 0, 0, 0, 0, 0, 0, 0, 0, 0, 0, 0, 0, 0, 188, 0, 0, 0, 0, 0, 0, 0, 0, 0, 37, 57, 282
"/home/morit/Studium/Master/Forschungsprojekt/nextpnr/3rdparty/imgui/examples/example_freeglut_opengl2/example_freeglut_opengl2.vcxproj", "XML", 0, 0, 0, 0, 0, 0, 0, 0, 0, 0, 0, 0, 0, 0, 175, 0, 0, 0, 0, 0, 0, 0, 0, 0, 0, 0, 0, 0, 0, 175
"/home/morit/Studium/Master/Forschungsprojekt/nextpnr/3rdparty/imgui/examples/example_freeglut_opengl2/main.cpp", "C++", 73, 0, 0, 0, 0, 0, 0, 0, 0, 0, 0, 0, 0, 0, 0, 0, 0, 0, 0, 0, 0, 0, 0, 0, 0, 0, 0, 36, 26, 135
"/home/morit/Studium/Master/Forschungsprojekt/nextpnr/3rdparty/imgui/examples/example_glfw_opengl2/build_win32.bat", "Batch", 0, 0, 0, 0, 0, 0, 0, 0, 0, 0, 0, 0, 0, 0, 0, 2, 0, 0, 0, 0, 0, 0, 0, 0, 0, 0, 0, 1, 1, 4
"/home/morit/Studium/Master/Forschungsprojekt/nextpnr/3rdparty/imgui/examples/example_glfw_opengl2/example_glfw_opengl2.vcxproj", "XML", 0, 0, 0, 0, 0, 0, 0, 0, 0, 0, 0, 0, 0, 0, 175, 0, 0, 0, 0, 0, 0, 0, 0, 0, 0, 0, 0, 0, 0, 175
"/home/morit/Studium/Master/Forschungsprojekt/nextpnr/3rdparty/imgui/examples/example_glfw_opengl2/main.cpp", "C++", 77, 0, 0, 0, 0, 0, 0, 0, 0, 0, 0, 0, 0, 0, 0, 0, 0, 0, 0, 0, 0, 0, 0, 0, 0, 0, 0, 39, 25, 141
"/home/morit/Studium/Master/Forschungsprojekt/nextpnr/3rdparty/imgui/examples/example_glfw_opengl3/build_win32.bat", "Batch", 0, 0, 0, 0, 0, 0, 0, 0, 0, 0, 0, 0, 0, 0, 0, 2, 0, 0, 0, 0, 0, 0, 0, 0, 0, 0, 0, 1, 1, 4
"/home/morit/Studium/Master/Forschungsprojekt/nextpnr/3rdparty/imgui/examples/example_glfw_opengl3/example_glfw_opengl3.vcxproj", "XML", 0, 0, 0, 0, 0, 0, 0, 0, 0, 0, 0, 0, 0, 0, 178, 0, 0, 0, 0, 0, 0, 0, 0, 0, 0, 0, 0, 0, 0, 178
"/home/morit/Studium/Master/Forschungsprojekt/nextpnr/3rdparty/imgui/examples/example_glfw_opengl3/main.cpp", "C++", 110, 0, 0, 0, 0, 0, 0, 0, 0, 0, 0, 0, 0, 0, 0, 0, 0, 0, 0, 0, 0, 0, 0, 0, 0, 0, 0, 45, 29, 184
"/home/morit/Studium/Master/Forschungsprojekt/nextpnr/3rdparty/imgui/examples/example_glfw_vulkan/CMakeLists.txt", "CMake", 0, 28, 0, 0, 0, 0, 0, 0, 0, 0, 0, 0, 0, 0, 0, 0, 0, 0, 0, 0, 0, 0, 0, 0, 0, 0, 0, 0, 9, 37
"/home/morit/Studium/Master/Forschungsprojekt/nextpnr/3rdparty/imgui/examples/example_glfw_vulkan/build_win32.bat", "Batch", 0, 0, 0, 0, 0, 0, 0, 0, 0, 0, 0, 0, 0, 0, 0, 4, 0, 0, 0, 0, 0, 0, 0, 0, 0, 0, 0, 1, 3, 8
"/home/morit/Studium/Master/Forschungsprojekt/nextpnr/3rdparty/imgui/examples/example_glfw_vulkan/build_win64.bat", "Batch", 0, 0, 0, 0, 0, 0, 0, 0, 0, 0, 0, 0, 0, 0, 0, 4, 0, 0, 0, 0, 0, 0, 0, 0, 0, 0, 0, 1, 3, 8
"/home/morit/Studium/Master/Forschungsprojekt/nextpnr/3rdparty/imgui/examples/example_glfw_vulkan/example_glfw_vulkan.vcxproj", "XML", 0, 0, 0, 0, 0, 0, 0, 0, 0, 0, 0, 0, 0, 0, 175, 0, 0, 0, 0, 0, 0, 0, 0, 0, 0, 0, 0, 0, 0, 175
"/home/morit/Studium/Master/Forschungsprojekt/nextpnr/3rdparty/imgui/examples/example_glfw_vulkan/gen_spv.sh", "Shell Script", 0, 0, 0, 0, 0, 0, 0, 2, 0, 0, 0, 0, 0, 0, 0, 0, 0, 0, 0, 0, 0, 0, 0, 0, 0, 0, 0, 1, 1, 4
"/home/morit/Studium/Master/Forschungsprojekt/nextpnr/3rdparty/imgui/examples/example_glfw_vulkan/glsl_shader.frag", "GLSL", 0, 0, 0, 0, 0, 0, 0, 0, 0, 0, 0, 0, 0, 0, 0, 0, 0, 0, 0, 11, 0, 0, 0, 0, 0, 0, 0, 0, 4, 15
"/home/morit/Studium/Master/Forschungsprojekt/nextpnr/3rdparty/imgui/examples/example_glfw_vulkan/glsl_shader.vert", "GLSL", 0, 0, 0, 0, 0, 0, 0, 0, 0, 0, 0, 0, 0, 0, 0, 0, 0, 0, 0, 21, 0, 0, 0, 0, 0, 0, 0, 0, 5, 26
"/home/morit/Studium/Master/Forschungsprojekt/nextpnr/3rdparty/imgui/examples/example_glfw_vulkan/main.cpp", "C++", 367, 0, 0, 0, 0, 0, 0, 0, 0, 0, 0, 0, 0, 0, 0, 0, 0, 0, 0, 0, 0, 0, 0, 0, 0, 0, 0, 64, 69, 500
"/home/morit/Studium/Master/Forschungsprojekt/nextpnr/3rdparty/imgui/examples/example_marmalade/main.cpp", "C++", 63, 0, 0, 0, 0, 0, 0, 0, 0, 0, 0, 0, 0, 0, 0, 0, 0, 0, 0, 0, 0, 0, 0, 0, 0, 0, 0, 34, 24, 121
"/home/morit/Studium/Master/Forschungsprojekt/nextpnr/3rdparty/imgui/examples/example_null/build_win32.bat", "Batch", 0, 0, 0, 0, 0, 0, 0, 0, 0, 0, 0, 0, 0, 0, 0, 2, 0, 0, 0, 0, 0, 0, 0, 0, 0, 0, 0, 1, 1, 4
"/home/morit/Studium/Master/Forschungsprojekt/nextpnr/3rdparty/imgui/examples/example_null/main.cpp", "C++", 27, 0, 0, 0, 0, 0, 0, 0, 0, 0, 0, 0, 0, 0, 0, 0, 0, 0, 0, 0, 0, 0, 0, 0, 0, 0, 0, 2, 7, 36
"/home/morit/Studium/Master/Forschungsprojekt/nextpnr/3rdparty/imgui/examples/example_sdl_opengl2/README.md", "Markdown", 0, 0, 15, 0, 0, 0, 0, 0, 0, 0, 0, 0, 0, 0, 0, 0, 0, 0, 0, 0, 0, 0, 0, 0, 0, 0, 0, 0, 8, 23
"/home/morit/Studium/Master/Forschungsprojekt/nextpnr/3rdparty/imgui/examples/example_sdl_opengl2/build_win32.bat", "Batch", 0, 0, 0, 0, 0, 0, 0, 0, 0, 0, 0, 0, 0, 0, 0, 2, 0, 0, 0, 0, 0, 0, 0, 0, 0, 0, 0, 1, 1, 4
"/home/morit/Studium/Master/Forschungsprojekt/nextpnr/3rdparty/imgui/examples/example_sdl_opengl2/example_sdl_opengl2.vcxproj", "XML", 0, 0, 0, 0, 0, 0, 0, 0, 0, 0, 0, 0, 0, 0, 175, 0, 0, 0, 0, 0, 0, 0, 0, 0, 0, 0, 0, 0, 0, 175
"/home/morit/Studium/Master/Forschungsprojekt/nextpnr/3rdparty/imgui/examples/example_sdl_opengl2/main.cpp", "C++", 86, 0, 0, 0, 0, 0, 0, 0, 0, 0, 0, 0, 0, 0, 0, 0, 0, 0, 0, 0, 0, 0, 0, 0, 0, 0, 0, 39, 24, 149
"/home/morit/Studium/Master/Forschungsprojekt/nextpnr/3rdparty/imgui/examples/example_sdl_opengl3/README.md", "Markdown", 0, 0, 15, 0, 0, 0, 0, 0, 0, 0, 0, 0, 0, 0, 0, 0, 0, 0, 0, 0, 0, 0, 0, 0, 0, 0, 0, 0, 8, 23
"/home/morit/Studium/Master/Forschungsprojekt/nextpnr/3rdparty/imgui/examples/example_sdl_opengl3/build_win32.bat", "Batch", 0, 0, 0, 0, 0, 0, 0, 0, 0, 0, 0, 0, 0, 0, 0, 2, 0, 0, 0, 0, 0, 0, 0, 0, 0, 0, 0, 1, 1, 4
"/home/morit/Studium/Master/Forschungsprojekt/nextpnr/3rdparty/imgui/examples/example_sdl_opengl3/example_sdl_opengl3.vcxproj", "XML", 0, 0, 0, 0, 0, 0, 0, 0, 0, 0, 0, 0, 0, 0, 178, 0, 0, 0, 0, 0, 0, 0, 0, 0, 0, 0, 0, 0, 0, 178
"/home/morit/Studium/Master/Forschungsprojekt/nextpnr/3rdparty/imgui/examples/example_sdl_opengl3/main.cpp", "C++", 120, 0, 0, 0, 0, 0, 0, 0, 0, 0, 0, 0, 0, 0, 0, 0, 0, 0, 0, 0, 0, 0, 0, 0, 0, 0, 0, 43, 26, 189
"/home/morit/Studium/Master/Forschungsprojekt/nextpnr/3rdparty/imgui/examples/example_sdl_vulkan/example_sdl_vulkan.vcxproj", "XML", 0, 0, 0, 0, 0, 0, 0, 0, 0, 0, 0, 0, 0, 0, 175, 0, 0, 0, 0, 0, 0, 0, 0, 0, 0, 0, 0, 0, 0, 175
"/home/morit/Studium/Master/Forschungsprojekt/nextpnr/3rdparty/imgui/examples/example_sdl_vulkan/main.cpp", "C++", 361, 0, 0, 0, 0, 0, 0, 0, 0, 0, 0, 0, 0, 0, 0, 0, 0, 0, 0, 0, 0, 0, 0, 0, 0, 0, 0, 64, 66, 491
"/home/morit/Studium/Master/Forschungsprojekt/nextpnr/3rdparty/imgui/examples/example_win32_directx10/build_win32.bat", "Batch", 0, 0, 0, 0, 0, 0, 0, 0, 0, 0, 0, 0, 0, 0, 0, 2, 0, 0, 0, 0, 0, 0, 0, 0, 0, 0, 0, 1, 2, 5
"/home/morit/Studium/Master/Forschungsprojekt/nextpnr/3rdparty/imgui/examples/example_win32_directx10/example_win32_directx10.vcxproj", "XML", 0, 0, 0, 0, 0, 0, 0, 0, 0, 0, 0, 0, 0, 0, 165, 0, 0, 0, 0, 0, 0, 0, 0, 0, 0, 0, 0, 0, 0, 165
"/home/morit/Studium/Master/Forschungsprojekt/nextpnr/3rdparty/imgui/examples/example_win32_directx10/main.cpp", "C++", 151, 0, 0, 0, 0, 0, 0, 0, 0, 0, 0, 0, 0, 0, 0, 0, 0, 0, 0, 0, 0, 0, 0, 0, 0, 0, 0, 38, 35, 224
"/home/morit/Studium/Master/Forschungsprojekt/nextpnr/3rdparty/imgui/examples/example_win32_directx11/build_win32.bat", "Batch", 0, 0, 0, 0, 0, 0, 0, 0, 0, 0, 0, 0, 0, 0, 0, 2, 0, 0, 0, 0, 0, 0, 0, 0, 0, 0, 0, 1, 2, 5
"/home/morit/Studium/Master/Forschungsprojekt/nextpnr/3rdparty/imgui/examples/example_win32_directx11/example_win32_directx11.vcxproj", "XML", 0, 0, 0, 0, 0, 0, 0, 0, 0, 0, 0, 0, 0, 0, 165, 0, 0, 0, 0, 0, 0, 0, 0, 0, 0, 0, 0, 0, 0, 165
"/home/morit/Studium/Master/Forschungsprojekt/nextpnr/3rdparty/imgui/examples/example_win32_directx11/main.cpp", "C++", 154, 0, 0, 0, 0, 0, 0, 0, 0, 0, 0, 0, 0, 0, 0, 0, 0, 0, 0, 0, 0, 0, 0, 0, 0, 0, 0, 39, 35, 228
"/home/morit/Studium/Master/Forschungsprojekt/nextpnr/3rdparty/imgui/examples/example_win32_directx12/build_win32.bat", "Batch", 0, 0, 0, 0, 0, 0, 0, 0, 0, 0, 0, 0, 0, 0, 0, 2, 0, 0, 0, 0, 0, 0, 0, 0, 0, 0, 0, 1, 2, 5
"/home/morit/Studium/Master/Forschungsprojekt/nextpnr/3rdparty/imgui/examples/example_win32_directx12/example_win32_directx12.vcxproj", "XML", 0, 0, 0, 0, 0, 0, 0, 0, 0, 0, 0, 0, 0, 0, 167, 0, 0, 0, 0, 0, 0, 0, 0, 0, 0, 0, 0, 0, 0, 167
"/home/morit/Studium/Master/Forschungsprojekt/nextpnr/3rdparty/imgui/examples/example_win32_directx12/main.cpp", "C++", 324, 0, 0, 0, 0, 0, 0, 0, 0, 0, 0, 0, 0, 0, 0, 0, 0, 0, 0, 0, 0, 0, 0, 0, 0, 0, 0, 38, 68, 430
"/home/morit/Studium/Master/Forschungsprojekt/nextpnr/3rdparty/imgui/examples/example_win32_directx9/build_win32.bat", "Batch", 0, 0, 0, 0, 0, 0, 0, 0, 0, 0, 0, 0, 0, 0, 0, 2, 0, 0, 0, 0, 0, 0, 0, 0, 0, 0, 0, 1, 1, 4
"/home/morit/Studium/Master/Forschungsprojekt/nextpnr/3rdparty/imgui/examples/example_win32_directx9/example_win32_directx9.vcxproj", "XML", 0, 0, 0, 0, 0, 0, 0, 0, 0, 0, 0, 0, 0, 0, 165, 0, 0, 0, 0, 0, 0, 0, 0, 0, 0, 0, 0, 0, 0, 165
"/home/morit/Studium/Master/Forschungsprojekt/nextpnr/3rdparty/imgui/examples/example_win32_directx9/main.cpp", "C++", 141, 0, 0, 0, 0, 0, 0, 0, 0, 0, 0, 0, 0, 0, 0, 0, 0, 0, 0, 0, 0, 0, 0, 0, 0, 0, 0, 37, 27, 205
"/home/morit/Studium/Master/Forschungsprojekt/nextpnr/3rdparty/imgui/examples/imgui_impl_allegro5.cpp", "C++", 286, 0, 0, 0, 0, 0, 0, 0, 0, 0, 0, 0, 0, 0, 0, 0, 0, 0, 0, 0, 0, 0, 0, 0, 0, 0, 0, 56, 47, 389
"/home/morit/Studium/Master/Forschungsprojekt/nextpnr/3rdparty/imgui/examples/imgui_impl_allegro5.h", "C++", 10, 0, 0, 0, 0, 0, 0, 0, 0, 0, 0, 0, 0, 0, 0, 0, 0, 0, 0, 0, 0, 0, 0, 0, 0, 0, 0, 13, 7, 30
"/home/morit/Studium/Master/Forschungsprojekt/nextpnr/3rdparty/imgui/examples/imgui_impl_dx10.cpp", "C++", 398, 0, 0, 0, 0, 0, 0, 0, 0, 0, 0, 0, 0, 0, 0, 0, 0, 0, 0, 0, 0, 0, 0, 0, 0, 0, 0, 51, 47, 496
"/home/morit/Studium/Master/Forschungsprojekt/nextpnr/3rdparty/imgui/examples/imgui_impl_dx10.h", "C++", 7, 0, 0, 0, 0, 0, 0, 0, 0, 0, 0, 0, 0, 0, 0, 0, 0, 0, 0, 0, 0, 0, 0, 0, 0, 0, 0, 8, 6, 21
"/home/morit/Studium/Master/Forschungsprojekt/nextpnr/3rdparty/imgui/examples/imgui_impl_dx11.cpp", "C++", 408, 0, 0, 0, 0, 0, 0, 0, 0, 0, 0, 0, 0, 0, 0, 0, 0, 0, 0, 0, 0, 0, 0, 0, 0, 0, 0, 51, 46, 505
"/home/morit/Studium/Master/Forschungsprojekt/nextpnr/3rdparty/imgui/examples/imgui_impl_dx11.h", "C++", 8, 0, 0, 0, 0, 0, 0, 0, 0, 0, 0, 0, 0, 0, 0, 0, 0, 0, 0, 0, 0, 0, 0, 0, 0, 0, 0, 8, 6, 22
"/home/morit/Studium/Master/Forschungsprojekt/nextpnr/3rdparty/imgui/examples/imgui_impl_dx12.cpp", "C++", 510, 0, 0, 0, 0, 0, 0, 0, 0, 0, 0, 0, 0, 0, 0, 0, 0, 0, 0, 0, 0, 0, 0, 0, 0, 0, 0, 46, 70, 626
"/home/morit/Studium/Master/Forschungsprojekt/nextpnr/3rdparty/imgui/examples/imgui_impl_dx12.h", "C++", 12, 0, 0, 0, 0, 0, 0, 0, 0, 0, 0, 0, 0, 0, 0, 0, 0, 0, 0, 0, 0, 0, 0, 0, 0, 0, 0, 14, 6, 32
"/home/morit/Studium/Master/Forschungsprojekt/nextpnr/3rdparty/imgui/examples/imgui_impl_dx9.cpp", "C++", 208, 0, 0, 0, 0, 0, 0, 0, 0, 0, 0, 0, 0, 0, 0, 0, 0, 0, 0, 0, 0, 0, 0, 0, 0, 0, 0, 38, 29, 275
"/home/morit/Studium/Master/Forschungsprojekt/nextpnr/3rdparty/imgui/examples/imgui_impl_dx9.h", "C++", 7, 0, 0, 0, 0, 0, 0, 0, 0, 0, 0, 0, 0, 0, 0, 0, 0, 0, 0, 0, 0, 0, 0, 0, 0, 0, 0, 8, 6, 21
"/home/morit/Studium/Master/Forschungsprojekt/nextpnr/3rdparty/imgui/examples/imgui_impl_freeglut.cpp", "C++", 144, 0, 0, 0, 0, 0, 0, 0, 0, 0, 0, 0, 0, 0, 0, 0, 0, 0, 0, 0, 0, 0, 0, 0, 0, 0, 0, 21, 24, 189
"/home/morit/Studium/Master/Forschungsprojekt/nextpnr/3rdparty/imgui/examples/imgui_impl_freeglut.h", "C++", 12, 0, 0, 0, 0, 0, 0, 0, 0, 0, 0, 0, 0, 0, 0, 0, 0, 0, 0, 0, 0, 0, 0, 0, 0, 0, 0, 11, 5, 28
"/home/morit/Studium/Master/Forschungsprojekt/nextpnr/3rdparty/imgui/examples/imgui_impl_glfw.cpp", "C++", 225, 0, 0, 0, 0, 0, 0, 0, 0, 0, 0, 0, 0, 0, 0, 0, 0, 0, 0, 0, 0, 0, 0, 0, 0, 0, 0, 40, 34, 299
"/home/morit/Studium/Master/Forschungsprojekt/nextpnr/3rdparty/imgui/examples/imgui_impl_glfw.h", "C++", 9, 0, 0, 0, 0, 0, 0, 0, 0, 0, 0, 0, 0, 0, 0, 0, 0, 0, 0, 0, 0, 0, 0, 0, 0, 0, 0, 17, 7, 33
"/home/morit/Studium/Master/Forschungsprojekt/nextpnr/3rdparty/imgui/examples/imgui_impl_marmalade.cpp", "C++", 230, 0, 0, 0, 0, 0, 0, 0, 0, 0, 0, 0, 0, 0, 0, 0, 0, 0, 0, 0, 0, 0, 0, 0, 0, 0, 0, 34, 45, 309
"/home/morit/Studium/Master/Forschungsprojekt/nextpnr/3rdparty/imgui/examples/imgui_impl_marmalade.h", "C++", 9, 0, 0, 0, 0, 0, 0, 0, 0, 0, 0, 0, 0, 0, 0, 0, 0, 0, 0, 0, 0, 0, 0, 0, 0, 0, 0, 10, 6, 25
"/home/morit/Studium/Master/Forschungsprojekt/nextpnr/3rdparty/imgui/examples/imgui_impl_metal.h", "C++", 12, 0, 0, 0, 0, 0, 0, 0, 0, 0, 0, 0, 0, 0, 0, 0, 0, 0, 0, 0, 0, 0, 0, 0, 0, 0, 0, 8, 6, 26
"/home/morit/Studium/Master/Forschungsprojekt/nextpnr/3rdparty/imgui/examples/imgui_impl_metal.mm", "Objective-C++", 0, 0, 0, 0, 0, 0, 0, 0, 0, 0, 0, 0, 0, 0, 0, 0, 0, 408, 0, 0, 0, 0, 0, 0, 0, 0, 0, 35, 75, 518
"/home/morit/Studium/Master/Forschungsprojekt/nextpnr/3rdparty/imgui/examples/imgui_impl_opengl2.cpp", "C++", 143, 0, 0, 0, 0, 0, 0, 0, 0, 0, 0, 0, 0, 0, 0, 0, 0, 0, 0, 0, 0, 0, 0, 0, 0, 0, 0, 44, 26, 213
"/home/morit/Studium/Master/Forschungsprojekt/nextpnr/3rdparty/imgui/examples/imgui_impl_opengl2.h", "C++", 8, 0, 0, 0, 0, 0, 0, 0, 0, 0, 0, 0, 0, 0, 0, 0, 0, 0, 0, 0, 0, 0, 0, 0, 0, 0, 0, 15, 6, 29
"/home/morit/Studium/Master/Forschungsprojekt/nextpnr/3rdparty/imgui/examples/imgui_impl_opengl3.cpp", "C++", 403, 0, 0, 0, 0, 0, 0, 0, 0, 0, 0, 0, 0, 0, 0, 0, 0, 0, 0, 0, 0, 0, 0, 0, 0, 0, 0, 81, 55, 539
"/home/morit/Studium/Master/Forschungsprojekt/nextpnr/3rdparty/imgui/examples/imgui_impl_opengl3.h", "C++", 14, 0, 0, 0, 0, 0, 0, 0, 0, 0, 0, 0, 0, 0, 0, 0, 0, 0, 0, 0, 0, 0, 0, 0, 0, 0, 0, 18, 8, 40
"/home/morit/Studium/Master/Forschungsprojekt/nextpnr/3rdparty/imgui/examples/imgui_impl_osx.h", "C++", 6, 0, 0, 0, 0, 0, 0, 0, 0, 0, 0, 0, 0, 0, 0, 0, 0, 0, 0, 0, 0, 0, 0, 0, 0, 0, 0, 6, 4, 16
"/home/morit/Studium/Master/Forschungsprojekt/nextpnr/3rdparty/imgui/examples/imgui_impl_osx.mm", "Objective-C++", 0, 0, 0, 0, 0, 0, 0, 0, 0, 0, 0, 0, 0, 0, 0, 0, 0, 185, 0, 0, 0, 0, 0, 0, 0, 0, 0, 22, 32, 239
"/home/morit/Studium/Master/Forschungsprojekt/nextpnr/3rdparty/imgui/examples/imgui_impl_sdl.cpp", "C++", 200, 0, 0, 0, 0, 0, 0, 0, 0, 0, 0, 0, 0, 0, 0, 0, 0, 0, 0, 0, 0, 0, 0, 0, 0, 0, 0, 51, 34, 285
"/home/morit/Studium/Master/Forschungsprojekt/nextpnr/3rdparty/imgui/examples/imgui_impl_sdl.h", "C++", 7, 0, 0, 0, 0, 0, 0, 0, 0, 0, 0, 0, 0, 0, 0, 0, 0, 0, 0, 0, 0, 0, 0, 0, 0, 0, 0, 13, 5, 25
"/home/morit/Studium/Master/Forschungsprojekt/nextpnr/3rdparty/imgui/examples/imgui_impl_vulkan.cpp", "C++", 882, 0, 0, 0, 0, 0, 0, 0, 0, 0, 0, 0, 0, 0, 0, 0, 0, 0, 0, 0, 0, 0, 0, 0, 0, 0, 0, 85, 100, 1067
"/home/morit/Studium/Master/Forschungsprojekt/nextpnr/3rdparty/imgui/examples/imgui_impl_vulkan.h", "C++", 59, 0, 0, 0, 0, 0, 0, 0, 0, 0, 0, 0, 0, 0, 0, 0, 0, 0, 0, 0, 0, 0, 0, 0, 0, 0, 0, 27, 18, 104
"/home/morit/Studium/Master/Forschungsprojekt/nextpnr/3rdparty/imgui/examples/imgui_impl_win32.cpp", "C++", 178, 0, 0, 0, 0, 0, 0, 0, 0, 0, 0, 0, 0, 0, 0, 0, 0, 0, 0, 0, 0, 0, 0, 0, 0, 0, 0, 47, 25, 250
"/home/morit/Studium/Master/Forschungsprojekt/nextpnr/3rdparty/imgui/examples/imgui_impl_win32.h", "C++", 3, 0, 0, 0, 0, 0, 0, 0, 0, 0, 0, 0, 0, 0, 0, 0, 0, 0, 0, 0, 0, 0, 0, 0, 0, 0, 0, 14, 4, 21
"/home/morit/Studium/Master/Forschungsprojekt/nextpnr/3rdparty/imgui/examples/libs/gl3w/GL/gl3w.c", "C", 0, 0, 0, 0, 0, 0, 0, 0, 0, 0, 0, 0, 0, 0, 0, 0, 1317, 0, 0, 0, 0, 0, 0, 0, 0, 0, 0, 0, 29, 1346
"/home/morit/Studium/Master/Forschungsprojekt/nextpnr/3rdparty/imgui/examples/libs/gl3w/GL/gl3w.h", "C++", 1224, 0, 0, 0, 0, 0, 0, 0, 0, 0, 0, 0, 0, 0, 0, 0, 0, 0, 0, 0, 0, 0, 0, 0, 0, 0, 0, 2, 9, 1235
"/home/morit/Studium/Master/Forschungsprojekt/nextpnr/3rdparty/imgui/examples/libs/gl3w/GL/glcorearb.h", "C++", 3331, 0, 0, 0, 0, 0, 0, 0, 0, 0, 0, 0, 0, 0, 0, 0, 0, 0, 0, 0, 0, 0, 0, 0, 0, 0, 0, 970, 234, 4535
"/home/morit/Studium/Master/Forschungsprojekt/nextpnr/3rdparty/imgui/examples/libs/glfw/include/GLFW/glfw3.h", "C++", 475, 0, 0, 0, 0, 0, 0, 0, 0, 0, 0, 0, 0, 0, 0, 0, 0, 0, 0, 0, 0, 0, 0, 0, 0, 0, 0, 3570, 183, 4228
"/home/morit/Studium/Master/Forschungsprojekt/nextpnr/3rdparty/imgui/examples/libs/glfw/include/GLFW/glfw3native.h", "C++", 78, 0, 0, 0, 0, 0, 0, 0, 0, 0, 0, 0, 0, 0, 0, 0, 0, 0, 0, 0, 0, 0, 0, 0, 0, 0, 0, 343, 37, 458
"/home/morit/Studium/Master/Forschungsprojekt/nextpnr/3rdparty/imgui/examples/libs/usynergy/uSynergy.c", "C", 0, 0, 0, 0, 0, 0, 0, 0, 0, 0, 0, 0, 0, 0, 0, 0, 366, 0, 0, 0, 0, 0, 0, 0, 0, 0, 0, 194, 77, 637
"/home/morit/Studium/Master/Forschungsprojekt/nextpnr/3rdparty/imgui/examples/libs/usynergy/uSynergy.h", "C++", 96, 0, 0, 0, 0, 0, 0, 0, 0, 0, 0, 0, 0, 0, 0, 0, 0, 0, 0, 0, 0, 0, 0, 0, 0, 0, 0, 237, 88, 421
"/home/morit/Studium/Master/Forschungsprojekt/nextpnr/3rdparty/imgui/imconfig.h", "C++", 1, 0, 0, 0, 0, 0, 0, 0, 0, 0, 0, 0, 0, 0, 0, 0, 0, 0, 0, 0, 0, 0, 0, 0, 0, 0, 0, 59, 13, 73
"/home/morit/Studium/Master/Forschungsprojekt/nextpnr/3rdparty/imgui/imgui.cpp", "C++", 6595, 0, 0, 0, 0, 0, 0, 0, 0, 0, 0, 0, 0, 0, 0, 0, 0, 0, 0, 0, 0, 0, 0, 0, 0, 0, 0, 1521, 932, 9048
"/home/morit/Studium/Master/Forschungsprojekt/nextpnr/3rdparty/imgui/imgui.h", "C++", 1464, 0, 0, 0, 0, 0, 0, 0, 0, 0, 0, 0, 0, 0, 0, 0, 0, 0, 0, 0, 0, 0, 0, 0, 0, 0, 0, 344, 186, 1994
"/home/morit/Studium/Master/Forschungsprojekt/nextpnr/3rdparty/imgui/imgui_demo.cpp", "C++", 2944, 0, 0, 0, 0, 0, 0, 0, 0, 0, 0, 0, 0, 0, 0, 0, 0, 0, 0, 0, 0, 0, 0, 0, 0, 0, 0, 338, 344, 3626
"/home/morit/Studium/Master/Forschungsprojekt/nextpnr/3rdparty/imgui/imgui_draw.cpp", "C++", 2614, 0, 0, 0, 0, 0, 0, 0, 0, 0, 0, 0, 0, 0, 0, 0, 0, 0, 0, 0, 0, 0, 0, 0, 0, 0, 0, 221, 322, 3157
"/home/morit/Studium/Master/Forschungsprojekt/nextpnr/3rdparty/imgui/imgui_internal.h", "C++", 1064, 0, 0, 0, 0, 0, 0, 0, 0, 0, 0, 0, 0, 0, 0, 0, 0, 0, 0, 0, 0, 0, 0, 0, 0, 0, 0, 104, 132, 1300
"/home/morit/Studium/Master/Forschungsprojekt/nextpnr/3rdparty/imgui/imgui_widgets.cpp", "C++", 4431, 0, 0, 0, 0, 0, 0, 0, 0, 0, 0, 0, 0, 0, 0, 0, 0, 0, 0, 0, 0, 0, 0, 0, 0, 0, 0, 613, 687, 5731
"/home/morit/Studium/Master/Forschungsprojekt/nextpnr/3rdparty/imgui/imstb_rectpack.h", "C++", 338, 0, 0, 0, 0, 0, 0, 0, 0, 0, 0, 0, 0, 0, 0, 0, 0, 0, 0, 0, 0, 0, 0, 0, 0, 0, 0, 212, 74, 624
"/home/morit/Studium/Master/Forschungsprojekt/nextpnr/3rdparty/imgui/imstb_textedit.h", "C++", 795, 0, 0, 0, 0, 0, 0, 0, 0, 0, 0, 0, 0, 0, 0, 0, 0, 0, 0, 0, 0, 0, 0, 0, 0, 0, 0, 456, 159, 1410
"/home/morit/Studium/Master/Forschungsprojekt/nextpnr/3rdparty/imgui/imstb_truetype.h", "C++", 3342, 0, 0, 0, 0, 0, 0, 0, 0, 0, 0, 0, 0, 0, 0, 0, 0, 0, 0, 0, 0, 0, 0, 0, 0, 0, 0, 953, 560, 4855
"/home/morit/Studium/Master/Forschungsprojekt/nextpnr/3rdparty/imgui/misc/cpp/imgui_stdlib.cpp", "C++", 45, 0, 0, 0, 0, 0, 0, 0, 0, 0, 0, 0, 0, 0, 0, 0, 0, 0, 0, 0, 0, 0, 0, 0, 0, 0, 0, 11, 10, 66
"/home/morit/Studium/Master/Forschungsprojekt/nextpnr/3rdparty/imgui/misc/cpp/imgui_stdlib.h", "C++", 7, 0, 0, 0, 0, 0, 0, 0, 0, 0, 0, 0, 0, 0, 0, 0, 0, 0, 0, 0, 0, 0, 0, 0, 0, 0, 0, 10, 6, 23
"/home/morit/Studium/Master/Forschungsprojekt/nextpnr/3rdparty/imgui/misc/fonts/binary_to_compressed_c.cpp", "C++", 277, 0, 0, 0, 0, 0, 0, 0, 0, 0, 0, 0, 0, 0, 0, 0, 0, 0, 0, 0, 0, 0, 0, 0, 0, 0, 0, 41, 63, 381
"/home/morit/Studium/Master/Forschungsprojekt/nextpnr/3rdparty/imgui/misc/freetype/README.md", "Markdown", 0, 0, 114, 0, 0, 0, 0, 0, 0, 0, 0, 0, 0, 0, 0, 0, 0, 0, 0, 0, 0, 0, 0, 0, 0, 0, 0, 0, 20, 134
"/home/morit/Studium/Master/Forschungsprojekt/nextpnr/3rdparty/imgui/misc/freetype/imgui_freetype.cpp", "C++", 251, 0, 0, 0, 0, 0, 0, 0, 0, 0, 0, 0, 0, 0, 0, 0, 0, 0, 0, 0, 0, 0, 0, 0, 0, 0, 0, 80, 58, 389
"/home/morit/Studium/Master/Forschungsprojekt/nextpnr/3rdparty/imgui/misc/freetype/imgui_freetype.h", "C++", 16, 0, 0, 0, 0, 0, 0, 0, 0, 0, 0, 0, 0, 0, 0, 0, 0, 0, 0, 0, 0, 0, 0, 0, 0, 0, 0, 10, 6, 32
"/home/morit/Studium/Master/Forschungsprojekt/nextpnr/3rdparty/json11/CMakeLists.txt", "CMake", 0, 5, 0, 0, 0, 0, 0, 0, 0, 0, 0, 0, 0, 0, 0, 0, 0, 0, 0, 0, 0, 0, 0, 0, 0, 0, 0, 0, 1, 6
"/home/morit/Studium/Master/Forschungsprojekt/nextpnr/3rdparty/json11/json11.cpp", "C++", 561, 0, 0, 0, 0, 0, 0, 0, 0, 0, 0, 0, 0, 0, 0, 0, 0, 0, 0, 0, 0, 0, 0, 0, 0, 0, 0, 124, 110, 795
"/home/morit/Studium/Master/Forschungsprojekt/nextpnr/3rdparty/json11/json11.hpp", "C++", 129, 0, 0, 0, 0, 0, 0, 0, 0, 0, 0, 0, 0, 0, 0, 0, 0, 0, 0, 0, 0, 0, 0, 0, 0, 0, 0, 75, 29, 233
"/home/morit/Studium/Master/Forschungsprojekt/nextpnr/3rdparty/oourafft/CMakeLists.txt", "CMake", 0, 7, 0, 0, 0, 0, 0, 0, 0, 0, 0, 0, 0, 0, 0, 0, 0, 0, 0, 0, 0, 0, 0, 0, 0, 0, 0, 0, 3, 10
"/home/morit/Studium/Master/Forschungsprojekt/nextpnr/3rdparty/oourafft/fftsg.cc", "C++", 2854, 0, 0, 0, 0, 0, 0, 0, 0, 0, 0, 0, 0, 0, 0, 0, 0, 0, 0, 0, 0, 0, 0, 0, 0, 0, 0, 316, 90, 3260
"/home/morit/Studium/Master/Forschungsprojekt/nextpnr/3rdparty/oourafft/fftsg.h", "C++", 11, 0, 0, 0, 0, 0, 0, 0, 0, 0, 0, 0, 0, 0, 0, 0, 0, 0, 0, 0, 0, 0, 0, 0, 0, 0, 0, 7, 7, 25
"/home/morit/Studium/Master/Forschungsprojekt/nextpnr/3rdparty/oourafft/fftsg2d.cc", "C++", 894, 0, 0, 0, 0, 0, 0, 0, 0, 0, 0, 0, 0, 0, 0, 0, 0, 0, 0, 0, 0, 0, 0, 0, 0, 0, 0, 367, 50, 1311
"/home/morit/Studium/Master/Forschungsprojekt/nextpnr/3rdparty/pybind11/.appveyor.yml", "YAML", 0, 0, 0, 0, 0, 0, 0, 0, 35, 0, 0, 0, 0, 0, 0, 0, 0, 0, 0, 0, 0, 0, 0, 0, 0, 0, 0, 0, 1, 36
"/home/morit/Studium/Master/Forschungsprojekt/nextpnr/3rdparty/pybind11/.cmake-format.yaml", "YAML", 0, 0, 0, 0, 0, 0, 0, 0, 31, 0, 0, 0, 0, 0, 0, 0, 0, 0, 0, 0, 0, 0, 0, 0, 0, 0, 0, 28, 15, 74
"/home/morit/Studium/Master/Forschungsprojekt/nextpnr/3rdparty/pybind11/.github/CONTRIBUTING.md", "Markdown", 0, 0, 300, 0, 0, 0, 0, 0, 0, 0, 0, 0, 0, 0, 0, 0, 0, 0, 0, 0, 0, 0, 0, 0, 0, 0, 0, 0, 89, 389
"/home/morit/Studium/Master/Forschungsprojekt/nextpnr/3rdparty/pybind11/.github/ISSUE_TEMPLATE/bug-report.yml", "YAML", 0, 0, 0, 0, 0, 0, 0, 0, 56, 0, 0, 0, 0, 0, 0, 0, 0, 0, 0, 0, 0, 0, 0, 0, 0, 0, 0, 0, 6, 62
"/home/morit/Studium/Master/Forschungsprojekt/nextpnr/3rdparty/pybind11/.github/ISSUE_TEMPLATE/config.yml", "YAML", 0, 0, 0, 0, 0, 0, 0, 0, 8, 0, 0, 0, 0, 0, 0, 0, 0, 0, 0, 0, 0, 0, 0, 0, 0, 0, 0, 0, 1, 9
"/home/morit/Studium/Master/Forschungsprojekt/nextpnr/3rdparty/pybind11/.github/dependabot.yml", "YAML", 0, 0, 0, 0, 0, 0, 0, 0, 14, 0, 0, 0, 0, 0, 0, 0, 0, 0, 0, 0, 0, 0, 0, 0, 0, 0, 0, 1, 1, 16
"/home/morit/Studium/Master/Forschungsprojekt/nextpnr/3rdparty/pybind11/.github/labeler.yml", "YAML", 0, 0, 0, 0, 0, 0, 0, 0, 7, 0, 0, 0, 0, 0, 0, 0, 0, 0, 0, 0, 0, 0, 0, 0, 0, 0, 0, 0, 2, 9
"/home/morit/Studium/Master/Forschungsprojekt/nextpnr/3rdparty/pybind11/.github/labeler_merged.yml", "YAML", 0, 0, 0, 0, 0, 0, 0, 0, 3, 0, 0, 0, 0, 0, 0, 0, 0, 0, 0, 0, 0, 0, 0, 0, 0, 0, 0, 0, 1, 4
"/home/morit/Studium/Master/Forschungsprojekt/nextpnr/3rdparty/pybind11/.github/pull_request_template.md", "Markdown", 0, 0, 4, 0, 0, 0, 0, 0, 0, 0, 0, 0, 0, 0, 0, 0, 0, 0, 0, 0, 0, 0, 0, 0, 0, 0, 0, 8, 8, 20
"/home/morit/Studium/Master/Forschungsprojekt/nextpnr/3rdparty/pybind11/.github/workflows/ci.yml", "YAML", 0, 0, 0, 0, 0, 0, 0, 0, 872, 0, 0, 0, 0, 0, 0, 0, 0, 0, 0, 0, 0, 0, 0, 0, 0, 0, 0, 94, 237, 1203
"/home/morit/Studium/Master/Forschungsprojekt/nextpnr/3rdparty/pybind11/.github/workflows/configure.yml", "YAML", 0, 0, 0, 0, 0, 0, 0, 0, 68, 0, 0, 0, 0, 0, 0, 0, 0, 0, 0, 0, 0, 0, 0, 0, 0, 0, 0, 7, 18, 93
"/home/morit/Studium/Master/Forschungsprojekt/nextpnr/3rdparty/pybind11/.github/workflows/format.yml", "YAML", 0, 0, 0, 0, 0, 0, 0, 0, 45, 0, 0, 0, 0, 0, 0, 0, 0, 0, 0, 0, 0, 0, 0, 0, 0, 0, 0, 6, 10, 61
"/home/morit/Studium/Master/Forschungsprojekt/nextpnr/3rdparty/pybind11/.github/workflows/labeler.yml", "YAML", 0, 0, 0, 0, 0, 0, 0, 0, 22, 0, 0, 0, 0, 0, 0, 0, 0, 0, 0, 0, 0, 0, 0, 0, 0, 0, 0, 0, 4, 26
"/home/morit/Studium/Master/Forschungsprojekt/nextpnr/3rdparty/pybind11/.github/workflows/pip.yml", "YAML", 0, 0, 0, 0, 0, 0, 0, 0, 82, 0, 0, 0, 0, 0, 0, 0, 0, 0, 0, 0, 0, 0, 0, 0, 0, 0, 0, 7, 26, 115
"/home/morit/Studium/Master/Forschungsprojekt/nextpnr/3rdparty/pybind11/.github/workflows/upstream.yml", "YAML", 0, 0, 0, 0, 0, 0, 0, 0, 84, 0, 0, 0, 0, 0, 0, 0, 0, 0, 0, 0, 0, 0, 0, 0, 0, 0, 0, 7, 26, 117
"/home/morit/Studium/Master/Forschungsprojekt/nextpnr/3rdparty/pybind11/.pre-commit-config.yaml", "YAML", 0, 0, 0, 0, 0, 0, 0, 0, 105, 0, 0, 0, 0, 0, 0, 0, 0, 0, 0, 0, 0, 0, 0, 0, 0, 0, 0, 31, 20, 156
"/home/morit/Studium/Master/Forschungsprojekt/nextpnr/3rdparty/pybind11/.readthedocs.yml", "YAML", 0, 0, 0, 0, 0, 0, 0, 0, 14, 0, 0, 0, 0, 0, 0, 0, 0, 0, 0, 0, 0, 0, 0, 0, 0, 0, 0, 1, 6, 21
"/home/morit/Studium/Master/Forschungsprojekt/nextpnr/3rdparty/pybind11/CMakeLists.txt", "CMake", 0, 325, 0, 0, 0, 0, 0, 0, 0, 0, 0, 0, 0, 0, 0, 0, 0, 0, 0, 0, 0, 0, 0, 0, 0, 0, 0, 0, 50, 375
"/home/morit/Studium/Master/Forschungsprojekt/nextpnr/3rdparty/pybind11/README.rst", "reStructuredText", 0, 0, 0, 0, 0, 0, 0, 0, 0, 0, 0, 0, 0, 0, 0, 0, 0, 0, 0, 0, 0, 131, 0, 0, 0, 0, 0, 12, 39, 182
"/home/morit/Studium/Master/Forschungsprojekt/nextpnr/3rdparty/pybind11/SECURITY.md", "Markdown", 0, 0, 7, 0, 0, 0, 0, 0, 0, 0, 0, 0, 0, 0, 0, 0, 0, 0, 0, 0, 0, 0, 0, 0, 0, 0, 0, 0, 7, 14
"/home/morit/Studium/Master/Forschungsprojekt/nextpnr/3rdparty/pybind11/docs/_static/css/custom.css", "PostCSS", 0, 0, 0, 0, 0, 0, 0, 0, 0, 0, 0, 0, 0, 0, 0, 0, 0, 0, 0, 0, 0, 0, 3, 0, 0, 0, 0, 0, 1, 4
"/home/morit/Studium/Master/Forschungsprojekt/nextpnr/3rdparty/pybind11/docs/advanced/cast/chrono.rst", "reStructuredText", 0, 0, 0, 0, 0, 0, 0, 0, 0, 0, 0, 0, 0, 0, 0, 0, 0, 0, 0, 0, 0, 62, 0, 0, 0, 0, 0, 2, 18, 82
"/home/morit/Studium/Master/Forschungsprojekt/nextpnr/3rdparty/pybind11/docs/advanced/cast/custom.rst", "reStructuredText", 0, 0, 0, 0, 0, 0, 0, 0, 0, 0, 0, 0, 0, 0, 0, 0, 0, 0, 0, 0, 0, 68, 0, 0, 0, 0, 0, 5, 21, 94
"/home/morit/Studium/Master/Forschungsprojekt/nextpnr/3rdparty/pybind11/docs/advanced/cast/eigen.rst", "reStructuredText", 0, 0, 0, 0, 0, 0, 0, 0, 0, 0, 0, 0, 0, 0, 0, 0, 0, 0, 0, 0, 0, 229, 0, 0, 0, 0, 0, 13, 69, 311
"/home/morit/Studium/Master/Forschungsprojekt/nextpnr/3rdparty/pybind11/docs/advanced/cast/functional.rst", "reStructuredText", 0, 0, 0, 0, 0, 0, 0, 0, 0, 0, 0, 0, 0, 0, 0, 0, 0, 0, 0, 0, 0, 74, 0, 0, 0, 0, 0, 9, 27, 110
"/home/morit/Studium/Master/Forschungsprojekt/nextpnr/3rdparty/pybind11/docs/advanced/cast/index.rst", "reStructuredText", 0, 0, 0, 0, 0, 0, 0, 0, 0, 0, 0, 0, 0, 0, 0, 0, 0, 0, 0, 0, 0, 31, 0, 0, 0, 0, 0, 2, 11, 44
"/home/morit/Studium/Master/Forschungsprojekt/nextpnr/3rdparty/pybind11/docs/advanced/cast/overview.rst", "reStructuredText", 0, 0, 0, 0, 0, 0, 0, 0, 0, 0, 0, 0, 0, 0, 0, 0, 0, 0, 0, 0, 0, 139, 0, 0, 0, 0, 0, 9, 23, 171
"/home/morit/Studium/Master/Forschungsprojekt/nextpnr/3rdparty/pybind11/docs/advanced/cast/stl.rst", "reStructuredText", 0, 0, 0, 0, 0, 0, 0, 0, 0, 0, 0, 0, 0, 0, 0, 0, 0, 0, 0, 0, 0, 164, 0, 0, 0, 0, 0, 19, 67, 250
"/home/morit/Studium/Master/Forschungsprojekt/nextpnr/3rdparty/pybind11/docs/advanced/cast/strings.rst", "reStructuredText", 0, 0, 0, 0, 0, 0, 0, 0, 0, 0, 0, 0, 0, 0, 0, 0, 0, 0, 0, 0, 0, 192, 0, 0, 0, 0, 0, 18, 87, 297
"/home/morit/Studium/Master/Forschungsprojekt/nextpnr/3rdparty/pybind11/docs/advanced/classes.rst", "reStructuredText", 0, 0, 0, 0, 0, 0, 0, 0, 0, 0, 0, 0, 0, 0, 0, 0, 0, 0, 0, 0, 0, 904, 0, 0, 0, 0, 0, 102, 330, 1336
"/home/morit/Studium/Master/Forschungsprojekt/nextpnr/3rdparty/pybind11/docs/advanced/embedding.rst", "reStructuredText", 0, 0, 0, 0, 0, 0, 0, 0, 0, 0, 0, 0, 0, 0, 0, 0, 0, 0, 0, 0, 0, 168, 0, 0, 0, 0, 0, 14, 81, 263
"/home/morit/Studium/Master/Forschungsprojekt/nextpnr/3rdparty/pybind11/docs/advanced/exceptions.rst", "reStructuredText", 0, 0, 0, 0, 0, 0, 0, 0, 0, 0, 0, 0, 0, 0, 0, 0, 0, 0, 0, 0, 0, 296, 0, 0, 0, 0, 0, 20, 86, 402
"/home/morit/Studium/Master/Forschungsprojekt/nextpnr/3rdparty/pybind11/docs/advanced/functions.rst", "reStructuredText", 0, 0, 0, 0, 0, 0, 0, 0, 0, 0, 0, 0, 0, 0, 0, 0, 0, 0, 0, 0, 0, 394, 0, 0, 0, 0, 0, 54, 167, 615
"/home/morit/Studium/Master/Forschungsprojekt/nextpnr/3rdparty/pybind11/docs/advanced/misc.rst", "reStructuredText", 0, 0, 0, 0, 0, 0, 0, 0, 0, 0, 0, 0, 0, 0, 0, 0, 0, 0, 0, 0, 0, 282, 0, 0, 0, 0, 0, 30, 118, 430
"/home/morit/Studium/Master/Forschungsprojekt/nextpnr/3rdparty/pybind11/docs/advanced/pycpp/index.rst", "reStructuredText", 0, 0, 0, 0, 0, 0, 0, 0, 0, 0, 0, 0, 0, 0, 0, 0, 0, 0, 0, 0, 0, 9, 0, 0, 0, 0, 0, 1, 4, 14
"/home/morit/Studium/Master/Forschungsprojekt/nextpnr/3rdparty/pybind11/docs/advanced/pycpp/numpy.rst", "reStructuredText", 0, 0, 0, 0, 0, 0, 0, 0, 0, 0, 0, 0, 0, 0, 0, 0, 0, 0, 0, 0, 0, 311, 0, 0, 0, 0, 0, 24, 121, 456
"/home/morit/Studium/Master/Forschungsprojekt/nextpnr/3rdparty/pybind11/docs/advanced/pycpp/object.rst", "reStructuredText", 0, 0, 0, 0, 0, 0, 0, 0, 0, 0, 0, 0, 0, 0, 0, 0, 0, 0, 0, 0, 0, 158, 0, 0, 0, 0, 0, 32, 97, 287
"/home/morit/Studium/Master/Forschungsprojekt/nextpnr/3rdparty/pybind11/docs/advanced/pycpp/utilities.rst", "reStructuredText", 0, 0, 0, 0, 0, 0, 0, 0, 0, 0, 0, 0, 0, 0, 0, 0, 0, 0, 0, 0, 0, 99, 0, 0, 0, 0, 0, 14, 43, 156
"/home/morit/Studium/Master/Forschungsprojekt/nextpnr/3rdparty/pybind11/docs/advanced/smart_ptrs.rst", "reStructuredText", 0, 0, 0, 0, 0, 0, 0, 0, 0, 0, 0, 0, 0, 0, 0, 0, 0, 0, 0, 0, 0, 107, 0, 0, 0, 0, 0, 14, 54, 175
"/home/morit/Studium/Master/Forschungsprojekt/nextpnr/3rdparty/pybind11/docs/basics.rst", "reStructuredText", 0, 0, 0, 0, 0, 0, 0, 0, 0, 0, 0, 0, 0, 0, 0, 0, 0, 0, 0, 0, 0, 174, 0, 0, 0, 0, 0, 33, 101, 308
"/home/morit/Studium/Master/Forschungsprojekt/nextpnr/3rdparty/pybind11/docs/benchmark.py", "Python", 0, 0, 0, 74, 0, 0, 0, 0, 0, 0, 0, 0, 0, 0, 0, 0, 0, 0, 0, 0, 0, 0, 0, 0, 0, 0, 0, 0, 14, 88
"/home/morit/Studium/Master/Forschungsprojekt/nextpnr/3rdparty/pybind11/docs/benchmark.rst", "reStructuredText", 0, 0, 0, 0, 0, 0, 0, 0, 0, 0, 0, 0, 0, 0, 0, 0, 0, 0, 0, 0, 0, 53, 0, 0, 0, 0, 0, 16, 27, 96
"/home/morit/Studium/Master/Forschungsprojekt/nextpnr/3rdparty/pybind11/docs/changelog.rst", "reStructuredText", 0, 0, 0, 0, 0, 0, 0, 0, 0, 0, 0, 0, 0, 0, 0, 0, 0, 0, 0, 0, 0, 2172, 0, 0, 0, 0, 0, 17, 831, 3020
"/home/morit/Studium/Master/Forschungsprojekt/nextpnr/3rdparty/pybind11/docs/classes.rst", "reStructuredText", 0, 0, 0, 0, 0, 0, 0, 0, 0, 0, 0, 0, 0, 0, 0, 0, 0, 0, 0, 0, 0, 347, 0, 0, 0, 0, 0, 51, 158, 556
"/home/morit/Studium/Master/Forschungsprojekt/nextpnr/3rdparty/pybind11/docs/cmake/index.rst", "reStructuredText", 0, 0, 0, 0, 0, 0, 0, 0, 0, 0, 0, 0, 0, 0, 0, 0, 0, 0, 0, 0, 0, 5, 0, 0, 0, 0, 0, 1, 3, 9
"/home/morit/Studium/Master/Forschungsprojekt/nextpnr/3rdparty/pybind11/docs/compiling.rst", "reStructuredText", 0, 0, 0, 0, 0, 0, 0, 0, 0, 0, 0, 0, 0, 0, 0, 0, 0, 0, 0, 0, 0, 407, 0, 0, 0, 0, 0, 54, 189, 650
"/home/morit/Studium/Master/Forschungsprojekt/nextpnr/3rdparty/pybind11/docs/conf.py", "Python", 0, 0, 0, 48, 0, 0, 0, 0, 0, 0, 0, 0, 0, 0, 0, 0, 0, 0, 0, 0, 0, 0, 0, 0, 0, 0, 0, 262, 59, 369
"/home/morit/Studium/Master/Forschungsprojekt/nextpnr/3rdparty/pybind11/docs/faq.rst", "reStructuredText", 0, 0, 0, 0, 0, 0, 0, 0, 0, 0, 0, 0, 0, 0, 0, 0, 0, 0, 0, 0, 0, 203, 0, 0, 0, 0, 0, 18, 88, 309
"/home/morit/Studium/Master/Forschungsprojekt/nextpnr/3rdparty/pybind11/docs/index.rst", "reStructuredText", 0, 0, 0, 0, 0, 0, 0, 0, 0, 0, 0, 0, 0, 0, 0, 0, 0, 0, 0, 0, 0, 29, 0, 0, 0, 0, 0, 7, 13, 49
"/home/morit/Studium/Master/Forschungsprojekt/nextpnr/3rdparty/pybind11/docs/installing.rst", "reStructuredText", 0, 0, 0, 0, 0, 0, 0, 0, 0, 0, 0, 0, 0, 0, 0, 0, 0, 0, 0, 0, 0, 62, 0, 0, 0, 0, 0, 10, 34, 106
"/home/morit/Studium/Master/Forschungsprojekt/nextpnr/3rdparty/pybind11/docs/limitations.rst", "reStructuredText", 0, 0, 0, 0, 0, 0, 0, 0, 0, 0, 0, 0, 0, 0, 0, 0, 0, 0, 0, 0, 0, 54, 0, 0, 0, 0, 0, 0, 19, 73
"/home/morit/Studium/Master/Forschungsprojekt/nextpnr/3rdparty/pybind11/docs/pybind11_vs_boost_python1.svg", "XML", 0, 0, 0, 0, 0, 0, 0, 0, 0, 0, 0, 0, 0, 0, 427, 0, 0, 0, 0, 0, 0, 0, 0, 0, 0, 0, 0, 0, 1, 428
"/home/morit/Studium/Master/Forschungsprojekt/nextpnr/3rdparty/pybind11/docs/pybind11_vs_boost_python2.svg", "XML", 0, 0, 0, 0, 0, 0, 0, 0, 0, 0, 0, 0, 0, 0, 427, 0, 0, 0, 0, 0, 0, 0, 0, 0, 0, 0, 0, 0, 1, 428
"/home/morit/Studium/Master/Forschungsprojekt/nextpnr/3rdparty/pybind11/docs/reference.rst", "reStructuredText", 0, 0, 0, 0, 0, 0, 0, 0, 0, 0, 0, 0, 0, 0, 0, 0, 0, 0, 0, 0, 0, 43, 0, 0, 0, 0, 0, 37, 51, 131
"/home/morit/Studium/Master/Forschungsprojekt/nextpnr/3rdparty/pybind11/docs/release.rst", "reStructuredText", 0, 0, 0, 0, 0, 0, 0, 0, 0, 0, 0, 0, 0, 0, 0, 0, 0, 0, 0, 0, 0, 87, 0, 0, 0, 0, 0, 3, 54, 144
"/home/morit/Studium/Master/Forschungsprojekt/nextpnr/3rdparty/pybind11/docs/requirements.txt", "pip requirements", 0, 0, 0, 0, 0, 0, 0, 0, 0, 0, 0, 0, 0, 0, 0, 0, 0, 0, 0, 0, 0, 0, 0, 6, 0, 0, 0, 0, 1, 7
"/home/morit/Studium/Master/Forschungsprojekt/nextpnr/3rdparty/pybind11/docs/upgrade.rst", "reStructuredText", 0, 0, 0, 0, 0, 0, 0, 0, 0, 0, 0, 0, 0, 0, 0, 0, 0, 0, 0, 0, 0, 413, 0, 0, 0, 0, 0, 23, 159, 595
"/home/morit/Studium/Master/Forschungsprojekt/nextpnr/3rdparty/pybind11/include/pybind11/attr.h", "C++", 419, 0, 0, 0, 0, 0, 0, 0, 0, 0, 0, 0, 0, 0, 0, 0, 0, 0, 0, 0, 0, 0, 0, 0, 0, 0, 0, 143, 129, 691
"/home/morit/Studium/Master/Forschungsprojekt/nextpnr/3rdparty/pybind11/include/pybind11/buffer_info.h", "C++", 154, 0, 0, 0, 0, 0, 0, 0, 0, 0, 0, 0, 0, 0, 0, 0, 0, 0, 0, 0, 0, 0, 0, 0, 0, 0, 0, 25, 30, 209
"/home/morit/Studium/Master/Forschungsprojekt/nextpnr/3rdparty/pybind11/include/pybind11/cast.h", "C++", 1442, 0, 0, 0, 0, 0, 0, 0, 0, 0, 0, 0, 0, 0, 0, 0, 0, 0, 0, 0, 0, 0, 0, 0, 0, 0, 0, 191, 205, 1838
"/home/morit/Studium/Master/Forschungsprojekt/nextpnr/3rdparty/pybind11/include/pybind11/chrono.h", "C++", 162, 0, 0, 0, 0, 0, 0, 0, 0, 0, 0, 0, 0, 0, 0, 0, 0, 0, 0, 0, 0, 0, 0, 0, 0, 0, 0, 31, 33, 226
"/home/morit/Studium/Master/Forschungsprojekt/nextpnr/3rdparty/pybind11/include/pybind11/common.h", "C++", 2, 0, 0, 0, 0, 0, 0, 0, 0, 0, 0, 0, 0, 0, 0, 0, 0, 0, 0, 0, 0, 0, 0, 0, 0, 0, 0, 0, 1, 3
"/home/morit/Studium/Master/Forschungsprojekt/nextpnr/3rdparty/pybind11/include/pybind11/complex.h", "C++", 51, 0, 0, 0, 0, 0, 0, 0, 0, 0, 0, 0, 0, 0, 0, 0, 0, 0, 0, 0, 0, 0, 0, 0, 0, 0, 0, 9, 15, 75
"/home/morit/Studium/Master/Forschungsprojekt/nextpnr/3rdparty/pybind11/include/pybind11/detail/class.h", "C++", 517, 0, 0, 0, 0, 0, 0, 0, 0, 0, 0, 0, 0, 0, 0, 0, 0, 0, 0, 0, 0, 0, 0, 0, 0, 0, 0, 122, 110, 749
"/home/morit/Studium/Master/Forschungsprojekt/nextpnr/3rdparty/pybind11/include/pybind11/detail/common.h", "C++", 837, 0, 0, 0, 0, 0, 0, 0, 0, 0, 0, 0, 0, 0, 0, 0, 0, 0, 0, 0, 0, 0, 0, 0, 0, 0, 0, 295, 136, 1268
"/home/morit/Studium/Master/Forschungsprojekt/nextpnr/3rdparty/pybind11/include/pybind11/detail/cpp_conduit.h", "C++", 63, 0, 0, 0, 0, 0, 0, 0, 0, 0, 0, 0, 0, 0, 0, 0, 0, 0, 0, 0, 0, 0, 0, 0, 0, 0, 0, 2, 13, 78
"/home/morit/Studium/Master/Forschungsprojekt/nextpnr/3rdparty/pybind11/include/pybind11/detail/descr.h", "C++", 129, 0, 0, 0, 0, 0, 0, 0, 0, 0, 0, 0, 0, 0, 0, 0, 0, 0, 0, 0, 0, 0, 0, 0, 0, 0, 0, 17, 26, 172
"/home/morit/Studium/Master/Forschungsprojekt/nextpnr/3rdparty/pybind11/include/pybind11/detail/init.h", "C++", 320, 0, 0, 0, 0, 0, 0, 0, 0, 0, 0, 0, 0, 0, 0, 0, 0, 0, 0, 0, 0, 0, 0, 0, 0, 0, 0, 70, 45, 435
"/home/morit/Studium/Master/Forschungsprojekt/nextpnr/3rdparty/pybind11/include/pybind11/detail/internals.h", "C++", 480, 0, 0, 0, 0, 0, 0, 0, 0, 0, 0, 0, 0, 0, 0, 0, 0, 0, 0, 0, 0, 0, 0, 0, 0, 0, 0, 130, 60, 670
"/home/morit/Studium/Master/Forschungsprojekt/nextpnr/3rdparty/pybind11/include/pybind11/detail/type_caster_base.h", "C++", 876, 0, 0, 0, 0, 0, 0, 0, 0, 0, 0, 0, 0, 0, 0, 0, 0, 0, 0, 0, 0, 0, 0, 0, 0, 0, 0, 249, 134, 1259
"/home/morit/Studium/Master/Forschungsprojekt/nextpnr/3rdparty/pybind11/include/pybind11/detail/typeid.h", "C++", 44, 0, 0, 0, 0, 0, 0, 0, 0, 0, 0, 0, 0, 0, 0, 0, 0, 0, 0, 0, 0, 0, 0, 0, 0, 0, 0, 10, 12, 66
"/home/morit/Studium/Master/Forschungsprojekt/nextpnr/3rdparty/pybind11/include/pybind11/eigen.h", "C++", 2, 0, 0, 0, 0, 0, 0, 0, 0, 0, 0, 0, 0, 0, 0, 0, 0, 0, 0, 0, 0, 0, 0, 0, 0, 0, 0, 8, 3, 13
"/home/morit/Studium/Master/Forschungsprojekt/nextpnr/3rdparty/pybind11/include/pybind11/eigen/common.h", "C++", 4, 0, 0, 0, 0, 0, 0, 0, 0, 0, 0, 0, 0, 0, 0, 0, 0, 0, 0, 0, 0, 0, 0, 0, 0, 0, 0, 3, 3, 10
"/home/morit/Studium/Master/Forschungsprojekt/nextpnr/3rdparty/pybind11/include/pybind11/eigen/matrix.h", "C++", 511, 0, 0, 0, 0, 0, 0, 0, 0, 0, 0, 0, 0, 0, 0, 0, 0, 0, 0, 0, 0, 0, 0, 0, 0, 0, 0, 119, 85, 715
"/home/morit/Studium/Master/Forschungsprojekt/nextpnr/3rdparty/pybind11/include/pybind11/eigen/tensor.h", "C++", 396, 0, 0, 0, 0, 0, 0, 0, 0, 0, 0, 0, 0, 0, 0, 0, 0, 0, 0, 0, 0, 0, 0, 0, 0, 0, 0, 22, 100, 518
"/home/morit/Studium/Master/Forschungsprojekt/nextpnr/3rdparty/pybind11/include/pybind11/embed.h", "C++", 176, 0, 0, 0, 0, 0, 0, 0, 0, 0, 0, 0, 0, 0, 0, 0, 0, 0, 0, 0, 0, 0, 0, 0, 0, 0, 0, 108, 33, 317
"/home/morit/Studium/Master/Forschungsprojekt/nextpnr/3rdparty/pybind11/include/pybind11/eval.h", "C++", 111, 0, 0, 0, 0, 0, 0, 0, 0, 0, 0, 0, 0, 0, 0, 0, 0, 0, 0, 0, 0, 0, 0, 0, 0, 0, 0, 20, 26, 157
"/home/morit/Studium/Master/Forschungsprojekt/nextpnr/3rdparty/pybind11/include/pybind11/functional.h", "C++", 95, 0, 0, 0, 0, 0, 0, 0, 0, 0, 0, 0, 0, 0, 0, 0, 0, 0, 0, 0, 0, 0, 0, 0, 0, 0, 0, 25, 19, 139
"/home/morit/Studium/Master/Forschungsprojekt/nextpnr/3rdparty/pybind11/include/pybind11/gil.h", "C++", 151, 0, 0, 0, 0, 0, 0, 0, 0, 0, 0, 0, 0, 0, 0, 0, 0, 0, 0, 0, 0, 0, 0, 0, 0, 0, 0, 58, 39, 248
"/home/morit/Studium/Master/Forschungsprojekt/nextpnr/3rdparty/pybind11/include/pybind11/gil_safe_call_once.h", "C++", 38, 0, 0, 0, 0, 0, 0, 0, 0, 0, 0, 0, 0, 0, 0, 0, 0, 0, 0, 0, 0, 0, 0, 0, 0, 0, 0, 44, 10, 92
"/home/morit/Studium/Master/Forschungsprojekt/nextpnr/3rdparty/pybind11/include/pybind11/iostream.h", "C++", 138, 0, 0, 0, 0, 0, 0, 0, 0, 0, 0, 0, 0, 0, 0, 0, 0, 0, 0, 0, 0, 0, 0, 0, 0, 0, 0, 97, 31, 266
"/home/morit/Studium/Master/Forschungsprojekt/nextpnr/3rdparty/pybind11/include/pybind11/numpy.h", "C++", 1618, 0, 0, 0, 0, 0, 0, 0, 0, 0, 0, 0, 0, 0, 0, 0, 0, 0, 0, 0, 0, 0, 0, 0, 0, 0, 0, 235, 281, 2134
"/home/morit/Studium/Master/Forschungsprojekt/nextpnr/3rdparty/pybind11/include/pybind11/operators.h", "C++", 167, 0, 0, 0, 0, 0, 0, 0, 0, 0, 0, 0, 0, 0, 0, 0, 0, 0, 0, 0, 0, 0, 0, 0, 0, 0, 0, 18, 18, 203
"/home/morit/Studium/Master/Forschungsprojekt/nextpnr/3rdparty/pybind11/include/pybind11/options.h", "C++", 54, 0, 0, 0, 0, 0, 0, 0, 0, 0, 0, 0, 0, 0, 0, 0, 0, 0, 0, 0, 0, 0, 0, 0, 0, 0, 0, 16, 23, 93
"/home/morit/Studium/Master/Forschungsprojekt/nextpnr/3rdparty/pybind11/include/pybind11/pybind11.h", "C++", 2203, 0, 0, 0, 0, 0, 0, 0, 0, 0, 0, 0, 0, 0, 0, 0, 0, 0, 0, 0, 0, 0, 0, 0, 0, 0, 0, 444, 320, 2967
"/home/morit/Studium/Master/Forschungsprojekt/nextpnr/3rdparty/pybind11/include/pybind11/pytypes.h", "C++", 1867, 0, 0, 0, 0, 0, 0, 0, 0, 0, 0, 0, 0, 0, 0, 0, 0, 0, 0, 0, 0, 0, 0, 0, 0, 0, 0, 417, 291, 2575
"/home/morit/Studium/Master/Forschungsprojekt/nextpnr/3rdparty/pybind11/include/pybind11/stl.h", "C++", 358, 0, 0, 0, 0, 0, 0, 0, 0, 0, 0, 0, 0, 0, 0, 0, 0, 0, 0, 0, 0, 0, 0, 0, 0, 0, 0, 27, 64, 449
"/home/morit/Studium/Master/Forschungsprojekt/nextpnr/3rdparty/pybind11/include/pybind11/stl/filesystem.h", "C++", 91, 0, 0, 0, 0, 0, 0, 0, 0, 0, 0, 0, 0, 0, 0, 0, 0, 0, 0, 0, 0, 0, 0, 0, 0, 0, 0, 10, 16, 117
"/home/morit/Studium/Master/Forschungsprojekt/nextpnr/3rdparty/pybind11/include/pybind11/stl_bind.h", "C++", 637, 0, 0, 0, 0, 0, 0, 0, 0, 0, 0, 0, 0, 0, 0, 0, 0, 0, 0, 0, 0, 0, 0, 0, 0, 0, 0, 68, 119, 824
"/home/morit/Studium/Master/Forschungsprojekt/nextpnr/3rdparty/pybind11/include/pybind11/type_caster_pyobject_ptr.h", "C++", 48, 0, 0, 0, 0, 0, 0, 0, 0, 0, 0, 0, 0, 0, 0, 0, 0, 0, 0, 0, 0, 0, 0, 0, 0, 0, 0, 2, 12, 62
"/home/morit/Studium/Master/Forschungsprojekt/nextpnr/3rdparty/pybind11/include/pybind11/typing.h", "C++", 83, 0, 0, 0, 0, 0, 0, 0, 0, 0, 0, 0, 0, 0, 0, 0, 0, 0, 0, 0, 0, 0, 0, 0, 0, 0, 0, 18, 25, 126
"/home/morit/Studium/Master/Forschungsprojekt/nextpnr/3rdparty/pybind11/noxfile.py", "Python", 0, 0, 0, 67, 0, 0, 0, 0, 0, 0, 0, 0, 0, 0, 0, 0, 0, 0, 0, 0, 0, 0, 0, 0, 0, 0, 0, 18, 23, 108
"/home/morit/Studium/Master/Forschungsprojekt/nextpnr/3rdparty/pybind11/pybind11/__init__.py", "Python", 0, 0, 0, 13, 0, 0, 0, 0, 0, 0, 0, 0, 0, 0, 0, 0, 0, 0, 0, 0, 0, 0, 0, 0, 0, 0, 0, 0, 5, 18
"/home/morit/Studium/Master/Forschungsprojekt/nextpnr/3rdparty/pybind11/pybind11/__main__.py", "Python", 0, 0, 0, 50, 0, 0, 0, 0, 0, 0, 0, 0, 0, 0, 0, 0, 0, 0, 0, 0, 0, 0, 0, 0, 0, 0, 0, 2, 11, 63
"/home/morit/Studium/Master/Forschungsprojekt/nextpnr/3rdparty/pybind11/pybind11/_version.py", "Python", 0, 0, 0, 8, 0, 0, 0, 0, 0, 0, 0, 0, 0, 0, 0, 0, 0, 0, 0, 0, 0, 0, 0, 0, 0, 0, 0, 0, 5, 13
"/home/morit/Studium/Master/Forschungsprojekt/nextpnr/3rdparty/pybind11/pybind11/commands.py", "Python", 0, 0, 0, 18, 0, 0, 0, 0, 0, 0, 0, 0, 0, 0, 0, 0, 0, 0, 0, 0, 0, 0, 0, 0, 0, 0, 0, 10, 10, 38
"/home/morit/Studium/Master/Forschungsprojekt/nextpnr/3rdparty/pybind11/pybind11/setup_helpers.py", "Python", 0, 0, 0, 249, 0, 0, 0, 0, 0, 0, 0, 0, 0, 0, 0, 0, 0, 0, 0, 0, 0, 0, 0, 0, 0, 0, 0, 170, 82, 501
"/home/morit/Studium/Master/Forschungsprojekt/nextpnr/3rdparty/pybind11/setup.cfg", "Properties", 0, 0, 0, 0, 0, 0, 0, 0, 0, 0, 0, 0, 0, 0, 0, 0, 0, 0, 0, 0, 39, 0, 0, 0, 0, 0, 0, 0, 5, 44
"/home/morit/Studium/Master/Forschungsprojekt/nextpnr/3rdparty/pybind11/setup.py", "Python", 0, 0, 0, 110, 0, 0, 0, 0, 0, 0, 0, 0, 0, 0, 0, 0, 0, 0, 0, 0, 0, 0, 0, 0, 0, 0, 0, 12, 29, 151
"/home/morit/Studium/Master/Forschungsprojekt/nextpnr/3rdparty/pybind11/tests/CMakeLists.txt", "CMake", 0, 524, 0, 0, 0, 0, 0, 0, 0, 0, 0, 0, 0, 0, 0, 0, 0, 0, 0, 0, 0, 0, 0, 0, 0, 0, 0, 0, 69, 593
"/home/morit/Studium/Master/Forschungsprojekt/nextpnr/3rdparty/pybind11/tests/conftest.py", "Python", 0, 0, 0, 140, 0, 0, 0, 0, 0, 0, 0, 0, 0, 0, 0, 0, 0, 0, 0, 0, 0, 0, 0, 0, 0, 0, 0, 26, 57, 223
"/home/morit/Studium/Master/Forschungsprojekt/nextpnr/3rdparty/pybind11/tests/constructor_stats.h", "C++", 223, 0, 0, 0, 0, 0, 0, 0, 0, 0, 0, 0, 0, 0, 0, 0, 0, 0, 0, 0, 0, 0, 0, 0, 0, 0, 0, 80, 20, 323
"/home/morit/Studium/Master/Forschungsprojekt/nextpnr/3rdparty/pybind11/tests/cross_module_gil_utils.cpp", "C++", 74, 0, 0, 0, 0, 0, 0, 0, 0, 0, 0, 0, 0, 0, 0, 0, 0, 0, 0, 0, 0, 0, 0, 0, 0, 0, 0, 15, 20, 109
"/home/morit/Studium/Master/Forschungsprojekt/nextpnr/3rdparty/pybind11/tests/cross_module_interleaved_error_already_set.cpp", "C++", 30, 0, 0, 0, 0, 0, 0, 0, 0, 0, 0, 0, 0, 0, 0, 0, 0, 0, 0, 0, 0, 0, 0, 0, 0, 0, 0, 12, 10, 52
"/home/morit/Studium/Master/Forschungsprojekt/nextpnr/3rdparty/pybind11/tests/eigen_tensor_avoid_stl_array.cpp", "C++", 5, 0, 0, 0, 0, 0, 0, 0, 0, 0, 0, 0, 0, 0, 0, 0, 0, 0, 0, 0, 0, 0, 0, 0, 0, 0, 0, 6, 4, 15
"/home/morit/Studium/Master/Forschungsprojekt/nextpnr/3rdparty/pybind11/tests/env.py", "Python", 0, 0, 0, 14, 0, 0, 0, 0, 0, 0, 0, 0, 0, 0, 0, 0, 0, 0, 0, 0, 0, 0, 0, 0, 0, 0, 0, 8, 6, 28
"/home/morit/Studium/Master/Forschungsprojekt/nextpnr/3rdparty/pybind11/tests/exo_planet_c_api.cpp", "C++", 82, 0, 0, 0, 0, 0, 0, 0, 0, 0, 0, 0, 0, 0, 0, 0, 0, 0, 0, 0, 0, 0, 0, 0, 0, 0, 0, 8, 14, 104
"/home/morit/Studium/Master/Forschungsprojekt/nextpnr/3rdparty/pybind11/tests/exo_planet_pybind11.cpp", "C++", 13, 0, 0, 0, 0, 0, 0, 0, 0, 0, 0, 0, 0, 0, 0, 0, 0, 0, 0, 0, 0, 0, 0, 0, 0, 0, 0, 1, 6, 20
"/home/morit/Studium/Master/Forschungsprojekt/nextpnr/3rdparty/pybind11/tests/extra_python_package/pytest.ini", "Ini", 0, 0, 0, 0, 0, 0, 0, 0, 0, 0, 0, 0, 0, 0, 0, 0, 0, 0, 0, 0, 0, 0, 0, 0, 0, 0, 0, 0, 1, 1
"/home/morit/Studium/Master/Forschungsprojekt/nextpnr/3rdparty/pybind11/tests/extra_python_package/test_files.py", "Python", 0, 0, 0, 237, 0, 0, 0, 0, 0, 0, 0, 0, 0, 0, 0, 0, 0, 0, 0, 0, 0, 0, 0, 0, 0, 0, 0, 2, 56, 295
"/home/morit/Studium/Master/Forschungsprojekt/nextpnr/3rdparty/pybind11/tests/extra_setuptools/pytest.ini", "Ini", 0, 0, 0, 0, 0, 0, 0, 0, 0, 0, 0, 0, 0, 0, 0, 0, 0, 0, 0, 0, 0, 0, 0, 0, 0, 0, 0, 0, 1, 1
"/home/morit/Studium/Master/Forschungsprojekt/nextpnr/3rdparty/pybind11/tests/extra_setuptools/test_setuphelper.py", "Python", 0, 0, 0, 50, 0, 0, 0, 0, 0, 0, 0, 0, 0, 0, 0, 0, 0, 0, 0, 0, 0, 0, 0, 0, 0, 0, 0, 89, 13, 152
"/home/morit/Studium/Master/Forschungsprojekt/nextpnr/3rdparty/pybind11/tests/home_planet_very_lonely_traveler.cpp", "C++", 8, 0, 0, 0, 0, 0, 0, 0, 0, 0, 0, 0, 0, 0, 0, 0, 0, 0, 0, 0, 0, 0, 0, 0, 0, 0, 0, 1, 5, 14
"/home/morit/Studium/Master/Forschungsprojekt/nextpnr/3rdparty/pybind11/tests/local_bindings.h", "C++", 66, 0, 0, 0, 0, 0, 0, 0, 0, 0, 0, 0, 0, 0, 0, 0, 0, 0, 0, 0, 0, 0, 0, 0, 0, 0, 0, 13, 14, 93
"/home/morit/Studium/Master/Forschungsprojekt/nextpnr/3rdparty/pybind11/tests/object.h", "C++", 119, 0, 0, 0, 0, 0, 0, 0, 0, 0, 0, 0, 0, 0, 0, 0, 0, 0, 0, 0, 0, 0, 0, 0, 0, 0, 0, 47, 40, 206
"/home/morit/Studium/Master/Forschungsprojekt/nextpnr/3rdparty/pybind11/tests/pybind11_cross_module_tests.cpp", "C++", 82, 0, 0, 0, 0, 0, 0, 0, 0, 0, 0, 0, 0, 0, 0, 0, 0, 0, 0, 0, 0, 0, 0, 0, 0, 0, 0, 44, 24, 150
"/home/morit/Studium/Master/Forschungsprojekt/nextpnr/3rdparty/pybind11/tests/pybind11_tests.cpp", "C++", 88, 0, 0, 0, 0, 0, 0, 0, 0, 0, 0, 0, 0, 0, 0, 0, 0, 0, 0, 0, 0, 0, 0, 0, 0, 0, 0, 25, 17, 130
"/home/morit/Studium/Master/Forschungsprojekt/nextpnr/3rdparty/pybind11/tests/pybind11_tests.h", "C++", 65, 0, 0, 0, 0, 0, 0, 0, 0, 0, 0, 0, 0, 0, 0, 0, 0, 0, 0, 0, 0, 0, 0, 0, 0, 0, 0, 6, 15, 86
"/home/morit/Studium/Master/Forschungsprojekt/nextpnr/3rdparty/pybind11/tests/pytest.ini", "Ini", 0, 0, 0, 0, 0, 0, 0, 0, 0, 0, 0, 0, 0, 0, 0, 0, 0, 0, 0, 0, 0, 0, 0, 0, 22, 0, 0, 0, 1, 23
"/home/morit/Studium/Master/Forschungsprojekt/nextpnr/3rdparty/pybind11/tests/requirements.txt", "pip requirements", 0, 0, 0, 0, 0, 0, 0, 0, 0, 0, 0, 0, 0, 0, 0, 0, 0, 0, 0, 0, 0, 0, 0, 15, 0, 0, 0, 0, 1, 16
"/home/morit/Studium/Master/Forschungsprojekt/nextpnr/3rdparty/pybind11/tests/test_async.cpp", "C++", 15, 0, 0, 0, 0, 0, 0, 0, 0, 0, 0, 0, 0, 0, 0, 0, 0, 0, 0, 0, 0, 0, 0, 0, 0, 0, 0, 8, 3, 26
"/home/morit/Studium/Master/Forschungsprojekt/nextpnr/3rdparty/pybind11/tests/test_async.py", "Python", 0, 0, 0, 15, 0, 0, 0, 0, 0, 0, 0, 0, 0, 0, 0, 0, 0, 0, 0, 0, 0, 0, 0, 0, 0, 0, 0, 0, 10, 25
"/home/morit/Studium/Master/Forschungsprojekt/nextpnr/3rdparty/pybind11/tests/test_buffers.cpp", "C++", 206, 0, 0, 0, 0, 0, 0, 0, 0, 0, 0, 0, 0, 0, 0, 0, 0, 0, 0, 0, 0, 0, 0, 0, 0, 0, 0, 21, 33, 260
"/home/morit/Studium/Master/Forschungsprojekt/nextpnr/3rdparty/pybind11/tests/test_buffers.py", "Python", 0, 0, 0, 179, 0, 0, 0, 0, 0, 0, 0, 0, 0, 0, 0, 0, 0, 0, 0, 0, 0, 0, 0, 0, 0, 0, 0, 8, 42, 229
"/home/morit/Studium/Master/Forschungsprojekt/nextpnr/3rdparty/pybind11/tests/test_builtin_casters.cpp", "C++", 301, 0, 0, 0, 0, 0, 0, 0, 0, 0, 0, 0, 0, 0, 0, 0, 0, 0, 0, 0, 0, 0, 0, 0, 0, 0, 0, 49, 43, 393
"/home/morit/Studium/Master/Forschungsprojekt/nextpnr/3rdparty/pybind11/tests/test_builtin_casters.py", "Python", 0, 0, 0, 390, 0, 0, 0, 0, 0, 0, 0, 0, 0, 0, 0, 0, 0, 0, 0, 0, 0, 0, 0, 0, 0, 0, 0, 35, 104, 529
"/home/morit/Studium/Master/Forschungsprojekt/nextpnr/3rdparty/pybind11/tests/test_call_policies.cpp", "C++", 83, 0, 0, 0, 0, 0, 0, 0, 0, 0, 0, 0, 0, 0, 0, 0, 0, 0, 0, 0, 0, 0, 0, 0, 0, 0, 0, 15, 18, 116
"/home/morit/Studium/Master/Forschungsprojekt/nextpnr/3rdparty/pybind11/tests/test_call_policies.py", "Python", 0, 0, 0, 217, 0, 0, 0, 0, 0, 0, 0, 0, 0, 0, 0, 0, 0, 0, 0, 0, 0, 0, 0, 0, 0, 0, 0, 2, 29, 248
"/home/morit/Studium/Master/Forschungsprojekt/nextpnr/3rdparty/pybind11/tests/test_callbacks.cpp", "C++", 212, 0, 0, 0, 0, 0, 0, 0, 0, 0, 0, 0, 0, 0, 0, 0, 0, 0, 0, 0, 0, 0, 0, 0, 0, 0, 0, 37, 32, 281
"/home/morit/Studium/Master/Forschungsprojekt/nextpnr/3rdparty/pybind11/tests/test_callbacks.py", "Python", 0, 0, 0, 163, 0, 0, 0, 0, 0, 0, 0, 0, 0, 0, 0, 0, 0, 0, 0, 0, 0, 0, 0, 0, 0, 0, 0, 11, 52, 226
"/home/morit/Studium/Master/Forschungsprojekt/nextpnr/3rdparty/pybind11/tests/test_chrono.cpp", "C++", 41, 0, 0, 0, 0, 0, 0, 0, 0, 0, 0, 0, 0, 0, 0, 0, 0, 0, 0, 0, 0, 0, 0, 0, 0, 0, 0, 25, 16, 82
"/home/morit/Studium/Master/Forschungsprojekt/nextpnr/3rdparty/pybind11/tests/test_chrono.py", "Python", 0, 0, 0, 124, 0, 0, 0, 0, 0, 0, 0, 0, 0, 0, 0, 0, 0, 0, 0, 0, 0, 0, 0, 0, 0, 0, 0, 23, 59, 206
"/home/morit/Studium/Master/Forschungsprojekt/nextpnr/3rdparty/pybind11/tests/test_class.cpp", "C++", 499, 0, 0, 0, 0, 0, 0, 0, 0, 0, 0, 0, 0, 0, 0, 0, 0, 0, 0, 0, 0, 0, 0, 0, 0, 0, 0, 70, 89, 658
"/home/morit/Studium/Master/Forschungsprojekt/nextpnr/3rdparty/pybind11/tests/test_class.py", "Python", 0, 0, 0, 358, 0, 0, 0, 0, 0, 0, 0, 0, 0, 0, 0, 0, 0, 0, 0, 0, 0, 0, 0, 0, 0, 0, 0, 31, 111, 500
"/home/morit/Studium/Master/Forschungsprojekt/nextpnr/3rdparty/pybind11/tests/test_cmake_build/CMakeLists.txt", "CMake", 0, 67, 0, 0, 0, 0, 0, 0, 0, 0, 0, 0, 0, 0, 0, 0, 0, 0, 0, 0, 0, 0, 0, 0, 0, 0, 0, 0, 14, 81
"/home/morit/Studium/Master/Forschungsprojekt/nextpnr/3rdparty/pybind11/tests/test_cmake_build/embed.cpp", "C++", 18, 0, 0, 0, 0, 0, 0, 0, 0, 0, 0, 0, 0, 0, 0, 0, 0, 0, 0, 0, 0, 0, 0, 0, 0, 0, 0, 0, 6, 24
"/home/morit/Studium/Master/Forschungsprojekt/nextpnr/3rdparty/pybind11/tests/test_cmake_build/installed_embed/CMakeLists.txt", "CMake", 0, 22, 0, 0, 0, 0, 0, 0, 0, 0, 0, 0, 0, 0, 0, 0, 0, 0, 0, 0, 0, 0, 0, 0, 0, 0, 0, 0, 7, 29
"/home/morit/Studium/Master/Forschungsprojekt/nextpnr/3rdparty/pybind11/tests/test_cmake_build/installed_function/CMakeLists.txt", "CMake", 0, 33, 0, 0, 0, 0, 0, 0, 0, 0, 0, 0, 0, 0, 0, 0, 0, 0, 0, 0, 0, 0, 0, 0, 0, 0, 0, 0, 7, 40
"/home/morit/Studium/Master/Forschungsprojekt/nextpnr/3rdparty/pybind11/tests/test_cmake_build/installed_target/CMakeLists.txt", "CMake", 0, 37, 0, 0, 0, 0, 0, 0, 0, 0, 0, 0, 0, 0, 0, 0, 0, 0, 0, 0, 0, 0, 0, 0, 0, 0, 0, 0, 10, 47
"/home/morit/Studium/Master/Forschungsprojekt/nextpnr/3rdparty/pybind11/tests/test_cmake_build/main.cpp", "C++", 5, 0, 0, 0, 0, 0, 0, 0, 0, 0, 0, 0, 0, 0, 0, 0, 0, 0, 0, 0, 0, 0, 0, 0, 0, 0, 0, 0, 2, 7
"/home/morit/Studium/Master/Forschungsprojekt/nextpnr/3rdparty/pybind11/tests/test_cmake_build/subdirectory_embed/CMakeLists.txt", "CMake", 0, 38, 0, 0, 0, 0, 0, 0, 0, 0, 0, 0, 0, 0, 0, 0, 0, 0, 0, 0, 0, 0, 0, 0, 0, 0, 0, 0, 10, 48
"/home/morit/Studium/Master/Forschungsprojekt/nextpnr/3rdparty/pybind11/tests/test_cmake_build/subdirectory_function/CMakeLists.txt", "CMake", 0, 35, 0, 0, 0, 0, 0, 0, 0, 0, 0, 0, 0, 0, 0, 0, 0, 0, 0, 0, 0, 0, 0, 0, 0, 0, 0, 0, 7, 42
"/home/morit/Studium/Master/Forschungsprojekt/nextpnr/3rdparty/pybind11/tests/test_cmake_build/subdirectory_target/CMakeLists.txt", "CMake", 0, 38, 0, 0, 0, 0, 0, 0, 0, 0, 0, 0, 0, 0, 0, 0, 0, 0, 0, 0, 0, 0, 0, 0, 0, 0, 0, 0, 10, 48
"/home/morit/Studium/Master/Forschungsprojekt/nextpnr/3rdparty/pybind11/tests/test_cmake_build/test.py", "Python", 0, 0, 0, 5, 0, 0, 0, 0, 0, 0, 0, 0, 0, 0, 0, 0, 0, 0, 0, 0, 0, 0, 0, 0, 0, 0, 0, 0, 4, 9
"/home/morit/Studium/Master/Forschungsprojekt/nextpnr/3rdparty/pybind11/tests/test_const_name.cpp", "C++", 45, 0, 0, 0, 0, 0, 0, 0, 0, 0, 0, 0, 0, 0, 0, 0, 0, 0, 0, 0, 0, 0, 0, 0, 0, 0, 0, 4, 7, 56
"/home/morit/Studium/Master/Forschungsprojekt/nextpnr/3rdparty/pybind11/tests/test_const_name.py", "Python", 0, 0, 0, 26, 0, 0, 0, 0, 0, 0, 0, 0, 0, 0, 0, 0, 0, 0, 0, 0, 0, 0, 0, 0, 0, 0, 0, 0, 4, 30
"/home/morit/Studium/Master/Forschungsprojekt/nextpnr/3rdparty/pybind11/tests/test_constants_and_functions.cpp", "C++", 113, 0, 0, 0, 0, 0, 0, 0, 0, 0, 0, 0, 0, 0, 0, 0, 0, 0, 0, 0, 0, 0, 0, 0, 0, 0, 0, 26, 20, 159
"/home/morit/Studium/Master/Forschungsprojekt/nextpnr/3rdparty/pybind11/tests/test_constants_and_functions.py", "Python", 0, 0, 0, 40, 0, 0, 0, 0, 0, 0, 0, 0, 0, 0, 0, 0, 0, 0, 0, 0, 0, 0, 0, 0, 0, 0, 0, 0, 17, 57
"/home/morit/Studium/Master/Forschungsprojekt/nextpnr/3rdparty/pybind11/tests/test_copy_move.cpp", "C++", 423, 0, 0, 0, 0, 0, 0, 0, 0, 0, 0, 0, 0, 0, 0, 0, 0, 0, 0, 0, 0, 0, 0, 0, 0, 0, 0, 73, 38, 534
"/home/morit/Studium/Master/Forschungsprojekt/nextpnr/3rdparty/pybind11/tests/test_copy_move.py", "Python", 0, 0, 0, 86, 0, 0, 0, 0, 0, 0, 0, 0, 0, 0, 0, 0, 0, 0, 0, 0, 0, 0, 0, 0, 0, 0, 0, 17, 30, 133
"/home/morit/Studium/Master/Forschungsprojekt/nextpnr/3rdparty/pybind11/tests/test_cpp_conduit.cpp", "C++", 15, 0, 0, 0, 0, 0, 0, 0, 0, 0, 0, 0, 0, 0, 0, 0, 0, 0, 0, 0, 0, 0, 0, 0, 0, 0, 0, 1, 7, 23
"/home/morit/Studium/Master/Forschungsprojekt/nextpnr/3rdparty/pybind11/tests/test_cpp_conduit.py", "Python", 0, 0, 0, 103, 0, 0, 0, 0, 0, 0, 0, 0, 0, 0, 0, 0, 0, 0, 0, 0, 0, 0, 0, 0, 0, 0, 0, 19, 39, 161
"/home/morit/Studium/Master/Forschungsprojekt/nextpnr/3rdparty/pybind11/tests/test_cpp_conduit_traveler_bindings.h", "C++", 31, 0, 0, 0, 0, 0, 0, 0, 0, 0, 0, 0, 0, 0, 0, 0, 0, 0, 0, 0, 0, 0, 0, 0, 0, 0, 0, 3, 14, 48
"/home/morit/Studium/Master/Forschungsprojekt/nextpnr/3rdparty/pybind11/tests/test_cpp_conduit_traveler_types.h", "C++", 17, 0, 0, 0, 0, 0, 0, 0, 0, 0, 0, 0, 0, 0, 0, 0, 0, 0, 0, 0, 0, 0, 0, 0, 0, 0, 0, 1, 8, 26
"/home/morit/Studium/Master/Forschungsprojekt/nextpnr/3rdparty/pybind11/tests/test_custom_type_casters.cpp", "C++", 169, 0, 0, 0, 0, 0, 0, 0, 0, 0, 0, 0, 0, 0, 0, 0, 0, 0, 0, 0, 0, 0, 0, 0, 0, 0, 0, 29, 24, 222
"/home/morit/Studium/Master/Forschungsprojekt/nextpnr/3rdparty/pybind11/tests/test_custom_type_casters.py", "Python", 0, 0, 0, 101, 0, 0, 0, 0, 0, 0, 0, 0, 0, 0, 0, 0, 0, 0, 0, 0, 0, 0, 0, 0, 0, 0, 0, 7, 15, 123
"/home/morit/Studium/Master/Forschungsprojekt/nextpnr/3rdparty/pybind11/tests/test_custom_type_setup.cpp", "C++", 27, 0, 0, 0, 0, 0, 0, 0, 0, 0, 0, 0, 0, 0, 0, 0, 0, 0, 0, 0, 0, 0, 0, 0, 0, 0, 0, 8, 7, 42
"/home/morit/Studium/Master/Forschungsprojekt/nextpnr/3rdparty/pybind11/tests/test_custom_type_setup.py", "Python", 0, 0, 0, 27, 0, 0, 0, 0, 0, 0, 0, 0, 0, 0, 0, 0, 0, 0, 0, 0, 0, 0, 0, 0, 0, 0, 0, 9, 13, 49
"/home/morit/Studium/Master/Forschungsprojekt/nextpnr/3rdparty/pybind11/tests/test_docstring_options.cpp", "C++", 102, 0, 0, 0, 0, 0, 0, 0, 0, 0, 0, 0, 0, 0, 0, 0, 0, 0, 0, 0, 0, 0, 0, 0, 0, 0, 0, 9, 31, 142
"/home/morit/Studium/Master/Forschungsprojekt/nextpnr/3rdparty/pybind11/tests/test_docstring_options.py", "Python", 0, 0, 0, 28, 0, 0, 0, 0, 0, 0, 0, 0, 0, 0, 0, 0, 0, 0, 0, 0, 0, 0, 0, 0, 0, 0, 0, 18, 19, 65
"/home/morit/Studium/Master/Forschungsprojekt/nextpnr/3rdparty/pybind11/tests/test_eigen_matrix.cpp", "C++", 323, 0, 0, 0, 0, 0, 0, 0, 0, 0, 0, 0, 0, 0, 0, 0, 0, 0, 0, 0, 0, 0, 0, 0, 0, 0, 0, 81, 42, 446
"/home/morit/Studium/Master/Forschungsprojekt/nextpnr/3rdparty/pybind11/tests/test_eigen_matrix.py", "Python", 0, 0, 0, 630, 0, 0, 0, 0, 0, 0, 0, 0, 0, 0, 0, 0, 0, 0, 0, 0, 0, 0, 0, 0, 0, 0, 0, 55, 130, 815
"/home/morit/Studium/Master/Forschungsprojekt/nextpnr/3rdparty/pybind11/tests/test_eigen_tensor.cpp", "C++", 7, 0, 0, 0, 0, 0, 0, 0, 0, 0, 0, 0, 0, 0, 0, 0, 0, 0, 0, 0, 0, 0, 0, 0, 0, 0, 0, 6, 6, 19
"/home/morit/Studium/Master/Forschungsprojekt/nextpnr/3rdparty/pybind11/tests/test_eigen_tensor.inl", "C++", 265, 0, 0, 0, 0, 0, 0, 0, 0, 0, 0, 0, 0, 0, 0, 0, 0, 0, 0, 0, 0, 0, 0, 0, 0, 0, 0, 7, 62, 334
"/home/morit/Studium/Master/Forschungsprojekt/nextpnr/3rdparty/pybind11/tests/test_eigen_tensor.py", "Python", 0, 0, 0, 228, 0, 0, 0, 0, 0, 0, 0, 0, 0, 0, 0, 0, 0, 0, 0, 0, 0, 0, 0, 0, 0, 0, 0, 3, 58, 289
"/home/morit/Studium/Master/Forschungsprojekt/nextpnr/3rdparty/pybind11/tests/test_embed/CMakeLists.txt", "CMake", 0, 37, 0, 0, 0, 0, 0, 0, 0, 0, 0, 0, 0, 0, 0, 0, 0, 0, 0, 0, 0, 0, 0, 0, 0, 0, 0, 0, 11, 48
"/home/morit/Studium/Master/Forschungsprojekt/nextpnr/3rdparty/pybind11/tests/test_embed/catch.cpp", "C++", 28, 0, 0, 0, 0, 0, 0, 0, 0, 0, 0, 0, 0, 0, 0, 0, 0, 0, 0, 0, 0, 0, 0, 0, 0, 0, 0, 6, 10, 44
"/home/morit/Studium/Master/Forschungsprojekt/nextpnr/3rdparty/pybind11/tests/test_embed/external_module.cpp", "C++", 12, 0, 0, 0, 0, 0, 0, 0, 0, 0, 0, 0, 0, 0, 0, 0, 0, 0, 0, 0, 0, 0, 0, 0, 0, 0, 0, 3, 6, 21
"/home/morit/Studium/Master/Forschungsprojekt/nextpnr/3rdparty/pybind11/tests/test_embed/test_interpreter.cpp", "C++", 371, 0, 0, 0, 0, 0, 0, 0, 0, 0, 0, 0, 0, 0, 0, 0, 0, 0, 0, 0, 0, 0, 0, 0, 0, 0, 0, 36, 82, 489
"/home/morit/Studium/Master/Forschungsprojekt/nextpnr/3rdparty/pybind11/tests/test_embed/test_interpreter.py", "Python", 0, 0, 0, 9, 0, 0, 0, 0, 0, 0, 0, 0, 0, 0, 0, 0, 0, 0, 0, 0, 0, 0, 0, 0, 0, 0, 0, 0, 6, 15
"/home/morit/Studium/Master/Forschungsprojekt/nextpnr/3rdparty/pybind11/tests/test_embed/test_trampoline.py", "Python", 0, 0, 0, 10, 0, 0, 0, 0, 0, 0, 0, 0, 0, 0, 0, 0, 0, 0, 0, 0, 0, 0, 0, 0, 0, 0, 0, 0, 7, 17
"/home/morit/Studium/Master/Forschungsprojekt/nextpnr/3rdparty/pybind11/tests/test_enum.cpp", "C++", 94, 0, 0, 0, 0, 0, 0, 0, 0, 0, 0, 0, 0, 0, 0, 0, 0, 0, 0, 0, 0, 0, 0, 0, 0, 0, 0, 22, 18, 134
"/home/morit/Studium/Master/Forschungsprojekt/nextpnr/3rdparty/pybind11/tests/test_enum.py", "Python", 0, 0, 0, 196, 0, 0, 0, 0, 0, 0, 0, 0, 0, 0, 0, 0, 0, 0, 0, 0, 0, 0, 0, 0, 0, 0, 0, 26, 48, 270
"/home/morit/Studium/Master/Forschungsprojekt/nextpnr/3rdparty/pybind11/tests/test_eval.cpp", "C++", 84, 0, 0, 0, 0, 0, 0, 0, 0, 0, 0, 0, 0, 0, 0, 0, 0, 0, 0, 0, 0, 0, 0, 0, 0, 0, 0, 13, 22, 119
"/home/morit/Studium/Master/Forschungsprojekt/nextpnr/3rdparty/pybind11/tests/test_eval.py", "Python", 0, 0, 0, 32, 0, 0, 0, 0, 0, 0, 0, 0, 0, 0, 0, 0, 0, 0, 0, 0, 0, 0, 0, 0, 0, 0, 0, 0, 19, 51
"/home/morit/Studium/Master/Forschungsprojekt/nextpnr/3rdparty/pybind11/tests/test_eval_call.py", "Python", 0, 0, 0, 2, 0, 0, 0, 0, 0, 0, 0, 0, 0, 0, 0, 0, 0, 0, 0, 0, 0, 0, 0, 0, 0, 0, 0, 1, 2, 5
"/home/morit/Studium/Master/Forschungsprojekt/nextpnr/3rdparty/pybind11/tests/test_exceptions.cpp", "C++", 300, 0, 0, 0, 0, 0, 0, 0, 0, 0, 0, 0, 0, 0, 0, 0, 0, 0, 0, 0, 0, 0, 0, 0, 0, 0, 0, 45, 44, 389
"/home/morit/Studium/Master/Forschungsprojekt/nextpnr/3rdparty/pybind11/tests/test_exceptions.h", "C++", 9, 0, 0, 0, 0, 0, 0, 0, 0, 0, 0, 0, 0, 0, 0, 0, 0, 0, 0, 0, 0, 0, 0, 0, 0, 0, 0, 1, 4, 14
"/home/morit/Studium/Master/Forschungsprojekt/nextpnr/3rdparty/pybind11/tests/test_exceptions.py", "Python", 0, 0, 0, 308, 0, 0, 0, 0, 0, 0, 0, 0, 0, 0, 0, 0, 0, 0, 0, 0, 0, 0, 0, 0, 0, 0, 0, 30, 95, 433
"/home/morit/Studium/Master/Forschungsprojekt/nextpnr/3rdparty/pybind11/tests/test_factory_constructors.cpp", "C++", 326, 0, 0, 0, 0, 0, 0, 0, 0, 0, 0, 0, 0, 0, 0, 0, 0, 0, 0, 0, 0, 0, 0, 0, 0, 0, 0, 69, 36, 431
"/home/morit/Studium/Master/Forschungsprojekt/nextpnr/3rdparty/pybind11/tests/test_factory_constructors.py", "Python", 0, 0, 0, 357, 0, 0, 0, 0, 0, 0, 0, 0, 0, 0, 0, 0, 0, 0, 0, 0, 0, 0, 0, 0, 0, 0, 0, 69, 91, 517
"/home/morit/Studium/Master/Forschungsprojekt/nextpnr/3rdparty/pybind11/tests/test_gil_scoped.cpp", "C++", 126, 0, 0, 0, 0, 0, 0, 0, 0, 0, 0, 0, 0, 0, 0, 0, 0, 0, 0, 0, 0, 0, 0, 0, 0, 0, 0, 8, 11, 145
"/home/morit/Studium/Master/Forschungsprojekt/nextpnr/3rdparty/pybind11/tests/test_gil_scoped.py", "Python", 0, 0, 0, 139, 0, 0, 0, 0, 0, 0, 0, 0, 0, 0, 0, 0, 0, 0, 0, 0, 0, 0, 0, 0, 0, 0, 0, 43, 61, 243
"/home/morit/Studium/Master/Forschungsprojekt/nextpnr/3rdparty/pybind11/tests/test_iostream.cpp", "C++", 83, 0, 0, 0, 0, 0, 0, 0, 0, 0, 0, 0, 0, 0, 0, 0, 0, 0, 0, 0, 0, 0, 0, 0, 0, 0, 0, 18, 26, 127
"/home/morit/Studium/Master/Forschungsprojekt/nextpnr/3rdparty/pybind11/tests/test_iostream.py", "Python", 0, 0, 0, 213, 0, 0, 0, 0, 0, 0, 0, 0, 0, 0, 0, 0, 0, 0, 0, 0, 0, 0, 0, 0, 0, 0, 0, 6, 73, 292
"/home/morit/Studium/Master/Forschungsprojekt/nextpnr/3rdparty/pybind11/tests/test_kwargs_and_defaults.cpp", "C++", 261, 0, 0, 0, 0, 0, 0, 0, 0, 0, 0, 0, 0, 0, 0, 0, 0, 0, 0, 0, 0, 0, 0, 0, 0, 0, 0, 39, 28, 328
"/home/morit/Studium/Master/Forschungsprojekt/nextpnr/3rdparty/pybind11/tests/test_kwargs_and_defaults.py", "Python", 0, 0, 0, 352, 0, 0, 0, 0, 0, 0, 0, 0, 0, 0, 0, 0, 0, 0, 0, 0, 0, 0, 0, 0, 0, 0, 0, 15, 59, 426
"/home/morit/Studium/Master/Forschungsprojekt/nextpnr/3rdparty/pybind11/tests/test_local_bindings.cpp", "C++", 56, 0, 0, 0, 0, 0, 0, 0, 0, 0, 0, 0, 0, 0, 0, 0, 0, 0, 0, 0, 0, 0, 0, 0, 0, 0, 0, 33, 18, 107
"/home/morit/Studium/Master/Forschungsprojekt/nextpnr/3rdparty/pybind11/tests/test_local_bindings.py", "Python", 0, 0, 0, 181, 0, 0, 0, 0, 0, 0, 0, 0, 0, 0, 0, 0, 0, 0, 0, 0, 0, 0, 0, 0, 0, 0, 0, 21, 56, 258
"/home/morit/Studium/Master/Forschungsprojekt/nextpnr/3rdparty/pybind11/tests/test_methods_and_attributes.cpp", "C++", 388, 0, 0, 0, 0, 0, 0, 0, 0, 0, 0, 0, 0, 0, 0, 0, 0, 0, 0, 0, 0, 0, 0, 0, 0, 0, 0, 50, 56, 494
"/home/morit/Studium/Master/Forschungsprojekt/nextpnr/3rdparty/pybind11/tests/test_methods_and_attributes.py", "Python", 0, 0, 0, 408, 0, 0, 0, 0, 0, 0, 0, 0, 0, 0, 0, 0, 0, 0, 0, 0, 0, 0, 0, 0, 0, 0, 0, 22, 108, 538
"/home/morit/Studium/Master/Forschungsprojekt/nextpnr/3rdparty/pybind11/tests/test_modules.cpp", "C++", 95, 0, 0, 0, 0, 0, 0, 0, 0, 0, 0, 0, 0, 0, 0, 0, 0, 0, 0, 0, 0, 0, 0, 0, 0, 0, 0, 17, 14, 126
"/home/morit/Studium/Master/Forschungsprojekt/nextpnr/3rdparty/pybind11/tests/test_modules.py", "Python", 0, 0, 0, 76, 0, 0, 0, 0, 0, 0, 0, 0, 0, 0, 0, 0, 0, 0, 0, 0, 0, 0, 0, 0, 0, 0, 0, 15, 26, 117
"/home/morit/Studium/Master/Forschungsprojekt/nextpnr/3rdparty/pybind11/tests/test_multiple_inheritance.cpp", "C++", 259, 0, 0, 0, 0, 0, 0, 0, 0, 0, 0, 0, 0, 0, 0, 0, 0, 0, 0, 0, 0, 0, 0, 0, 0, 0, 0, 51, 32, 342
"/home/morit/Studium/Master/Forschungsprojekt/nextpnr/3rdparty/pybind11/tests/test_multiple_inheritance.py", "Python", 0, 0, 0, 354, 0, 0, 0, 0, 0, 0, 0, 0, 0, 0, 0, 0, 0, 0, 0, 0, 0, 0, 0, 0, 0, 0, 0, 19, 121, 494
"/home/morit/Studium/Master/Forschungsprojekt/nextpnr/3rdparty/pybind11/tests/test_numpy_array.cpp", "C++", 442, 0, 0, 0, 0, 0, 0, 0, 0, 0, 0, 0, 0, 0, 0, 0, 0, 0, 0, 0, 0, 0, 0, 0, 0, 0, 0, 51, 60, 553
"/home/morit/Studium/Master/Forschungsprojekt/nextpnr/3rdparty/pybind11/tests/test_numpy_array.py", "Python", 0, 0, 0, 512, 0, 0, 0, 0, 0, 0, 0, 0, 0, 0, 0, 0, 0, 0, 0, 0, 0, 0, 0, 0, 0, 0, 0, 39, 124, 675
"/home/morit/Studium/Master/Forschungsprojekt/nextpnr/3rdparty/pybind11/tests/test_numpy_dtypes.cpp", "C++", 545, 0, 0, 0, 0, 0, 0, 0, 0, 0, 0, 0, 0, 0, 0, 0, 0, 0, 0, 0, 0, 0, 0, 0, 0, 0, 0, 35, 60, 640
"/home/morit/Studium/Master/Forschungsprojekt/nextpnr/3rdparty/pybind11/tests/test_numpy_dtypes.py", "Python", 0, 0, 0, 356, 0, 0, 0, 0, 0, 0, 0, 0, 0, 0, 0, 0, 0, 0, 0, 0, 0, 0, 0, 0, 0, 0, 0, 10, 83, 449
"/home/morit/Studium/Master/Forschungsprojekt/nextpnr/3rdparty/pybind11/tests/test_numpy_vectorize.cpp", "C++", 66, 0, 0, 0, 0, 0, 0, 0, 0, 0, 0, 0, 0, 0, 0, 0, 0, 0, 0, 0, 0, 0, 0, 0, 0, 0, 0, 27, 15, 108
"/home/morit/Studium/Master/Forschungsprojekt/nextpnr/3rdparty/pybind11/tests/test_numpy_vectorize.py", "Python", 0, 0, 0, 242, 0, 0, 0, 0, 0, 0, 0, 0, 0, 0, 0, 0, 0, 0, 0, 0, 0, 0, 0, 0, 0, 0, 0, 1, 24, 267
"/home/morit/Studium/Master/Forschungsprojekt/nextpnr/3rdparty/pybind11/tests/test_opaque_types.cpp", "C++", 49, 0, 0, 0, 0, 0, 0, 0, 0, 0, 0, 0, 0, 0, 0, 0, 0, 0, 0, 0, 0, 0, 0, 0, 0, 0, 0, 17, 12, 78
"/home/morit/Studium/Master/Forschungsprojekt/nextpnr/3rdparty/pybind11/tests/test_opaque_types.py", "Python", 0, 0, 0, 45, 0, 0, 0, 0, 0, 0, 0, 0, 0, 0, 0, 0, 0, 0, 0, 0, 0, 0, 0, 0, 0, 0, 0, 0, 14, 59
"/home/morit/Studium/Master/Forschungsprojekt/nextpnr/3rdparty/pybind11/tests/test_operator_overloading.cpp", "C++", 215, 0, 0, 0, 0, 0, 0, 0, 0, 0, 0, 0, 0, 0, 0, 0, 0, 0, 0, 0, 0, 0, 0, 0, 0, 0, 0, 32, 35, 282
"/home/morit/Studium/Master/Forschungsprojekt/nextpnr/3rdparty/pybind11/tests/test_operator_overloading.py", "Python", 0, 0, 0, 121, 0, 0, 0, 0, 0, 0, 0, 0, 0, 0, 0, 0, 0, 0, 0, 0, 0, 0, 0, 0, 0, 0, 0, 4, 27, 152
"/home/morit/Studium/Master/Forschungsprojekt/nextpnr/3rdparty/pybind11/tests/test_pickling.cpp", "C++", 144, 0, 0, 0, 0, 0, 0, 0, 0, 0, 0, 0, 0, 0, 0, 0, 0, 0, 0, 0, 0, 0, 0, 0, 0, 0, 0, 21, 30, 195
"/home/morit/Studium/Master/Forschungsprojekt/nextpnr/3rdparty/pybind11/tests/test_pickling.py", "Python", 0, 0, 0, 65, 0, 0, 0, 0, 0, 0, 0, 0, 0, 0, 0, 0, 0, 0, 0, 0, 0, 0, 0, 0, 0, 0, 0, 9, 20, 94
"/home/morit/Studium/Master/Forschungsprojekt/nextpnr/3rdparty/pybind11/tests/test_python_multiple_inheritance.cpp", "C++", 32, 0, 0, 0, 0, 0, 0, 0, 0, 0, 0, 0, 0, 0, 0, 0, 0, 0, 0, 0, 0, 0, 0, 0, 0, 0, 0, 2, 12, 46
"/home/morit/Studium/Master/Forschungsprojekt/nextpnr/3rdparty/pybind11/tests/test_python_multiple_inheritance.py", "Python", 0, 0, 0, 23, 0, 0, 0, 0, 0, 0, 0, 0, 0, 0, 0, 0, 0, 0, 0, 0, 0, 0, 0, 0, 0, 0, 0, 2, 11, 36
"/home/morit/Studium/Master/Forschungsprojekt/nextpnr/3rdparty/pybind11/tests/test_pytypes.cpp", "C++", 679, 0, 0, 0, 0, 0, 0, 0, 0, 0, 0, 0, 0, 0, 0, 0, 0, 0, 0, 0, 0, 0, 0, 0, 0, 0, 0, 57, 111, 847
"/home/morit/Studium/Master/Forschungsprojekt/nextpnr/3rdparty/pybind11/tests/test_pytypes.py", "Python", 0, 0, 0, 751, 0, 0, 0, 0, 0, 0, 0, 0, 0, 0, 0, 0, 0, 0, 0, 0, 0, 0, 0, 0, 0, 0, 0, 8, 196, 955
"/home/morit/Studium/Master/Forschungsprojekt/nextpnr/3rdparty/pybind11/tests/test_sequences_and_iterators.cpp", "C++", 487, 0, 0, 0, 0, 0, 0, 0, 0, 0, 0, 0, 0, 0, 0, 0, 0, 0, 0, 0, 0, 0, 0, 0, 0, 0, 0, 47, 67, 601
"/home/morit/Studium/Master/Forschungsprojekt/nextpnr/3rdparty/pybind11/tests/test_sequences_and_iterators.py", "Python", 0, 0, 0, 194, 0, 0, 0, 0, 0, 0, 0, 0, 0, 0, 0, 0, 0, 0, 0, 0, 0, 0, 0, 0, 0, 0, 0, 7, 65, 266
"/home/morit/Studium/Master/Forschungsprojekt/nextpnr/3rdparty/pybind11/tests/test_smart_ptr.cpp", "C++", 336, 0, 0, 0, 0, 0, 0, 0, 0, 0, 0, 0, 0, 0, 0, 0, 0, 0, 0, 0, 0, 0, 0, 0, 0, 0, 0, 73, 65, 474
"/home/morit/Studium/Master/Forschungsprojekt/nextpnr/3rdparty/pybind11/tests/test_smart_ptr.py", "Python", 0, 0, 0, 247, 0, 0, 0, 0, 0, 0, 0, 0, 0, 0, 0, 0, 0, 0, 0, 0, 0, 0, 0, 0, 0, 0, 0, 12, 57, 316
"/home/morit/Studium/Master/Forschungsprojekt/nextpnr/3rdparty/pybind11/tests/test_stl.cpp", "C++", 417, 0, 0, 0, 0, 0, 0, 0, 0, 0, 0, 0, 0, 0, 0, 0, 0, 0, 0, 0, 0, 0, 0, 0, 0, 0, 0, 60, 75, 552
"/home/morit/Studium/Master/Forschungsprojekt/nextpnr/3rdparty/pybind11/tests/test_stl.py", "Python", 0, 0, 0, 271, 0, 0, 0, 0, 0, 0, 0, 0, 0, 0, 0, 0, 0, 0, 0, 0, 0, 0, 0, 0, 0, 0, 0, 21, 90, 382
"/home/morit/Studium/Master/Forschungsprojekt/nextpnr/3rdparty/pybind11/tests/test_stl_binders.cpp", "C++", 208, 0, 0, 0, 0, 0, 0, 0, 0, 0, 0, 0, 0, 0, 0, 0, 0, 0, 0, 0, 0, 0, 0, 0, 0, 0, 0, 33, 36, 277
"/home/morit/Studium/Master/Forschungsprojekt/nextpnr/3rdparty/pybind11/tests/test_stl_binders.py", "Python", 0, 0, 0, 287, 0, 0, 0, 0, 0, 0, 0, 0, 0, 0, 0, 0, 0, 0, 0, 0, 0, 0, 0, 0, 0, 0, 0, 19, 88, 394
"/home/morit/Studium/Master/Forschungsprojekt/nextpnr/3rdparty/pybind11/tests/test_tagbased_polymorphic.cpp", "C++", 111, 0, 0, 0, 0, 0, 0, 0, 0, 0, 0, 0, 0, 0, 0, 0, 0, 0, 0, 0, 0, 0, 0, 0, 0, 0, 0, 15, 22, 148
"/home/morit/Studium/Master/Forschungsprojekt/nextpnr/3rdparty/pybind11/tests/test_tagbased_polymorphic.py", "Python", 0, 0, 0, 26, 0, 0, 0, 0, 0, 0, 0, 0, 0, 0, 0, 0, 0, 0, 0, 0, 0, 0, 0, 0, 0, 0, 0, 0, 3, 29
"/home/morit/Studium/Master/Forschungsprojekt/nextpnr/3rdparty/pybind11/tests/test_thread.cpp", "C++", 37, 0, 0, 0, 0, 0, 0, 0, 0, 0, 0, 0, 0, 0, 0, 0, 0, 0, 0, 0, 0, 0, 0, 0, 0, 0, 0, 14, 16, 67
"/home/morit/Studium/Master/Forschungsprojekt/nextpnr/3rdparty/pybind11/tests/test_thread.py", "Python", 0, 0, 0, 33, 0, 0, 0, 0, 0, 0, 0, 0, 0, 0, 0, 0, 0, 0, 0, 0, 0, 0, 0, 0, 0, 0, 0, 0, 10, 43
"/home/morit/Studium/Master/Forschungsprojekt/nextpnr/3rdparty/pybind11/tests/test_type_caster_pyobject_ptr.cpp", "C++", 110, 0, 0, 0, 0, 0, 0, 0, 0, 0, 0, 0, 0, 0, 0, 0, 0, 0, 0, 0, 0, 0, 0, 0, 0, 0, 0, 4, 17, 131
"/home/morit/Studium/Master/Forschungsprojekt/nextpnr/3rdparty/pybind11/tests/test_type_caster_pyobject_ptr.py", "Python", 0, 0, 0, 65, 0, 0, 0, 0, 0, 0, 0, 0, 0, 0, 0, 0, 0, 0, 0, 0, 0, 0, 0, 0, 0, 0, 0, 5, 35, 105
"/home/morit/Studium/Master/Forschungsprojekt/nextpnr/3rdparty/pybind11/tests/test_union.cpp", "C++", 11, 0, 0, 0, 0, 0, 0, 0, 0, 0, 0, 0, 0, 0, 0, 0, 0, 0, 0, 0, 0, 0, 0, 0, 0, 0, 0, 8, 4, 23
"/home/morit/Studium/Master/Forschungsprojekt/nextpnr/3rdparty/pybind11/tests/test_union.py", "Python", 0, 0, 0, 5, 0, 0, 0, 0, 0, 0, 0, 0, 0, 0, 0, 0, 0, 0, 0, 0, 0, 0, 0, 0, 0, 0, 0, 0, 4, 9
"/home/morit/Studium/Master/Forschungsprojekt/nextpnr/3rdparty/pybind11/tests/test_unnamed_namespace_a.cpp", "C++", 36, 0, 0, 0, 0, 0, 0, 0, 0, 0, 0, 0, 0, 0, 0, 0, 0, 0, 0, 0, 0, 0, 0, 0, 0, 0, 0, 0, 3, 39
"/home/morit/Studium/Master/Forschungsprojekt/nextpnr/3rdparty/pybind11/tests/test_unnamed_namespace_a.py", "Python", 0, 0, 0, 26, 0, 0, 0, 0, 0, 0, 0, 0, 0, 0, 0, 0, 0, 0, 0, 0, 0, 0, 0, 0, 0, 0, 0, 0, 9, 35
"/home/morit/Studium/Master/Forschungsprojekt/nextpnr/3rdparty/pybind11/tests/test_unnamed_namespace_b.cpp", "C++", 11, 0, 0, 0, 0, 0, 0, 0, 0, 0, 0, 0, 0, 0, 0, 0, 0, 0, 0, 0, 0, 0, 0, 0, 0, 0, 0, 0, 3, 14
"/home/morit/Studium/Master/Forschungsprojekt/nextpnr/3rdparty/pybind11/tests/test_unnamed_namespace_b.py", "Python", 0, 0, 0, 3, 0, 0, 0, 0, 0, 0, 0, 0, 0, 0, 0, 0, 0, 0, 0, 0, 0, 0, 0, 0, 0, 0, 0, 0, 3, 6
"/home/morit/Studium/Master/Forschungsprojekt/nextpnr/3rdparty/pybind11/tests/test_vector_unique_ptr_member.cpp", "C++", 37, 0, 0, 0, 0, 0, 0, 0, 0, 0, 0, 0, 0, 0, 0, 0, 0, 0, 0, 0, 0, 0, 0, 0, 0, 0, 0, 1, 17, 55
"/home/morit/Studium/Master/Forschungsprojekt/nextpnr/3rdparty/pybind11/tests/test_vector_unique_ptr_member.py", "Python", 0, 0, 0, 9, 0, 0, 0, 0, 0, 0, 0, 0, 0, 0, 0, 0, 0, 0, 0, 0, 0, 0, 0, 0, 0, 0, 0, 0, 6, 15
"/home/morit/Studium/Master/Forschungsprojekt/nextpnr/3rdparty/pybind11/tests/test_virtual_functions.cpp", "C++", 430, 0, 0, 0, 0, 0, 0, 0, 0, 0, 0, 0, 0, 0, 0, 0, 0, 0, 0, 0, 0, 0, 0, 0, 0, 0, 0, 91, 72, 593
"/home/morit/Studium/Master/Forschungsprojekt/nextpnr/3rdparty/pybind11/tests/test_virtual_functions.py", "Python", 0, 0, 0, 334, 0, 0, 0, 0, 0, 0, 0, 0, 0, 0, 0, 0, 0, 0, 0, 0, 0, 0, 0, 0, 0, 0, 0, 34, 91, 459
"/home/morit/Studium/Master/Forschungsprojekt/nextpnr/3rdparty/pybind11/tools/FindCatch.cmake", "CMake", 0, 68, 0, 0, 0, 0, 0, 0, 0, 0, 0, 0, 0, 0, 0, 0, 0, 0, 0, 0, 0, 0, 0, 0, 0, 0, 0, 0, 9, 77
"/home/morit/Studium/Master/Forschungsprojekt/nextpnr/3rdparty/pybind11/tools/FindEigen3.cmake", "CMake", 0, 70, 0, 0, 0, 0, 0, 0, 0, 0, 0, 0, 0, 0, 0, 0, 0, 0, 0, 0, 0, 0, 0, 0, 0, 0, 0, 0, 17, 87
"/home/morit/Studium/Master/Forschungsprojekt/nextpnr/3rdparty/pybind11/tools/FindPythonLibsNew.cmake", "CMake", 0, 281, 0, 0, 0, 0, 0, 0, 0, 0, 0, 0, 0, 0, 0, 0, 0, 0, 0, 0, 0, 0, 0, 0, 0, 0, 0, 0, 30, 311
"/home/morit/Studium/Master/Forschungsprojekt/nextpnr/3rdparty/pybind11/tools/JoinPaths.cmake", "CMake", 0, 23, 0, 0, 0, 0, 0, 0, 0, 0, 0, 0, 0, 0, 0, 0, 0, 0, 0, 0, 0, 0, 0, 0, 0, 0, 0, 0, 1, 24
"/home/morit/Studium/Master/Forschungsprojekt/nextpnr/3rdparty/pybind11/tools/check-style.sh", "Shell Script", 0, 0, 0, 0, 0, 0, 0, 26, 0, 0, 0, 0, 0, 0, 0, 0, 0, 0, 0, 0, 0, 0, 0, 0, 0, 0, 0, 13, 6, 45
"/home/morit/Studium/Master/Forschungsprojekt/nextpnr/3rdparty/pybind11/tools/codespell_ignore_lines_from_errors.py", "Python", 0, 0, 0, 23, 0, 0, 0, 0, 0, 0, 0, 0, 0, 0, 0, 0, 0, 0, 0, 0, 0, 0, 0, 0, 0, 0, 0, 10, 7, 40
"/home/morit/Studium/Master/Forschungsprojekt/nextpnr/3rdparty/pybind11/tools/libsize.py", "Python", 0, 0, 0, 23, 0, 0, 0, 0, 0, 0, 0, 0, 0, 0, 0, 0, 0, 0, 0, 0, 0, 0, 0, 0, 0, 0, 0, 4, 10, 37
"/home/morit/Studium/Master/Forschungsprojekt/nextpnr/3rdparty/pybind11/tools/make_changelog.py", "Python", 0, 0, 0, 14, 0, 0, 0, 0, 0, 0, 0, 0, 0, 0, 0, 0, 0, 0, 0, 0, 0, 0, 0, 0, 0, 0, 0, 74, 3, 91
"/home/morit/Studium/Master/Forschungsprojekt/nextpnr/3rdparty/pybind11/tools/pybind11Common.cmake", "CMake", 0, 365, 0, 0, 0, 0, 0, 0, 0, 0, 0, 0, 0, 0, 0, 0, 0, 0, 0, 0, 0, 0, 0, 0, 0, 0, 0, 0, 55, 420
"/home/morit/Studium/Master/Forschungsprojekt/nextpnr/3rdparty/pybind11/tools/pybind11NewTools.cmake", "CMake", 0, 269, 0, 0, 0, 0, 0, 0, 0, 0, 0, 0, 0, 0, 0, 0, 0, 0, 0, 0, 0, 0, 0, 0, 0, 0, 0, 0, 43, 312
"/home/morit/Studium/Master/Forschungsprojekt/nextpnr/3rdparty/pybind11/tools/pybind11Tools.cmake", "CMake", 0, 208, 0, 0, 0, 0, 0, 0, 0, 0, 0, 0, 0, 0, 0, 0, 0, 0, 0, 0, 0, 0, 0, 0, 0, 0, 0, 0, 32, 240
"/home/morit/Studium/Master/Forschungsprojekt/nextpnr/3rdparty/python-console/CMakeLists.txt", "CMake", 0, 55, 0, 0, 0, 0, 0, 0, 0, 0, 0, 0, 0, 0, 0, 0, 0, 0, 0, 0, 0, 0, 0, 0, 0, 0, 0, 0, 9, 64
"/home/morit/Studium/Master/Forschungsprojekt/nextpnr/3rdparty/python-console/ColumnFormatter.cpp", "C++", 111, 0, 0, 0, 0, 0, 0, 0, 0, 0, 0, 0, 0, 0, 0, 0, 0, 0, 0, 0, 0, 0, 0, 0, 0, 0, 0, 22, 9, 142
"/home/morit/Studium/Master/Forschungsprojekt/nextpnr/3rdparty/python-console/ColumnFormatter.h", "C++", 28, 0, 0, 0, 0, 0, 0, 0, 0, 0, 0, 0, 0, 0, 0, 0, 0, 0, 0, 0, 0, 0, 0, 0, 0, 0, 0, 41, 9, 78
"/home/morit/Studium/Master/Forschungsprojekt/nextpnr/3rdparty/python-console/Console.cpp", "C++", 250, 0, 0, 0, 0, 0, 0, 0, 0, 0, 0, 0, 0, 0, 0, 0, 0, 0, 0, 0, 0, 0, 0, 0, 0, 0, 0, 5, 39, 294
"/home/morit/Studium/Master/Forschungsprojekt/nextpnr/3rdparty/python-console/Console.h", "C++", 40, 0, 0, 0, 0, 0, 0, 0, 0, 0, 0, 0, 0, 0, 0, 0, 0, 0, 0, 0, 0, 0, 0, 0, 0, 0, 0, 26, 13, 79
"/home/morit/Studium/Master/Forschungsprojekt/nextpnr/3rdparty/python-console/Interpreter.cpp", "C++", 207, 0, 0, 0, 0, 0, 0, 0, 0, 0, 0, 0, 0, 0, 0, 0, 0, 0, 0, 0, 0, 0, 0, 0, 0, 0, 0, 3, 37, 247
"/home/morit/Studium/Master/Forschungsprojekt/nextpnr/3rdparty/python-console/Interpreter.h", "C++", 39, 0, 0, 0, 0, 0, 0, 0, 0, 0, 0, 0, 0, 0, 0, 0, 0, 0, 0, 0, 0, 0, 0, 0, 0, 0, 0, 49, 10, 98
"/home/morit/Studium/Master/Forschungsprojekt/nextpnr/3rdparty/python-console/ParseHelper.BlockParseState.cpp", "C++", 106, 0, 0, 0, 0, 0, 0, 0, 0, 0, 0, 0, 0, 0, 0, 0, 0, 0, 0, 0, 0, 0, 0, 0, 0, 0, 0, 33, 14, 153
"/home/morit/Studium/Master/Forschungsprojekt/nextpnr/3rdparty/python-console/ParseHelper.BracketParseState.cpp", "C++", 85, 0, 0, 0, 0, 0, 0, 0, 0, 0, 0, 0, 0, 0, 0, 0, 0, 0, 0, 0, 0, 0, 0, 0, 0, 0, 0, 27, 8, 120
"/home/morit/Studium/Master/Forschungsprojekt/nextpnr/3rdparty/python-console/ParseHelper.ContinuationParseState.cpp", "C++", 38, 0, 0, 0, 0, 0, 0, 0, 0, 0, 0, 0, 0, 0, 0, 0, 0, 0, 0, 0, 0, 0, 0, 0, 0, 0, 0, 21, 3, 62
"/home/morit/Studium/Master/Forschungsprojekt/nextpnr/3rdparty/python-console/ParseHelper.cpp", "C++", 145, 0, 0, 0, 0, 0, 0, 0, 0, 0, 0, 0, 0, 0, 0, 0, 0, 0, 0, 0, 0, 0, 0, 0, 0, 0, 0, 30, 24, 199
"/home/morit/Studium/Master/Forschungsprojekt/nextpnr/3rdparty/python-console/ParseHelper.h", "C++", 82, 0, 0, 0, 0, 0, 0, 0, 0, 0, 0, 0, 0, 0, 0, 0, 0, 0, 0, 0, 0, 0, 0, 0, 0, 0, 0, 58, 30, 170
"/home/morit/Studium/Master/Forschungsprojekt/nextpnr/3rdparty/python-console/ParseListener.cpp", "C++", 6, 0, 0, 0, 0, 0, 0, 0, 0, 0, 0, 0, 0, 0, 0, 0, 0, 0, 0, 0, 0, 0, 0, 0, 0, 0, 0, 21, 3, 30
"/home/morit/Studium/Master/Forschungsprojekt/nextpnr/3rdparty/python-console/ParseListener.h", "C++", 12, 0, 0, 0, 0, 0, 0, 0, 0, 0, 0, 0, 0, 0, 0, 0, 0, 0, 0, 0, 0, 0, 0, 0, 0, 0, 0, 27, 4, 43
"/home/morit/Studium/Master/Forschungsprojekt/nextpnr/3rdparty/python-console/ParseMessage.cpp", "C++", 7, 0, 0, 0, 0, 0, 0, 0, 0, 0, 0, 0, 0, 0, 0, 0, 0, 0, 0, 0, 0, 0, 0, 0, 0, 0, 0, 21, 4, 32
"/home/morit/Studium/Master/Forschungsprojekt/nextpnr/3rdparty/python-console/ParseMessage.h", "C++", 11, 0, 0, 0, 0, 0, 0, 0, 0, 0, 0, 0, 0, 0, 0, 0, 0, 0, 0, 0, 0, 0, 0, 0, 0, 0, 0, 25, 3, 39
"/home/morit/Studium/Master/Forschungsprojekt/nextpnr/3rdparty/python-console/README.md", "Markdown", 0, 0, 14, 0, 0, 0, 0, 0, 0, 0, 0, 0, 0, 0, 0, 0, 0, 0, 0, 0, 0, 0, 0, 0, 0, 0, 0, 0, 4, 18
"/home/morit/Studium/Master/Forschungsprojekt/nextpnr/3rdparty/python-console/Utils.h", "C++", 26, 0, 0, 0, 0, 0, 0, 0, 0, 0, 0, 0, 0, 0, 0, 0, 0, 0, 0, 0, 0, 0, 0, 0, 0, 0, 0, 3, 5, 34
"/home/morit/Studium/Master/Forschungsprojekt/nextpnr/3rdparty/python-console/data/test.py", "Python", 0, 0, 0, 2, 0, 0, 0, 0, 0, 0, 0, 0, 0, 0, 0, 0, 0, 0, 0, 0, 0, 0, 0, 0, 0, 0, 0, 0, 1, 3
"/home/morit/Studium/Master/Forschungsprojekt/nextpnr/3rdparty/python-console/data/test2.py", "Python", 0, 0, 0, 5, 0, 0, 0, 0, 0, 0, 0, 0, 0, 0, 0, 0, 0, 0, 0, 0, 0, 0, 0, 0, 0, 0, 0, 0, 2, 7
"/home/morit/Studium/Master/Forschungsprojekt/nextpnr/3rdparty/python-console/data/test3.py", "Python", 0, 0, 0, 4, 0, 0, 0, 0, 0, 0, 0, 0, 0, 0, 0, 0, 0, 0, 0, 0, 0, 0, 0, 0, 0, 0, 0, 0, 1, 5
"/home/morit/Studium/Master/Forschungsprojekt/nextpnr/3rdparty/python-console/data/test4.py", "Python", 0, 0, 0, 4, 0, 0, 0, 0, 0, 0, 0, 0, 0, 0, 0, 0, 0, 0, 0, 0, 0, 0, 0, 0, 0, 0, 0, 0, 1, 5
"/home/morit/Studium/Master/Forschungsprojekt/nextpnr/3rdparty/python-console/data/test5.py", "Python", 0, 0, 0, 3, 0, 0, 0, 0, 0, 0, 0, 0, 0, 0, 0, 0, 0, 0, 0, 0, 0, 0, 0, 0, 0, 0, 0, 0, 1, 4
"/home/morit/Studium/Master/Forschungsprojekt/nextpnr/3rdparty/python-console/modified/pyinterpreter.cc", "C++", 137, 0, 0, 0, 0, 0, 0, 0, 0, 0, 0, 0, 0, 0, 0, 0, 0, 0, 0, 0, 0, 0, 0, 0, 0, 0, 0, 23, 25, 185
"/home/morit/Studium/Master/Forschungsprojekt/nextpnr/3rdparty/python-console/modified/pyinterpreter.h", "C++", 13, 0, 0, 0, 0, 0, 0, 0, 0, 0, 0, 0, 0, 0, 0, 0, 0, 0, 0, 0, 0, 0, 0, 0, 0, 0, 0, 22, 3, 38
"/home/morit/Studium/Master/Forschungsprojekt/nextpnr/3rdparty/python-console/modified/pyredirector.cc", "C++", 71, 0, 0, 0, 0, 0, 0, 0, 0, 0, 0, 0, 0, 0, 0, 0, 0, 0, 0, 0, 0, 0, 0, 0, 0, 0, 0, 24, 17, 112
"/home/morit/Studium/Master/Forschungsprojekt/nextpnr/3rdparty/python-console/modified/pyredirector.h", "C++", 7, 0, 0, 0, 0, 0, 0, 0, 0, 0, 0, 0, 0, 0, 0, 0, 0, 0, 0, 0, 0, 0, 0, 0, 0, 0, 0, 22, 4, 33
"/home/morit/Studium/Master/Forschungsprojekt/nextpnr/3rdparty/python-console/test_cli.cpp", "C++", 56, 0, 0, 0, 0, 0, 0, 0, 0, 0, 0, 0, 0, 0, 0, 0, 0, 0, 0, 0, 0, 0, 0, 0, 0, 0, 0, 0, 8, 64
"/home/morit/Studium/Master/Forschungsprojekt/nextpnr/3rdparty/python-console/test_console.cpp", "C++", 30, 0, 0, 0, 0, 0, 0, 0, 0, 0, 0, 0, 0, 0, 0, 0, 0, 0, 0, 0, 0, 0, 0, 0, 0, 0, 0, 0, 7, 37
"/home/morit/Studium/Master/Forschungsprojekt/nextpnr/3rdparty/python-console/test_parse_helper.cpp", "C++", 22, 0, 0, 0, 0, 0, 0, 0, 0, 0, 0, 0, 0, 0, 0, 0, 0, 0, 0, 0, 0, 0, 0, 0, 0, 0, 0, 26, 4, 52
"/home/morit/Studium/Master/Forschungsprojekt/nextpnr/3rdparty/python-console/test_python_interpreter.cpp", "C++", 20, 0, 0, 0, 0, 0, 0, 0, 0, 0, 0, 0, 0, 0, 0, 0, 0, 0, 0, 0, 0, 0, 0, 0, 0, 0, 0, 0, 3, 23
"/home/morit/Studium/Master/Forschungsprojekt/nextpnr/3rdparty/qtimgui/ImGuiRenderer.cpp", "C++", 313, 0, 0, 0, 0, 0, 0, 0, 0, 0, 0, 0, 0, 0, 0, 0, 0, 0, 0, 0, 0, 0, 0, 0, 0, 0, 0, 19, 53, 385
"/home/morit/Studium/Master/Forschungsprojekt/nextpnr/3rdparty/qtimgui/ImGuiRenderer.h", "C++", 48, 0, 0, 0, 0, 0, 0, 0, 0, 0, 0, 0, 0, 0, 0, 0, 0, 0, 0, 0, 0, 0, 0, 0, 0, 0, 0, 0, 13, 61
"/home/morit/Studium/Master/Forschungsprojekt/nextpnr/3rdparty/qtimgui/QtImGui.cpp", "C++", 69, 0, 0, 0, 0, 0, 0, 0, 0, 0, 0, 0, 0, 0, 0, 0, 0, 0, 0, 0, 0, 0, 0, 0, 0, 0, 0, 0, 14, 83
"/home/morit/Studium/Master/Forschungsprojekt/nextpnr/3rdparty/qtimgui/QtImGui.h", "C++", 10, 0, 0, 0, 0, 0, 0, 0, 0, 0, 0, 0, 0, 0, 0, 0, 0, 0, 0, 0, 0, 0, 0, 0, 0, 0, 0, 0, 6, 16
"/home/morit/Studium/Master/Forschungsprojekt/nextpnr/3rdparty/qtimgui/README.md", "Markdown", 0, 0, 28, 0, 0, 0, 0, 0, 0, 0, 0, 0, 0, 0, 0, 0, 0, 0, 0, 0, 0, 0, 0, 0, 0, 0, 0, 0, 11, 39
"/home/morit/Studium/Master/Forschungsprojekt/nextpnr/3rdparty/qtimgui/demo-widget/demo-widget.cpp", "C++", 65, 0, 0, 0, 0, 0, 0, 0, 0, 0, 0, 0, 0, 0, 0, 0, 0, 0, 0, 0, 0, 0, 0, 0, 0, 0, 0, 8, 13, 86
"/home/morit/Studium/Master/Forschungsprojekt/nextpnr/3rdparty/qtimgui/demo-window/demo-window.cpp", "C++", 65, 0, 0, 0, 0, 0, 0, 0, 0, 0, 0, 0, 0, 0, 0, 0, 0, 0, 0, 0, 0, 0, 0, 0, 0, 0, 0, 8, 13, 86
"/home/morit/Studium/Master/Forschungsprojekt/nextpnr/3rdparty/sanitizers-cmake/CMakeLists.txt", "CMake", 0, 41, 0, 0, 0, 0, 0, 0, 0, 0, 0, 0, 0, 0, 0, 0, 0, 0, 0, 0, 0, 0, 0, 0, 0, 0, 0, 0, 11, 52
"/home/morit/Studium/Master/Forschungsprojekt/nextpnr/3rdparty/sanitizers-cmake/README.md", "Markdown", 0, 0, 43, 0, 0, 0, 0, 0, 0, 0, 0, 0, 0, 0, 0, 0, 0, 0, 0, 0, 0, 0, 0, 0, 0, 0, 0, 0, 31, 74
"/home/morit/Studium/Master/Forschungsprojekt/nextpnr/3rdparty/sanitizers-cmake/cmake/FindASan.cmake", "CMake", 0, 48, 0, 0, 0, 0, 0, 0, 0, 0, 0, 0, 0, 0, 0, 0, 0, 0, 0, 0, 0, 0, 0, 0, 0, 0, 0, 0, 12, 60
"/home/morit/Studium/Master/Forschungsprojekt/nextpnr/3rdparty/sanitizers-cmake/cmake/FindMSan.cmake", "CMake", 0, 50, 0, 0, 0, 0, 0, 0, 0, 0, 0, 0, 0, 0, 0, 0, 0, 0, 0, 0, 0, 0, 0, 0, 0, 0, 0, 0, 8, 58
"/home/morit/Studium/Master/Forschungsprojekt/nextpnr/3rdparty/sanitizers-cmake/cmake/FindSanitizers.cmake", "CMake", 0, 72, 0, 0, 0, 0, 0, 0, 0, 0, 0, 0, 0, 0, 0, 0, 0, 0, 0, 0, 0, 0, 0, 0, 0, 0, 0, 0, 16, 88
"/home/morit/Studium/Master/Forschungsprojekt/nextpnr/3rdparty/sanitizers-cmake/cmake/FindTSan.cmake", "CMake", 0, 56, 0, 0, 0, 0, 0, 0, 0, 0, 0, 0, 0, 0, 0, 0, 0, 0, 0, 0, 0, 0, 0, 0, 0, 0, 0, 0, 10, 66
"/home/morit/Studium/Master/Forschungsprojekt/nextpnr/3rdparty/sanitizers-cmake/cmake/FindUBSan.cmake", "CMake", 0, 39, 0, 0, 0, 0, 0, 0, 0, 0, 0, 0, 0, 0, 0, 0, 0, 0, 0, 0, 0, 0, 0, 0, 0, 0, 0, 0, 8, 47
"/home/morit/Studium/Master/Forschungsprojekt/nextpnr/3rdparty/sanitizers-cmake/cmake/sanitize-helpers.cmake", "CMake", 0, 148, 0, 0, 0, 0, 0, 0, 0, 0, 0, 0, 0, 0, 0, 0, 0, 0, 0, 0, 0, 0, 0, 0, 0, 0, 0, 0, 23, 171
"/home/morit/Studium/Master/Forschungsprojekt/nextpnr/3rdparty/sanitizers-cmake/tests/CMakeLists.txt", "CMake", 0, 43, 0, 0, 0, 0, 0, 0, 0, 0, 0, 0, 0, 0, 0, 0, 0, 0, 0, 0, 0, 0, 0, 0, 0, 0, 0, 0, 10, 53
"/home/morit/Studium/Master/Forschungsprojekt/nextpnr/3rdparty/sanitizers-cmake/tests/asan_test.cpp", "C++", 7, 0, 0, 0, 0, 0, 0, 0, 0, 0, 0, 0, 0, 0, 0, 0, 0, 0, 0, 0, 0, 0, 0, 0, 0, 0, 0, 29, 4, 40
"/home/morit/Studium/Master/Forschungsprojekt/nextpnr/CMakeLists.txt", "CMake", 0, 367, 0, 0, 0, 0, 0, 0, 0, 0, 0, 0, 0, 0, 0, 0, 0, 0, 0, 0, 0, 0, 0, 0, 0, 0, 0, 0, 80, 447
"/home/morit/Studium/Master/Forschungsprojekt/nextpnr/README.md", "Markdown", 0, 0, 237, 0, 0, 0, 0, 0, 0, 0, 0, 0, 0, 0, 0, 0, 0, 0, 0, 0, 0, 0, 0, 0, 0, 0, 0, 0, 90, 327
"/home/morit/Studium/Master/Forschungsprojekt/nextpnr/bba/CMakeLists.txt", "CMake", 0, 10, 0, 0, 0, 0, 0, 0, 0, 0, 0, 0, 0, 0, 0, 0, 0, 0, 0, 0, 0, 0, 0, 0, 0, 0, 0, 0, 4, 14
"/home/morit/Studium/Master/Forschungsprojekt/nextpnr/bba/README.md", "Markdown", 0, 0, 51, 0, 0, 0, 0, 0, 0, 0, 0, 0, 0, 0, 0, 0, 0, 0, 0, 0, 0, 0, 0, 0, 0, 0, 0, 0, 24, 75
"/home/morit/Studium/Master/Forschungsprojekt/nextpnr/bba/main.cc", "C++", 394, 0, 0, 0, 0, 0, 0, 0, 0, 0, 0, 0, 0, 0, 0, 0, 0, 0, 0, 0, 0, 0, 0, 0, 0, 0, 0, 25, 47, 466
"/home/morit/Studium/Master/Forschungsprojekt/nextpnr/cmake/BBAsm.cmake", "CMake", 0, 190, 0, 0, 0, 0, 0, 0, 0, 0, 0, 0, 0, 0, 0, 0, 0, 0, 0, 0, 0, 0, 0, 0, 0, 0, 0, 0, 40, 230
"/home/morit/Studium/Master/Forschungsprojekt/nextpnr/cmake/CheckCXXCompilerHashEmbed.cmake", "CMake", 0, 31, 0, 0, 0, 0, 0, 0, 0, 0, 0, 0, 0, 0, 0, 0, 0, 0, 0, 0, 0, 0, 0, 0, 0, 0, 0, 0, 4, 35
"/home/morit/Studium/Master/Forschungsprojekt/nextpnr/cmake/CodeCoverage.cmake", "CMake", 0, 263, 0, 0, 0, 0, 0, 0, 0, 0, 0, 0, 0, 0, 0, 0, 0, 0, 0, 0, 0, 0, 0, 0, 0, 0, 0, 0, 41, 304
"/home/morit/Studium/Master/Forschungsprojekt/nextpnr/cmake/FindApycula.cmake", "CMake", 0, 13, 0, 0, 0, 0, 0, 0, 0, 0, 0, 0, 0, 0, 0, 0, 0, 0, 0, 0, 0, 0, 0, 0, 0, 0, 0, 0, 2, 15
"/home/morit/Studium/Master/Forschungsprojekt/nextpnr/cmake/FindIceStorm.cmake", "CMake", 0, 12, 0, 0, 0, 0, 0, 0, 0, 0, 0, 0, 0, 0, 0, 0, 0, 0, 0, 0, 0, 0, 0, 0, 0, 0, 0, 0, 3, 15
"/home/morit/Studium/Master/Forschungsprojekt/nextpnr/cmake/FindOxide.cmake", "CMake", 0, 11, 0, 0, 0, 0, 0, 0, 0, 0, 0, 0, 0, 0, 0, 0, 0, 0, 0, 0, 0, 0, 0, 0, 0, 0, 0, 0, 3, 14
"/home/morit/Studium/Master/Forschungsprojekt/nextpnr/cmake/FindTrellis.cmake", "CMake", 0, 56, 0, 0, 0, 0, 0, 0, 0, 0, 0, 0, 0, 0, 0, 0, 0, 0, 0, 0, 0, 0, 0, 0, 0, 0, 0, 0, 8, 64
"/home/morit/Studium/Master/Forschungsprojekt/nextpnr/common/CMakeLists.txt", "CMake", 0, 16, 0, 0, 0, 0, 0, 0, 0, 0, 0, 0, 0, 0, 0, 0, 0, 0, 0, 0, 0, 0, 0, 0, 0, 0, 0, 0, 5, 21
"/home/morit/Studium/Master/Forschungsprojekt/nextpnr/common/kernel/CMakeLists.txt", "CMake", 0, 73, 0, 0, 0, 0, 0, 0, 0, 0, 0, 0, 0, 0, 0, 0, 0, 0, 0, 0, 0, 0, 0, 0, 0, 0, 0, 0, 6, 79
"/home/morit/Studium/Master/Forschungsprojekt/nextpnr/common/kernel/arch_api.h", "C++", 126, 0, 0, 0, 0, 0, 0, 0, 0, 0, 0, 0, 0, 0, 0, 0, 0, 0, 0, 0, 0, 0, 0, 0, 0, 0, 0, 33, 9, 168
"/home/morit/Studium/Master/Forschungsprojekt/nextpnr/common/kernel/arch_pybindings_shared.h", "C++", 133, 0, 0, 0, 0, 0, 0, 0, 0, 0, 0, 0, 0, 0, 0, 0, 0, 0, 0, 0, 0, 0, 0, 0, 0, 0, 0, 6, 21, 160
"/home/morit/Studium/Master/Forschungsprojekt/nextpnr/common/kernel/archcheck.cc", "C++", 293, 0, 0, 0, 0, 0, 0, 0, 0, 0, 0, 0, 0, 0, 0, 0, 0, 0, 0, 0, 0, 0, 0, 0, 0, 0, 0, 54, 64, 411
"/home/morit/Studium/Master/Forschungsprojekt/nextpnr/common/kernel/array2d.h", "C++", 122, 0, 0, 0, 0, 0, 0, 0, 0, 0, 0, 0, 0, 0, 0, 0, 0, 0, 0, 0, 0, 0, 0, 0, 0, 0, 0, 18, 11, 151
"/home/morit/Studium/Master/Forschungsprojekt/nextpnr/common/kernel/base_arch.h", "C++", 403, 0, 0, 0, 0, 0, 0, 0, 0, 0, 0, 0, 0, 0, 0, 0, 0, 0, 0, 0, 0, 0, 0, 0, 0, 0, 0, 55, 50, 508
"/home/morit/Studium/Master/Forschungsprojekt/nextpnr/common/kernel/base_clusterinfo.h", "C++", 17, 0, 0, 0, 0, 0, 0, 0, 0, 0, 0, 0, 0, 0, 0, 0, 0, 0, 0, 0, 0, 0, 0, 0, 0, 0, 0, 20, 9, 46
"/home/morit/Studium/Master/Forschungsprojekt/nextpnr/common/kernel/basectx.cc", "C++", 268, 0, 0, 0, 0, 0, 0, 0, 0, 0, 0, 0, 0, 0, 0, 0, 0, 0, 0, 0, 0, 0, 0, 0, 0, 0, 0, 19, 32, 319
"/home/morit/Studium/Master/Forschungsprojekt/nextpnr/common/kernel/basectx.h", "C++", 149, 0, 0, 0, 0, 0, 0, 0, 0, 0, 0, 0, 0, 0, 0, 0, 0, 0, 0, 0, 0, 0, 0, 0, 0, 0, 0, 50, 55, 254
"/home/morit/Studium/Master/Forschungsprojekt/nextpnr/common/kernel/chain_utils.h", "C++", 44, 0, 0, 0, 0, 0, 0, 0, 0, 0, 0, 0, 0, 0, 0, 0, 0, 0, 0, 0, 0, 0, 0, 0, 0, 0, 0, 19, 7, 70
"/home/morit/Studium/Master/Forschungsprojekt/nextpnr/common/kernel/command.cc", "C++", 656, 0, 0, 0, 0, 0, 0, 0, 0, 0, 0, 0, 0, 0, 0, 0, 0, 0, 0, 0, 0, 0, 0, 0, 0, 0, 0, 25, 103, 784
"/home/morit/Studium/Master/Forschungsprojekt/nextpnr/common/kernel/command.h", "C++", 47, 0, 0, 0, 0, 0, 0, 0, 0, 0, 0, 0, 0, 0, 0, 0, 0, 0, 0, 0, 0, 0, 0, 0, 0, 0, 0, 20, 14, 81
"/home/morit/Studium/Master/Forschungsprojekt/nextpnr/common/kernel/context.cc", "C++", 401, 0, 0, 0, 0, 0, 0, 0, 0, 0, 0, 0, 0, 0, 0, 0, 0, 0, 0, 0, 0, 0, 0, 0, 0, 0, 0, 30, 59, 490
"/home/morit/Studium/Master/Forschungsprojekt/nextpnr/common/kernel/context.h", "C++", 73, 0, 0, 0, 0, 0, 0, 0, 0, 0, 0, 0, 0, 0, 0, 0, 0, 0, 0, 0, 0, 0, 0, 0, 0, 0, 0, 36, 30, 139
"/home/morit/Studium/Master/Forschungsprojekt/nextpnr/common/kernel/design_utils.cc", "C++", 28, 0, 0, 0, 0, 0, 0, 0, 0, 0, 0, 0, 0, 0, 0, 0, 0, 0, 0, 0, 0, 0, 0, 0, 0, 0, 0, 21, 4, 53
"/home/morit/Studium/Master/Forschungsprojekt/nextpnr/common/kernel/design_utils.h", "C++", 56, 0, 0, 0, 0, 0, 0, 0, 0, 0, 0, 0, 0, 0, 0, 0, 0, 0, 0, 0, 0, 0, 0, 0, 0, 0, 0, 30, 12, 98
"/home/morit/Studium/Master/Forschungsprojekt/nextpnr/common/kernel/deterministic_rng.h", "C++", 62, 0, 0, 0, 0, 0, 0, 0, 0, 0, 0, 0, 0, 0, 0, 0, 0, 0, 0, 0, 0, 0, 0, 0, 0, 0, 0, 22, 22, 106
"/home/morit/Studium/Master/Forschungsprojekt/nextpnr/common/kernel/embed.cc", "C++", 41, 0, 0, 0, 0, 0, 0, 0, 0, 0, 0, 0, 0, 0, 0, 0, 0, 0, 0, 0, 0, 0, 0, 0, 0, 0, 0, 0, 11, 52
"/home/morit/Studium/Master/Forschungsprojekt/nextpnr/common/kernel/embed.h", "C++", 21, 0, 0, 0, 0, 0, 0, 0, 0, 0, 0, 0, 0, 0, 0, 0, 0, 0, 0, 0, 0, 0, 0, 0, 0, 0, 0, 18, 11, 50
"/home/morit/Studium/Master/Forschungsprojekt/nextpnr/common/kernel/handle_error.cc", "C++", 40, 0, 0, 0, 0, 0, 0, 0, 0, 0, 0, 0, 0, 0, 0, 0, 0, 0, 0, 0, 0, 0, 0, 0, 0, 0, 0, 14, 7, 61
"/home/morit/Studium/Master/Forschungsprojekt/nextpnr/common/kernel/hashlib.h", "C++", 1035, 0, 0, 0, 0, 0, 0, 0, 0, 0, 0, 0, 0, 0, 0, 0, 0, 0, 0, 0, 0, 0, 0, 0, 0, 0, 0, 14, 188, 1237
"/home/morit/Studium/Master/Forschungsprojekt/nextpnr/common/kernel/idstring.cc", "C++", 24, 0, 0, 0, 0, 0, 0, 0, 0, 0, 0, 0, 0, 0, 0, 0, 0, 0, 0, 0, 0, 0, 0, 0, 0, 0, 0, 19, 9, 52
"/home/morit/Studium/Master/Forschungsprojekt/nextpnr/common/kernel/idstring.h", "C++", 33, 0, 0, 0, 0, 0, 0, 0, 0, 0, 0, 0, 0, 0, 0, 0, 0, 0, 0, 0, 0, 0, 0, 0, 0, 0, 0, 20, 23, 76
"/home/morit/Studium/Master/Forschungsprojekt/nextpnr/common/kernel/idstringlist.cc", "C++", 53, 0, 0, 0, 0, 0, 0, 0, 0, 0, 0, 0, 0, 0, 0, 0, 0, 0, 0, 0, 0, 0, 0, 0, 0, 0, 0, 19, 9, 81
"/home/morit/Studium/Master/Forschungsprojekt/nextpnr/common/kernel/idstringlist.h", "C++", 55, 0, 0, 0, 0, 0, 0, 0, 0, 0, 0, 0, 0, 0, 0, 0, 0, 0, 0, 0, 0, 0, 0, 0, 0, 0, 0, 19, 14, 88
"/home/morit/Studium/Master/Forschungsprojekt/nextpnr/common/kernel/indexed_store.h", "C++", 236, 0, 0, 0, 0, 0, 0, 0, 0, 0, 0, 0, 0, 0, 0, 0, 0, 0, 0, 0, 0, 0, 0, 0, 0, 0, 0, 30, 32, 298
"/home/morit/Studium/Master/Forschungsprojekt/nextpnr/common/kernel/log.cc", "C++", 176, 0, 0, 0, 0, 0, 0, 0, 0, 0, 0, 0, 0, 0, 0, 0, 0, 0, 0, 0, 0, 0, 0, 0, 0, 0, 0, 20, 40, 236
"/home/morit/Studium/Master/Forschungsprojekt/nextpnr/common/kernel/log.h", "C++", 62, 0, 0, 0, 0, 0, 0, 0, 0, 0, 0, 0, 0, 0, 0, 0, 0, 0, 0, 0, 0, 0, 0, 0, 0, 0, 0, 20, 20, 102
"/home/morit/Studium/Master/Forschungsprojekt/nextpnr/common/kernel/nextpnr.cc", "C++", 13, 0, 0, 0, 0, 0, 0, 0, 0, 0, 0, 0, 0, 0, 0, 0, 0, 0, 0, 0, 0, 0, 0, 0, 0, 0, 0, 19, 4, 36
"/home/morit/Studium/Master/Forschungsprojekt/nextpnr/common/kernel/nextpnr.h", "C++", 8, 0, 0, 0, 0, 0, 0, 0, 0, 0, 0, 0, 0, 0, 0, 0, 0, 0, 0, 0, 0, 0, 0, 0, 0, 0, 0, 19, 3, 30
"/home/morit/Studium/Master/Forschungsprojekt/nextpnr/common/kernel/nextpnr_assertions.cc", "C++", 10, 0, 0, 0, 0, 0, 0, 0, 0, 0, 0, 0, 0, 0, 0, 0, 0, 0, 0, 0, 0, 0, 0, 0, 0, 0, 0, 19, 5, 34
"/home/morit/Studium/Master/Forschungsprojekt/nextpnr/common/kernel/nextpnr_assertions.h", "C++", 33, 0, 0, 0, 0, 0, 0, 0, 0, 0, 0, 0, 0, 0, 0, 0, 0, 0, 0, 0, 0, 0, 0, 0, 0, 0, 0, 19, 13, 65
"/home/morit/Studium/Master/Forschungsprojekt/nextpnr/common/kernel/nextpnr_base_types.h", "C++", 88, 0, 0, 0, 0, 0, 0, 0, 0, 0, 0, 0, 0, 0, 0, 0, 0, 0, 0, 0, 0, 0, 0, 0, 0, 0, 0, 26, 22, 136
"/home/morit/Studium/Master/Forschungsprojekt/nextpnr/common/kernel/nextpnr_namespaces.cc", "C++", 1, 0, 0, 0, 0, 0, 0, 0, 0, 0, 0, 0, 0, 0, 0, 0, 0, 0, 0, 0, 0, 0, 0, 0, 0, 0, 0, 21, 2, 24
"/home/morit/Studium/Master/Forschungsprojekt/nextpnr/common/kernel/nextpnr_namespaces.h", "C++", 34, 0, 0, 0, 0, 0, 0, 0, 0, 0, 0, 0, 0, 0, 0, 0, 0, 0, 0, 0, 0, 0, 0, 0, 0, 0, 0, 19, 6, 59
"/home/morit/Studium/Master/Forschungsprojekt/nextpnr/common/kernel/nextpnr_types.cc", "C++", 155, 0, 0, 0, 0, 0, 0, 0, 0, 0, 0, 0, 0, 0, 0, 0, 0, 0, 0, 0, 0, 0, 0, 0, 0, 0, 0, 21, 22, 198
"/home/morit/Studium/Master/Forschungsprojekt/nextpnr/common/kernel/nextpnr_types.h", "C++", 392, 0, 0, 0, 0, 0, 0, 0, 0, 0, 0, 0, 0, 0, 0, 0, 0, 0, 0, 0, 0, 0, 0, 0, 0, 0, 0, 59, 78, 529
"/home/morit/Studium/Master/Forschungsprojekt/nextpnr/common/kernel/property.cc", "C++", 51, 0, 0, 0, 0, 0, 0, 0, 0, 0, 0, 0, 0, 0, 0, 0, 0, 0, 0, 0, 0, 0, 0, 0, 0, 0, 0, 18, 12, 81
"/home/morit/Studium/Master/Forschungsprojekt/nextpnr/common/kernel/property.h", "C++", 94, 0, 0, 0, 0, 0, 0, 0, 0, 0, 0, 0, 0, 0, 0, 0, 0, 0, 0, 0, 0, 0, 0, 0, 0, 0, 0, 25, 14, 133
"/home/morit/Studium/Master/Forschungsprojekt/nextpnr/common/kernel/pybindings.cc", "C++", 273, 0, 0, 0, 0, 0, 0, 0, 0, 0, 0, 0, 0, 0, 0, 0, 0, 0, 0, 0, 0, 0, 0, 0, 0, 0, 0, 26, 50, 349
"/home/morit/Studium/Master/Forschungsprojekt/nextpnr/common/kernel/pybindings.h", "C++", 52, 0, 0, 0, 0, 0, 0, 0, 0, 0, 0, 0, 0, 0, 0, 0, 0, 0, 0, 0, 0, 0, 0, 0, 0, 0, 0, 21, 21, 94
"/home/morit/Studium/Master/Forschungsprojekt/nextpnr/common/kernel/pycontainers.h", "C++", 441, 0, 0, 0, 0, 0, 0, 0, 0, 0, 0, 0, 0, 0, 0, 0, 0, 0, 0, 0, 0, 0, 0, 0, 0, 0, 0, 53, 82, 576
"/home/morit/Studium/Master/Forschungsprojekt/nextpnr/common/kernel/pywrappers.h", "C++", 348, 0, 0, 0, 0, 0, 0, 0, 0, 0, 0, 0, 0, 0, 0, 0, 0, 0, 0, 0, 0, 0, 0, 0, 0, 0, 0, 35, 81, 464
"/home/morit/Studium/Master/Forschungsprojekt/nextpnr/common/kernel/relptr.h", "C++", 37, 0, 0, 0, 0, 0, 0, 0, 0, 0, 0, 0, 0, 0, 0, 0, 0, 0, 0, 0, 0, 0, 0, 0, 0, 0, 0, 18, 22, 77
"/home/morit/Studium/Master/Forschungsprojekt/nextpnr/common/kernel/report.cc", "C++", 137, 0, 0, 0, 0, 0, 0, 0, 0, 0, 0, 0, 0, 0, 0, 0, 0, 0, 0, 0, 0, 0, 0, 0, 0, 0, 0, 99, 37, 273
"/home/morit/Studium/Master/Forschungsprojekt/nextpnr/common/kernel/sdc.cc", "C++", 374, 0, 0, 0, 0, 0, 0, 0, 0, 0, 0, 0, 0, 0, 0, 0, 0, 0, 0, 0, 0, 0, 0, 0, 0, 0, 0, 26, 51, 451
"/home/morit/Studium/Master/Forschungsprojekt/nextpnr/common/kernel/sdf.cc", "C++", 279, 0, 0, 0, 0, 0, 0, 0, 0, 0, 0, 0, 0, 0, 0, 0, 0, 0, 0, 0, 0, 0, 0, 0, 0, 0, 0, 28, 28, 335
"/home/morit/Studium/Master/Forschungsprojekt/nextpnr/common/kernel/sso_array.h", "C++", 96, 0, 0, 0, 0, 0, 0, 0, 0, 0, 0, 0, 0, 0, 0, 0, 0, 0, 0, 0, 0, 0, 0, 0, 0, 0, 0, 20, 17, 133
"/home/morit/Studium/Master/Forschungsprojekt/nextpnr/common/kernel/str_ring_buffer.cc", "C++", 11, 0, 0, 0, 0, 0, 0, 0, 0, 0, 0, 0, 0, 0, 0, 0, 0, 0, 0, 0, 0, 0, 0, 0, 0, 0, 0, 18, 6, 35
"/home/morit/Studium/Master/Forschungsprojekt/nextpnr/common/kernel/str_ring_buffer.h", "C++", 17, 0, 0, 0, 0, 0, 0, 0, 0, 0, 0, 0, 0, 0, 0, 0, 0, 0, 0, 0, 0, 0, 0, 0, 0, 0, 0, 21, 8, 46
"/home/morit/Studium/Master/Forschungsprojekt/nextpnr/common/kernel/svg.cc", "C++", 128, 0, 0, 0, 0, 0, 0, 0, 0, 0, 0, 0, 0, 0, 0, 0, 0, 0, 0, 0, 0, 0, 0, 0, 0, 0, 0, 18, 7, 153
"/home/morit/Studium/Master/Forschungsprojekt/nextpnr/common/kernel/timing.cc", "C++", 1068, 0, 0, 0, 0, 0, 0, 0, 0, 0, 0, 0, 0, 0, 0, 0, 0, 0, 0, 0, 0, 0, 0, 0, 0, 0, 0, 100, 177, 1345
"/home/morit/Studium/Master/Forschungsprojekt/nextpnr/common/kernel/timing.h", "C++", 169, 0, 0, 0, 0, 0, 0, 0, 0, 0, 0, 0, 0, 0, 0, 0, 0, 0, 0, 0, 0, 0, 0, 0, 0, 0, 0, 43, 48, 260
"/home/morit/Studium/Master/Forschungsprojekt/nextpnr/common/kernel/timing_log.cc", "C++", 314, 0, 0, 0, 0, 0, 0, 0, 0, 0, 0, 0, 0, 0, 0, 0, 0, 0, 0, 0, 0, 0, 0, 0, 0, 0, 0, 45, 62, 421
"/home/morit/Studium/Master/Forschungsprojekt/nextpnr/common/kernel/util.h", "C++", 196, 0, 0, 0, 0, 0, 0, 0, 0, 0, 0, 0, 0, 0, 0, 0, 0, 0, 0, 0, 0, 0, 0, 0, 0, 0, 0, 37, 33, 266
"/home/morit/Studium/Master/Forschungsprojekt/nextpnr/common/place/CMakeLists.txt", "CMake", 0, 23, 0, 0, 0, 0, 0, 0, 0, 0, 0, 0, 0, 0, 0, 0, 0, 0, 0, 0, 0, 0, 0, 0, 0, 0, 0, 0, 3, 26
"/home/morit/Studium/Master/Forschungsprojekt/nextpnr/common/place/detail_place_cfg.h", "C++", 13, 0, 0, 0, 0, 0, 0, 0, 0, 0, 0, 0, 0, 0, 0, 0, 0, 0, 0, 0, 0, 0, 0, 0, 0, 0, 0, 18, 6, 37
"/home/morit/Studium/Master/Forschungsprojekt/nextpnr/common/place/detail_place_core.cc", "C++", 402, 0, 0, 0, 0, 0, 0, 0, 0, 0, 0, 0, 0, 0, 0, 0, 0, 0, 0, 0, 0, 0, 0, 0, 0, 0, 0, 41, 21, 464
"/home/morit/Studium/Master/Forschungsprojekt/nextpnr/common/place/detail_place_core.h", "C++", 138, 0, 0, 0, 0, 0, 0, 0, 0, 0, 0, 0, 0, 0, 0, 0, 0, 0, 0, 0, 0, 0, 0, 0, 0, 0, 0, 62, 25, 225
"/home/morit/Studium/Master/Forschungsprojekt/nextpnr/common/place/fast_bels.h", "C++", 127, 0, 0, 0, 0, 0, 0, 0, 0, 0, 0, 0, 0, 0, 0, 0, 0, 0, 0, 0, 0, 0, 0, 0, 0, 0, 0, 23, 39, 189
"/home/morit/Studium/Master/Forschungsprojekt/nextpnr/common/place/parallel_refine.cc", "C++", 457, 0, 0, 0, 0, 0, 0, 0, 0, 0, 0, 0, 0, 0, 0, 0, 0, 0, 0, 0, 0, 0, 0, 0, 0, 0, 0, 43, 47, 547
"/home/morit/Studium/Master/Forschungsprojekt/nextpnr/common/place/parallel_refine.h", "C++", 16, 0, 0, 0, 0, 0, 0, 0, 0, 0, 0, 0, 0, 0, 0, 0, 0, 0, 0, 0, 0, 0, 0, 0, 0, 0, 0, 18, 8, 42
"/home/morit/Studium/Master/Forschungsprojekt/nextpnr/common/place/place_common.cc", "C++", 433, 0, 0, 0, 0, 0, 0, 0, 0, 0, 0, 0, 0, 0, 0, 0, 0, 0, 0, 0, 0, 0, 0, 0, 0, 0, 0, 32, 37, 502
"/home/morit/Studium/Master/Forschungsprojekt/nextpnr/common/place/place_common.h", "C++", 17, 0, 0, 0, 0, 0, 0, 0, 0, 0, 0, 0, 0, 0, 0, 0, 0, 0, 0, 0, 0, 0, 0, 0, 0, 0, 0, 23, 13, 53
"/home/morit/Studium/Master/Forschungsprojekt/nextpnr/common/place/placer1.cc", "C++", 1093, 0, 0, 0, 0, 0, 0, 0, 0, 0, 0, 0, 0, 0, 0, 0, 0, 0, 0, 0, 0, 0, 0, 0, 0, 0, 0, 101, 96, 1290
"/home/morit/Studium/Master/Forschungsprojekt/nextpnr/common/place/placer1.h", "C++", 19, 0, 0, 0, 0, 0, 0, 0, 0, 0, 0, 0, 0, 0, 0, 0, 0, 0, 0, 0, 0, 0, 0, 0, 0, 0, 0, 18, 7, 44
"/home/morit/Studium/Master/Forschungsprojekt/nextpnr/common/place/placer_heap.cc", "C++", 1825, 0, 0, 0, 0, 0, 0, 0, 0, 0, 0, 0, 0, 0, 0, 0, 0, 0, 0, 0, 0, 0, 0, 0, 0, 0, 0, 178, 190, 2193
"/home/morit/Studium/Master/Forschungsprojekt/nextpnr/common/place/placer_heap.h", "C++", 35, 0, 0, 0, 0, 0, 0, 0, 0, 0, 0, 0, 0, 0, 0, 0, 0, 0, 0, 0, 0, 0, 0, 0, 0, 0, 0, 46, 15, 96
"/home/morit/Studium/Master/Forschungsprojekt/nextpnr/common/place/placer_liquid.cc", "C++", 17, 0, 0, 0, 0, 0, 0, 0, 0, 0, 0, 0, 0, 0, 0, 0, 0, 0, 0, 0, 0, 0, 0, 0, 0, 0, 0, 0, 3, 20
"/home/morit/Studium/Master/Forschungsprojekt/nextpnr/common/place/placer_liquid.h", "C++", 9, 0, 0, 0, 0, 0, 0, 0, 0, 0, 0, 0, 0, 0, 0, 0, 0, 0, 0, 0, 0, 0, 0, 0, 0, 0, 0, 3, 2, 14
"/home/morit/Studium/Master/Forschungsprojekt/nextpnr/common/place/placer_static.cc", "C++", 1288, 0, 0, 0, 0, 0, 0, 0, 0, 0, 0, 0, 0, 0, 0, 0, 0, 0, 0, 0, 0, 0, 0, 0, 0, 0, 0, 152, 110, 1550
"/home/morit/Studium/Master/Forschungsprojekt/nextpnr/common/place/placer_static.h", "C++", 38, 0, 0, 0, 0, 0, 0, 0, 0, 0, 0, 0, 0, 0, 0, 0, 0, 0, 0, 0, 0, 0, 0, 0, 0, 0, 0, 32, 9, 79
"/home/morit/Studium/Master/Forschungsprojekt/nextpnr/common/place/static_util.h", "C++", 111, 0, 0, 0, 0, 0, 0, 0, 0, 0, 0, 0, 0, 0, 0, 0, 0, 0, 0, 0, 0, 0, 0, 0, 0, 0, 0, 20, 17, 148
"/home/morit/Studium/Master/Forschungsprojekt/nextpnr/common/place/timing_opt.cc", "C++", 448, 0, 0, 0, 0, 0, 0, 0, 0, 0, 0, 0, 0, 0, 0, 0, 0, 0, 0, 0, 0, 0, 0, 0, 0, 0, 0, 66, 48, 562
"/home/morit/Studium/Master/Forschungsprojekt/nextpnr/common/place/timing_opt.h", "C++", 10, 0, 0, 0, 0, 0, 0, 0, 0, 0, 0, 0, 0, 0, 0, 0, 0, 0, 0, 0, 0, 0, 0, 0, 0, 0, 0, 21, 7, 38
"/home/morit/Studium/Master/Forschungsprojekt/nextpnr/common/route/CMakeLists.txt", "CMake", 0, 8, 0, 0, 0, 0, 0, 0, 0, 0, 0, 0, 0, 0, 0, 0, 0, 0, 0, 0, 0, 0, 0, 0, 0, 0, 0, 0, 3, 11
"/home/morit/Studium/Master/Forschungsprojekt/nextpnr/common/route/router1.cc", "C++", 1199, 0, 0, 0, 0, 0, 0, 0, 0, 0, 0, 0, 0, 0, 0, 0, 0, 0, 0, 0, 0, 0, 0, 0, 0, 0, 0, 37, 260, 1496
"/home/morit/Studium/Master/Forschungsprojekt/nextpnr/common/route/router1.h", "C++", 20, 0, 0, 0, 0, 0, 0, 0, 0, 0, 0, 0, 0, 0, 0, 0, 0, 0, 0, 0, 0, 0, 0, 0, 0, 0, 0, 18, 8, 46
"/home/morit/Studium/Master/Forschungsprojekt/nextpnr/common/route/router2.cc", "C++", 1623, 0, 0, 0, 0, 0, 0, 0, 0, 0, 0, 0, 0, 0, 0, 0, 0, 0, 0, 0, 0, 0, 0, 0, 0, 0, 0, 107, 127, 1857
"/home/morit/Studium/Master/Forschungsprojekt/nextpnr/common/route/router2.h", "C++", 25, 0, 0, 0, 0, 0, 0, 0, 0, 0, 0, 0, 0, 0, 0, 0, 0, 0, 0, 0, 0, 0, 0, 0, 0, 0, 0, 31, 11, 67
"/home/morit/Studium/Master/Forschungsprojekt/nextpnr/docs/archapi.md", "Markdown", 0, 0, 451, 0, 0, 0, 0, 0, 0, 0, 0, 0, 0, 0, 0, 0, 0, 0, 0, 0, 0, 0, 0, 0, 0, 0, 0, 0, 355, 806
"/home/morit/Studium/Master/Forschungsprojekt/nextpnr/docs/coding.md", "Markdown", 0, 0, 62, 0, 0, 0, 0, 0, 0, 0, 0, 0, 0, 0, 0, 0, 0, 0, 0, 0, 0, 0, 0, 0, 0, 0, 0, 0, 38, 100
"/home/morit/Studium/Master/Forschungsprojekt/nextpnr/docs/constraints.md", "Markdown", 0, 0, 30, 0, 0, 0, 0, 0, 0, 0, 0, 0, 0, 0, 0, 0, 0, 0, 0, 0, 0, 0, 0, 0, 0, 0, 0, 0, 15, 45
"/home/morit/Studium/Master/Forschungsprojekt/nextpnr/docs/faq.md", "Markdown", 0, 0, 164, 0, 0, 0, 0, 0, 0, 0, 0, 0, 0, 0, 0, 0, 0, 0, 0, 0, 0, 0, 0, 0, 0, 0, 0, 0, 64, 228
"/home/morit/Studium/Master/Forschungsprojekt/nextpnr/docs/generic.md", "Markdown", 0, 0, 82, 0, 0, 0, 0, 0, 0, 0, 0, 0, 0, 0, 0, 0, 0, 0, 0, 0, 0, 0, 0, 0, 0, 0, 0, 0, 55, 137
"/home/morit/Studium/Master/Forschungsprojekt/nextpnr/docs/himbaechel.md", "Markdown", 0, 0, 20, 0, 0, 0, 0, 0, 0, 0, 0, 0, 0, 0, 0, 0, 0, 0, 0, 0, 0, 0, 0, 0, 0, 0, 0, 0, 9, 29
"/home/morit/Studium/Master/Forschungsprojekt/nextpnr/docs/ice40.md", "Markdown", 0, 0, 9, 0, 0, 0, 0, 0, 0, 0, 0, 0, 0, 0, 0, 0, 0, 0, 0, 0, 0, 0, 0, 0, 0, 0, 0, 0, 8, 17
"/home/morit/Studium/Master/Forschungsprojekt/nextpnr/docs/netlist.md", "Markdown", 0, 0, 71, 0, 0, 0, 0, 0, 0, 0, 0, 0, 0, 0, 0, 0, 0, 0, 0, 0, 0, 0, 0, 0, 0, 0, 0, 0, 29, 100
"/home/morit/Studium/Master/Forschungsprojekt/nextpnr/docs/nexus.md", "Markdown", 0, 0, 13, 0, 0, 0, 0, 0, 0, 0, 0, 0, 0, 0, 0, 0, 0, 0, 0, 0, 0, 0, 0, 0, 0, 0, 0, 0, 8, 21
"/home/morit/Studium/Master/Forschungsprojekt/nextpnr/docs/python.md", "Markdown", 0, 0, 58, 0, 0, 0, 0, 0, 0, 0, 0, 0, 0, 0, 0, 0, 0, 0, 0, 0, 0, 0, 0, 0, 0, 0, 0, 0, 28, 86
"/home/morit/Studium/Master/Forschungsprojekt/nextpnr/docs/report.md", "Markdown", 0, 0, 20, 0, 0, 0, 0, 0, 0, 0, 0, 0, 0, 0, 0, 0, 0, 0, 0, 0, 0, 0, 0, 0, 0, 0, 0, 0, 3, 23
"/home/morit/Studium/Master/Forschungsprojekt/nextpnr/docs/viaduct.md", "Markdown", 0, 0, 89, 0, 0, 0, 0, 0, 0, 0, 0, 0, 0, 0, 0, 0, 0, 0, 0, 0, 0, 0, 0, 0, 0, 0, 0, 0, 43, 132
"/home/morit/Studium/Master/Forschungsprojekt/nextpnr/ecp5/CMakeLists.txt", "CMake", 0, 66, 0, 0, 0, 0, 0, 0, 0, 0, 0, 0, 0, 0, 0, 0, 0, 0, 0, 0, 0, 0, 0, 0, 0, 0, 0, 0, 7, 73
"/home/morit/Studium/Master/Forschungsprojekt/nextpnr/ecp5/arch.cc", "C++", 1198, 0, 0, 0, 0, 0, 0, 0, 0, 0, 0, 0, 0, 0, 0, 0, 0, 0, 0, 0, 0, 0, 0, 0, 0, 0, 0, 45, 123, 1366
"/home/morit/Studium/Master/Forschungsprojekt/nextpnr/ecp5/arch.h", "C++", 882, 0, 0, 0, 0, 0, 0, 0, 0, 0, 0, 0, 0, 0, 0, 0, 0, 0, 0, 0, 0, 0, 0, 0, 0, 0, 0, 61, 154, 1097
"/home/morit/Studium/Master/Forschungsprojekt/nextpnr/ecp5/arch_place.cc", "C++", 351, 0, 0, 0, 0, 0, 0, 0, 0, 0, 0, 0, 0, 0, 0, 0, 0, 0, 0, 0, 0, 0, 0, 0, 0, 0, 0, 78, 32, 461
"/home/morit/Studium/Master/Forschungsprojekt/nextpnr/ecp5/arch_pybindings.cc", "C++", 43, 0, 0, 0, 0, 0, 0, 0, 0, 0, 0, 0, 0, 0, 0, 0, 0, 0, 0, 0, 0, 0, 0, 0, 0, 0, 0, 19, 18, 80
"/home/morit/Studium/Master/Forschungsprojekt/nextpnr/ecp5/arch_pybindings.h", "C++", 64, 0, 0, 0, 0, 0, 0, 0, 0, 0, 0, 0, 0, 0, 0, 0, 0, 0, 0, 0, 0, 0, 0, 0, 0, 0, 0, 19, 16, 99
"/home/morit/Studium/Master/Forschungsprojekt/nextpnr/ecp5/archdefs.h", "C++", 164, 0, 0, 0, 0, 0, 0, 0, 0, 0, 0, 0, 0, 0, 0, 0, 0, 0, 0, 0, 0, 0, 0, 0, 0, 0, 0, 25, 30, 219
"/home/morit/Studium/Master/Forschungsprojekt/nextpnr/ecp5/baseconfigs.cc", "C++", 2619, 0, 0, 0, 0, 0, 0, 0, 0, 0, 0, 0, 0, 0, 0, 0, 0, 0, 0, 0, 0, 0, 0, 0, 0, 0, 0, 0, 11, 2630
"/home/morit/Studium/Master/Forschungsprojekt/nextpnr/ecp5/bitstream.cc", "C++", 1438, 0, 0, 0, 0, 0, 0, 0, 0, 0, 0, 0, 0, 0, 0, 0, 0, 0, 0, 0, 0, 0, 0, 0, 0, 0, 0, 62, 105, 1605
"/home/morit/Studium/Master/Forschungsprojekt/nextpnr/ecp5/bitstream.h", "C++", 7, 0, 0, 0, 0, 0, 0, 0, 0, 0, 0, 0, 0, 0, 0, 0, 0, 0, 0, 0, 0, 0, 0, 0, 0, 0, 0, 18, 7, 32
"/home/morit/Studium/Master/Forschungsprojekt/nextpnr/ecp5/cells.cc", "C++", 302, 0, 0, 0, 0, 0, 0, 0, 0, 0, 0, 0, 0, 0, 0, 0, 0, 0, 0, 0, 0, 0, 0, 0, 0, 0, 0, 24, 56, 382
"/home/morit/Studium/Master/Forschungsprojekt/nextpnr/ecp5/cells.h", "C++", 33, 0, 0, 0, 0, 0, 0, 0, 0, 0, 0, 0, 0, 0, 0, 0, 0, 0, 0, 0, 0, 0, 0, 0, 0, 0, 0, 23, 17, 73
"/home/morit/Studium/Master/Forschungsprojekt/nextpnr/ecp5/config.cc", "C++", 300, 0, 0, 0, 0, 0, 0, 0, 0, 0, 0, 0, 0, 0, 0, 0, 0, 0, 0, 0, 0, 0, 0, 0, 0, 0, 0, 25, 34, 359
"/home/morit/Studium/Master/Forschungsprojekt/nextpnr/ecp5/config.h", "C++", 72, 0, 0, 0, 0, 0, 0, 0, 0, 0, 0, 0, 0, 0, 0, 0, 0, 0, 0, 0, 0, 0, 0, 0, 0, 0, 0, 27, 29, 128
"/home/morit/Studium/Master/Forschungsprojekt/nextpnr/ecp5/dcu_bitstream.h", "C++", 424, 0, 0, 0, 0, 0, 0, 0, 0, 0, 0, 0, 0, 0, 0, 0, 0, 0, 0, 0, 0, 0, 0, 0, 0, 0, 0, 0, 1, 425
"/home/morit/Studium/Master/Forschungsprojekt/nextpnr/ecp5/docs/primitives.md", "Markdown", 0, 0, 42, 0, 0, 0, 0, 0, 0, 0, 0, 0, 0, 0, 0, 0, 0, 0, 0, 0, 0, 0, 0, 0, 0, 0, 0, 0, 3, 45
"/home/morit/Studium/Master/Forschungsprojekt/nextpnr/ecp5/gfx.cc", "C++", 1447, 0, 0, 0, 0, 0, 0, 0, 0, 0, 0, 0, 0, 0, 0, 0, 0, 0, 0, 0, 0, 0, 0, 0, 0, 0, 0, 37, 96, 1580
"/home/morit/Studium/Master/Forschungsprojekt/nextpnr/ecp5/gfx.h", "C++", 3620, 0, 0, 0, 0, 0, 0, 0, 0, 0, 0, 0, 0, 0, 0, 0, 0, 0, 0, 0, 0, 0, 0, 0, 0, 0, 0, 18, 76, 3714
"/home/morit/Studium/Master/Forschungsprojekt/nextpnr/ecp5/globals.cc", "C++", 613, 0, 0, 0, 0, 0, 0, 0, 0, 0, 0, 0, 0, 0, 0, 0, 0, 0, 0, 0, 0, 0, 0, 0, 0, 0, 0, 42, 35, 690
"/home/morit/Studium/Master/Forschungsprojekt/nextpnr/ecp5/globals.h", "C++", 5, 0, 0, 0, 0, 0, 0, 0, 0, 0, 0, 0, 0, 0, 0, 0, 0, 0, 0, 0, 0, 0, 0, 0, 0, 0, 0, 18, 4, 27
"/home/morit/Studium/Master/Forschungsprojekt/nextpnr/ecp5/lpf.cc", "C++", 155, 0, 0, 0, 0, 0, 0, 0, 0, 0, 0, 0, 0, 0, 0, 0, 0, 0, 0, 0, 0, 0, 0, 0, 0, 0, 0, 22, 10, 187
"/home/morit/Studium/Master/Forschungsprojekt/nextpnr/ecp5/main.cc", "C++", 253, 0, 0, 0, 0, 0, 0, 0, 0, 0, 0, 0, 0, 0, 0, 0, 0, 0, 0, 0, 0, 0, 0, 0, 0, 0, 0, 18, 26, 297
"/home/morit/Studium/Master/Forschungsprojekt/nextpnr/ecp5/pack.cc", "C++", 2842, 0, 0, 0, 0, 0, 0, 0, 0, 0, 0, 0, 0, 0, 0, 0, 0, 0, 0, 0, 0, 0, 0, 0, 0, 0, 0, 164, 188, 3194
"/home/morit/Studium/Master/Forschungsprojekt/nextpnr/ecp5/pio.cc", "C++", 191, 0, 0, 0, 0, 0, 0, 0, 0, 0, 0, 0, 0, 0, 0, 0, 0, 0, 0, 0, 0, 0, 0, 0, 0, 0, 0, 18, 13, 222
"/home/morit/Studium/Master/Forschungsprojekt/nextpnr/ecp5/pio.h", "C++", 39, 0, 0, 0, 0, 0, 0, 0, 0, 0, 0, 0, 0, 0, 0, 0, 0, 0, 0, 0, 0, 0, 0, 0, 0, 0, 0, 19, 13, 71
"/home/morit/Studium/Master/Forschungsprojekt/nextpnr/ecp5/trellis_import.py", "Python", 0, 0, 0, 585, 0, 0, 0, 0, 0, 0, 0, 0, 0, 0, 0, 0, 0, 0, 0, 0, 0, 0, 0, 0, 0, 0, 0, 11, 114, 710
"/home/morit/Studium/Master/Forschungsprojekt/nextpnr/frontend/CMakeLists.txt", "CMake", 0, 7, 0, 0, 0, 0, 0, 0, 0, 0, 0, 0, 0, 0, 0, 0, 0, 0, 0, 0, 0, 0, 0, 0, 0, 0, 0, 0, 3, 10
"/home/morit/Studium/Master/Forschungsprojekt/nextpnr/frontend/frontend_base.h", "C++", 527, 0, 0, 0, 0, 0, 0, 0, 0, 0, 0, 0, 0, 0, 0, 0, 0, 0, 0, 0, 0, 0, 0, 0, 0, 0, 0, 210, 38, 775
"/home/morit/Studium/Master/Forschungsprojekt/nextpnr/frontend/json_frontend.cc", "C++", 162, 0, 0, 0, 0, 0, 0, 0, 0, 0, 0, 0, 0, 0, 0, 0, 0, 0, 0, 0, 0, 0, 0, 0, 0, 0, 0, 19, 30, 211
"/home/morit/Studium/Master/Forschungsprojekt/nextpnr/frontend/json_frontend.h", "C++", 4, 0, 0, 0, 0, 0, 0, 0, 0, 0, 0, 0, 0, 0, 0, 0, 0, 0, 0, 0, 0, 0, 0, 0, 0, 0, 0, 18, 5, 27
"/home/morit/Studium/Master/Forschungsprojekt/nextpnr/generic/CMakeLists.txt", "CMake", 0, 35, 0, 0, 0, 0, 0, 0, 0, 0, 0, 0, 0, 0, 0, 0, 0, 0, 0, 0, 0, 0, 0, 0, 0, 0, 0, 0, 3, 38
"/home/morit/Studium/Master/Forschungsprojekt/nextpnr/generic/arch.cc", "C++", 708, 0, 0, 0, 0, 0, 0, 0, 0, 0, 0, 0, 0, 0, 0, 0, 0, 0, 0, 0, 0, 0, 0, 0, 0, 0, 0, 25, 70, 803
"/home/morit/Studium/Master/Forschungsprojekt/nextpnr/generic/arch.h", "C++", 312, 0, 0, 0, 0, 0, 0, 0, 0, 0, 0, 0, 0, 0, 0, 0, 0, 0, 0, 0, 0, 0, 0, 0, 0, 0, 0, 33, 64, 409
"/home/morit/Studium/Master/Forschungsprojekt/nextpnr/generic/arch_pybindings.cc", "C++", 142, 0, 0, 0, 0, 0, 0, 0, 0, 0, 0, 0, 0, 0, 0, 0, 0, 0, 0, 0, 0, 0, 0, 0, 0, 0, 0, 20, 28, 190
"/home/morit/Studium/Master/Forschungsprojekt/nextpnr/generic/arch_pybindings.h", "C++", 74, 0, 0, 0, 0, 0, 0, 0, 0, 0, 0, 0, 0, 0, 0, 0, 0, 0, 0, 0, 0, 0, 0, 0, 0, 0, 0, 19, 18, 111
"/home/morit/Studium/Master/Forschungsprojekt/nextpnr/generic/archdefs.h", "C++", 64, 0, 0, 0, 0, 0, 0, 0, 0, 0, 0, 0, 0, 0, 0, 0, 0, 0, 0, 0, 0, 0, 0, 0, 0, 0, 0, 24, 18, 106
"/home/morit/Studium/Master/Forschungsprojekt/nextpnr/generic/cells.cc", "C++", 98, 0, 0, 0, 0, 0, 0, 0, 0, 0, 0, 0, 0, 0, 0, 0, 0, 0, 0, 0, 0, 0, 0, 0, 0, 0, 0, 20, 19, 137
"/home/morit/Studium/Master/Forschungsprojekt/nextpnr/generic/cells.h", "C++", 13, 0, 0, 0, 0, 0, 0, 0, 0, 0, 0, 0, 0, 0, 0, 0, 0, 0, 0, 0, 0, 0, 0, 0, 0, 0, 0, 30, 13, 56
"/home/morit/Studium/Master/Forschungsprojekt/nextpnr/generic/chipdb.cc", "C++", 0, 0, 0, 0, 0, 0, 0, 0, 0, 0, 0, 0, 0, 0, 0, 0, 0, 0, 0, 0, 0, 0, 0, 0, 0, 0, 0, 1, 1, 2
"/home/morit/Studium/Master/Forschungsprojekt/nextpnr/generic/examples/README.md", "Markdown", 0, 0, 8, 0, 0, 0, 0, 0, 0, 0, 0, 0, 0, 0, 0, 0, 0, 0, 0, 0, 0, 0, 0, 0, 0, 0, 0, 0, 6, 14
"/home/morit/Studium/Master/Forschungsprojekt/nextpnr/generic/examples/__init__.py", "Python", 0, 0, 0, 0, 0, 0, 0, 0, 0, 0, 0, 0, 0, 0, 0, 0, 0, 0, 0, 0, 0, 0, 0, 0, 0, 0, 0, 0, 1, 1
"/home/morit/Studium/Master/Forschungsprojekt/nextpnr/generic/examples/bitstream.py", "Python", 0, 0, 0, 12, 0, 0, 0, 0, 0, 0, 0, 0, 0, 0, 0, 0, 0, 0, 0, 0, 0, 0, 0, 0, 0, 0, 0, 2, 4, 18
"/home/morit/Studium/Master/Forschungsprojekt/nextpnr/generic/examples/blinky.v", "Verilog", 0, 0, 0, 0, 9, 0, 0, 0, 0, 0, 0, 0, 0, 0, 0, 0, 0, 0, 0, 0, 0, 0, 0, 0, 0, 0, 0, 0, 4, 13
"/home/morit/Studium/Master/Forschungsprojekt/nextpnr/generic/examples/blinky_tb.v", "Verilog", 0, 0, 0, 0, 34, 0, 0, 0, 0, 0, 0, 0, 0, 0, 0, 0, 0, 0, 0, 0, 0, 0, 0, 0, 0, 0, 0, 0, 5, 39
"/home/morit/Studium/Master/Forschungsprojekt/nextpnr/generic/examples/simple.py", "Python", 0, 0, 0, 66, 0, 0, 0, 0, 0, 0, 0, 0, 0, 0, 0, 0, 0, 0, 0, 0, 0, 0, 0, 0, 0, 0, 0, 7, 5, 78
"/home/morit/Studium/Master/Forschungsprojekt/nextpnr/generic/examples/simple.sh", "Shell Script", 0, 0, 0, 0, 0, 0, 0, 4, 0, 0, 0, 0, 0, 0, 0, 0, 0, 0, 0, 0, 0, 0, 0, 0, 0, 0, 0, 1, 1, 6
"/home/morit/Studium/Master/Forschungsprojekt/nextpnr/generic/examples/simple_config.py", "Python", 0, 0, 0, 8, 0, 0, 0, 0, 0, 0, 0, 0, 0, 0, 0, 0, 0, 0, 0, 0, 0, 0, 0, 0, 0, 0, 0, 7, 0, 15
"/home/morit/Studium/Master/Forschungsprojekt/nextpnr/generic/examples/simple_timing.py", "Python", 0, 0, 0, 13, 0, 0, 0, 0, 0, 0, 0, 0, 0, 0, 0, 0, 0, 0, 0, 0, 0, 0, 0, 0, 0, 0, 0, 0, 1, 14
"/home/morit/Studium/Master/Forschungsprojekt/nextpnr/generic/examples/simtest.sh", "Shell Script", 0, 0, 0, 0, 0, 0, 0, 6, 0, 0, 0, 0, 0, 0, 0, 0, 0, 0, 0, 0, 0, 0, 0, 0, 0, 0, 0, 1, 1, 8
"/home/morit/Studium/Master/Forschungsprojekt/nextpnr/generic/examples/write_fasm.py", "Python", 0, 0, 0, 26, 0, 0, 0, 0, 0, 0, 0, 0, 0, 0, 0, 0, 0, 0, 0, 0, 0, 0, 0, 0, 0, 0, 0, 21, 4, 51
"/home/morit/Studium/Master/Forschungsprojekt/nextpnr/generic/main.cc", "C++", 74, 0, 0, 0, 0, 0, 0, 0, 0, 0, 0, 0, 0, 0, 0, 0, 0, 0, 0, 0, 0, 0, 0, 0, 0, 0, 0, 18, 11, 103
"/home/morit/Studium/Master/Forschungsprojekt/nextpnr/generic/pack.cc", "C++", 237, 0, 0, 0, 0, 0, 0, 0, 0, 0, 0, 0, 0, 0, 0, 0, 0, 0, 0, 0, 0, 0, 0, 0, 0, 0, 0, 32, 27, 296
"/home/morit/Studium/Master/Forschungsprojekt/nextpnr/generic/synth/cells_map.v", "Verilog", 0, 0, 0, 0, 9, 0, 0, 0, 0, 0, 0, 0, 0, 0, 0, 0, 0, 0, 0, 0, 0, 0, 0, 0, 0, 0, 0, 0, 4, 13
"/home/morit/Studium/Master/Forschungsprojekt/nextpnr/generic/synth/prims.v", "Verilog", 0, 0, 0, 0, 56, 0, 0, 0, 0, 0, 0, 0, 0, 0, 0, 0, 0, 0, 0, 0, 0, 0, 0, 0, 0, 0, 0, 1, 11, 68
"/home/morit/Studium/Master/Forschungsprojekt/nextpnr/generic/synth/synth_generic.tcl", "Tcl", 0, 0, 0, 0, 0, 21, 0, 0, 0, 0, 0, 0, 0, 0, 0, 0, 0, 0, 0, 0, 0, 0, 0, 0, 0, 0, 0, 2, 3, 26
"/home/morit/Studium/Master/Forschungsprojekt/nextpnr/generic/viaduct/example/example.cc", "C++", 269, 0, 0, 0, 0, 0, 0, 0, 0, 0, 0, 0, 0, 0, 0, 0, 0, 0, 0, 0, 0, 0, 0, 0, 0, 0, 0, 47, 17, 333
"/home/morit/Studium/Master/Forschungsprojekt/nextpnr/generic/viaduct/example/example_map.v", "Verilog", 0, 0, 0, 0, 9, 0, 0, 0, 0, 0, 0, 0, 0, 0, 0, 0, 0, 0, 0, 0, 0, 0, 0, 0, 0, 0, 0, 0, 4, 13
"/home/morit/Studium/Master/Forschungsprojekt/nextpnr/generic/viaduct/example/example_prims.v", "Verilog", 0, 0, 0, 0, 31, 0, 0, 0, 0, 0, 0, 0, 0, 0, 0, 0, 0, 0, 0, 0, 0, 0, 0, 0, 0, 0, 0, 0, 5, 36
"/home/morit/Studium/Master/Forschungsprojekt/nextpnr/generic/viaduct/example/synth_viaduct_example.tcl", "Tcl", 0, 0, 0, 0, 0, 20, 0, 0, 0, 0, 0, 0, 0, 0, 0, 0, 0, 0, 0, 0, 0, 0, 0, 0, 0, 0, 0, 2, 3, 25
"/home/morit/Studium/Master/Forschungsprojekt/nextpnr/generic/viaduct/example/viaduct_example.sh", "Shell Script", 0, 0, 0, 0, 0, 0, 0, 3, 0, 0, 0, 0, 0, 0, 0, 0, 0, 0, 0, 0, 0, 0, 0, 0, 0, 0, 0, 3, 1, 7
"/home/morit/Studium/Master/Forschungsprojekt/nextpnr/generic/viaduct/fabulous/fab_cfg.h", "C++", 54, 0, 0, 0, 0, 0, 0, 0, 0, 0, 0, 0, 0, 0, 0, 0, 0, 0, 0, 0, 0, 0, 0, 0, 0, 0, 0, 39, 16, 109
"/home/morit/Studium/Master/Forschungsprojekt/nextpnr/generic/viaduct/fabulous/fab_defs.h", "C++", 9, 0, 0, 0, 0, 0, 0, 0, 0, 0, 0, 0, 0, 0, 0, 0, 0, 0, 0, 0, 0, 0, 0, 0, 0, 0, 0, 22, 9, 40
"/home/morit/Studium/Master/Forschungsprojekt/nextpnr/generic/viaduct/fabulous/fabric_parsing.h", "C++", 148, 0, 0, 0, 0, 0, 0, 0, 0, 0, 0, 0, 0, 0, 0, 0, 0, 0, 0, 0, 0, 0, 0, 0, 0, 0, 0, 21, 21, 190
"/home/morit/Studium/Master/Forschungsprojekt/nextpnr/generic/viaduct/fabulous/fabulous.cc", "C++", 622, 0, 0, 0, 0, 0, 0, 0, 0, 0, 0, 0, 0, 0, 0, 0, 0, 0, 0, 0, 0, 0, 0, 0, 0, 0, 0, 75, 49, 746
"/home/morit/Studium/Master/Forschungsprojekt/nextpnr/generic/viaduct/fabulous/fasm.cc", "C++", 235, 0, 0, 0, 0, 0, 0, 0, 0, 0, 0, 0, 0, 0, 0, 0, 0, 0, 0, 0, 0, 0, 0, 0, 0, 0, 0, 32, 20, 287
"/home/morit/Studium/Master/Forschungsprojekt/nextpnr/generic/viaduct/fabulous/fasm.h", "C++", 10, 0, 0, 0, 0, 0, 0, 0, 0, 0, 0, 0, 0, 0, 0, 0, 0, 0, 0, 0, 0, 0, 0, 0, 0, 0, 0, 18, 7, 35
"/home/morit/Studium/Master/Forschungsprojekt/nextpnr/generic/viaduct/fabulous/pack.cc", "C++", 399, 0, 0, 0, 0, 0, 0, 0, 0, 0, 0, 0, 0, 0, 0, 0, 0, 0, 0, 0, 0, 0, 0, 0, 0, 0, 0, 78, 46, 523
"/home/morit/Studium/Master/Forschungsprojekt/nextpnr/generic/viaduct/fabulous/pack.h", "C++", 8, 0, 0, 0, 0, 0, 0, 0, 0, 0, 0, 0, 0, 0, 0, 0, 0, 0, 0, 0, 0, 0, 0, 0, 0, 0, 0, 18, 7, 33
"/home/morit/Studium/Master/Forschungsprojekt/nextpnr/generic/viaduct/fabulous/pcf.cc", "C++", 483, 0, 0, 0, 0, 0, 0, 0, 0, 0, 0, 0, 0, 0, 0, 0, 0, 0, 0, 0, 0, 0, 0, 0, 0, 0, 0, 41, 96, 620
"/home/morit/Studium/Master/Forschungsprojekt/nextpnr/generic/viaduct/fabulous/pcf.h", "C++", 8, 0, 0, 0, 0, 0, 0, 0, 0, 0, 0, 0, 0, 0, 0, 0, 0, 0, 0, 0, 0, 0, 0, 0, 0, 0, 0, 0, 5, 13
"/home/morit/Studium/Master/Forschungsprojekt/nextpnr/generic/viaduct/fabulous/validity_check.cc", "C++", 207, 0, 0, 0, 0, 0, 0, 0, 0, 0, 0, 0, 0, 0, 0, 0, 0, 0, 0, 0, 0, 0, 0, 0, 0, 0, 0, 33, 15, 255
"/home/morit/Studium/Master/Forschungsprojekt/nextpnr/generic/viaduct/fabulous/validity_check.h", "C++", 92, 0, 0, 0, 0, 0, 0, 0, 0, 0, 0, 0, 0, 0, 0, 0, 0, 0, 0, 0, 0, 0, 0, 0, 0, 0, 0, 34, 15, 141
"/home/morit/Studium/Master/Forschungsprojekt/nextpnr/generic/viaduct_api.cc", "C++", 87, 0, 0, 0, 0, 0, 0, 0, 0, 0, 0, 0, 0, 0, 0, 0, 0, 0, 0, 0, 0, 0, 0, 0, 0, 0, 0, 19, 13, 119
"/home/morit/Studium/Master/Forschungsprojekt/nextpnr/generic/viaduct_api.h", "C++", 46, 0, 0, 0, 0, 0, 0, 0, 0, 0, 0, 0, 0, 0, 0, 0, 0, 0, 0, 0, 0, 0, 0, 0, 0, 0, 0, 53, 17, 116
"/home/morit/Studium/Master/Forschungsprojekt/nextpnr/generic/viaduct_constids.h", "C++", 32, 0, 0, 0, 0, 0, 0, 0, 0, 0, 0, 0, 0, 0, 0, 0, 0, 0, 0, 0, 0, 0, 0, 0, 0, 0, 0, 27, 16, 75
"/home/morit/Studium/Master/Forschungsprojekt/nextpnr/generic/viaduct_helpers.cc", "C++", 151, 0, 0, 0, 0, 0, 0, 0, 0, 0, 0, 0, 0, 0, 0, 0, 0, 0, 0, 0, 0, 0, 0, 0, 0, 0, 0, 20, 16, 187
"/home/morit/Studium/Master/Forschungsprojekt/nextpnr/generic/viaduct_helpers.h", "C++", 42, 0, 0, 0, 0, 0, 0, 0, 0, 0, 0, 0, 0, 0, 0, 0, 0, 0, 0, 0, 0, 0, 0, 0, 0, 0, 0, 35, 9, 86
"/home/morit/Studium/Master/Forschungsprojekt/nextpnr/gui/CMakeLists.txt", "CMake", 0, 92, 0, 0, 0, 0, 0, 0, 0, 0, 0, 0, 0, 0, 0, 0, 0, 0, 0, 0, 0, 0, 0, 0, 0, 0, 0, 0, 11, 103
"/home/morit/Studium/Master/Forschungsprojekt/nextpnr/gui/application.cc", "C++", 120, 0, 0, 0, 0, 0, 0, 0, 0, 0, 0, 0, 0, 0, 0, 0, 0, 0, 0, 0, 0, 0, 0, 0, 0, 0, 0, 21, 20, 161
"/home/morit/Studium/Master/Forschungsprojekt/nextpnr/gui/application.h", "C++", 13, 0, 0, 0, 0, 0, 0, 0, 0, 0, 0, 0, 0, 0, 0, 0, 0, 0, 0, 0, 0, 0, 0, 0, 0, 0, 0, 19, 6, 38
"/home/morit/Studium/Master/Forschungsprojekt/nextpnr/gui/basewindow.cc", "C++", 425, 0, 0, 0, 0, 0, 0, 0, 0, 0, 0, 0, 0, 0, 0, 0, 0, 0, 0, 0, 0, 0, 0, 0, 0, 0, 0, 41, 82, 548
"/home/morit/Studium/Master/Forschungsprojekt/nextpnr/gui/basewindow.h", "C++", 90, 0, 0, 0, 0, 0, 0, 0, 0, 0, 0, 0, 0, 0, 0, 0, 0, 0, 0, 0, 0, 0, 0, 0, 0, 0, 0, 21, 32, 143
"/home/morit/Studium/Master/Forschungsprojekt/nextpnr/gui/create_img.sh", "Shell Script", 0, 0, 0, 0, 0, 0, 0, 7, 0, 0, 0, 0, 0, 0, 0, 0, 0, 0, 0, 0, 0, 0, 0, 0, 0, 0, 0, 0, 1, 8
"/home/morit/Studium/Master/Forschungsprojekt/nextpnr/gui/designwidget.cc", "C++", 928, 0, 0, 0, 0, 0, 0, 0, 0, 0, 0, 0, 0, 0, 0, 0, 0, 0, 0, 0, 0, 0, 0, 0, 0, 0, 0, 25, 123, 1076
"/home/morit/Studium/Master/Forschungsprojekt/nextpnr/gui/designwidget.h", "C++", 99, 0, 0, 0, 0, 0, 0, 0, 0, 0, 0, 0, 0, 0, 0, 0, 0, 0, 0, 0, 0, 0, 0, 0, 0, 0, 0, 18, 22, 139
"/home/morit/Studium/Master/Forschungsprojekt/nextpnr/gui/ecp5/mainwindow.cc", "C++", 122, 0, 0, 0, 0, 0, 0, 0, 0, 0, 0, 0, 0, 0, 0, 0, 0, 0, 0, 0, 0, 0, 0, 0, 0, 0, 0, 20, 25, 167
"/home/morit/Studium/Master/Forschungsprojekt/nextpnr/gui/ecp5/mainwindow.h", "C++", 26, 0, 0, 0, 0, 0, 0, 0, 0, 0, 0, 0, 0, 0, 0, 0, 0, 0, 0, 0, 0, 0, 0, 0, 0, 0, 0, 18, 12, 56
"/home/morit/Studium/Master/Forschungsprojekt/nextpnr/gui/fpga_interchange/mainwindow.cc", "C++", 21, 0, 0, 0, 0, 0, 0, 0, 0, 0, 0, 0, 0, 0, 0, 0, 0, 0, 0, 0, 0, 0, 0, 0, 0, 0, 0, 19, 11, 51
"/home/morit/Studium/Master/Forschungsprojekt/nextpnr/gui/fpga_interchange/mainwindow.h", "C++", 18, 0, 0, 0, 0, 0, 0, 0, 0, 0, 0, 0, 0, 0, 0, 0, 0, 0, 0, 0, 0, 0, 0, 0, 0, 0, 0, 19, 10, 47
"/home/morit/Studium/Master/Forschungsprojekt/nextpnr/gui/fpgaviewwidget.cc", "C++", 764, 0, 0, 0, 0, 0, 0, 0, 0, 0, 0, 0, 0, 0, 0, 0, 0, 0, 0, 0, 0, 0, 0, 0, 0, 0, 0, 78, 130, 972
"/home/morit/Studium/Master/Forschungsprojekt/nextpnr/gui/fpgaviewwidget.h", "C++", 246, 0, 0, 0, 0, 0, 0, 0, 0, 0, 0, 0, 0, 0, 0, 0, 0, 0, 0, 0, 0, 0, 0, 0, 0, 0, 0, 34, 34, 314
"/home/morit/Studium/Master/Forschungsprojekt/nextpnr/gui/generic/mainwindow.cc", "C++", 24, 0, 0, 0, 0, 0, 0, 0, 0, 0, 0, 0, 0, 0, 0, 0, 0, 0, 0, 0, 0, 0, 0, 0, 0, 0, 0, 18, 11, 53
"/home/morit/Studium/Master/Forschungsprojekt/nextpnr/gui/generic/mainwindow.h", "C++", 18, 0, 0, 0, 0, 0, 0, 0, 0, 0, 0, 0, 0, 0, 0, 0, 0, 0, 0, 0, 0, 0, 0, 0, 0, 0, 0, 18, 10, 46
"/home/morit/Studium/Master/Forschungsprojekt/nextpnr/gui/himbaechel/mainwindow.cc", "C++", 22, 0, 0, 0, 0, 0, 0, 0, 0, 0, 0, 0, 0, 0, 0, 0, 0, 0, 0, 0, 0, 0, 0, 0, 0, 0, 0, 18, 11, 51
"/home/morit/Studium/Master/Forschungsprojekt/nextpnr/gui/himbaechel/mainwindow.h", "C++", 18, 0, 0, 0, 0, 0, 0, 0, 0, 0, 0, 0, 0, 0, 0, 0, 0, 0, 0, 0, 0, 0, 0, 0, 0, 0, 0, 18, 10, 46
"/home/morit/Studium/Master/Forschungsprojekt/nextpnr/gui/ice40/mainwindow.cc", "C++", 138, 0, 0, 0, 0, 0, 0, 0, 0, 0, 0, 0, 0, 0, 0, 0, 0, 0, 0, 0, 0, 0, 0, 0, 0, 0, 0, 20, 25, 183
"/home/morit/Studium/Master/Forschungsprojekt/nextpnr/gui/ice40/mainwindow.h", "C++", 27, 0, 0, 0, 0, 0, 0, 0, 0, 0, 0, 0, 0, 0, 0, 0, 0, 0, 0, 0, 0, 0, 0, 0, 0, 0, 0, 18, 15, 60
"/home/morit/Studium/Master/Forschungsprojekt/nextpnr/gui/line_editor.cc", "C++", 112, 0, 0, 0, 0, 0, 0, 0, 0, 0, 0, 0, 0, 0, 0, 0, 0, 0, 0, 0, 0, 0, 0, 0, 0, 0, 0, 22, 15, 149
"/home/morit/Studium/Master/Forschungsprojekt/nextpnr/gui/line_editor.h", "C++", 31, 0, 0, 0, 0, 0, 0, 0, 0, 0, 0, 0, 0, 0, 0, 0, 0, 0, 0, 0, 0, 0, 0, 0, 0, 0, 0, 19, 12, 62
"/home/morit/Studium/Master/Forschungsprojekt/nextpnr/gui/lineshader.cc", "C++", 175, 0, 0, 0, 0, 0, 0, 0, 0, 0, 0, 0, 0, 0, 0, 0, 0, 0, 0, 0, 0, 0, 0, 0, 0, 0, 0, 45, 49, 269
"/home/morit/Studium/Master/Forschungsprojekt/nextpnr/gui/lineshader.h", "C++", 102, 0, 0, 0, 0, 0, 0, 0, 0, 0, 0, 0, 0, 0, 0, 0, 0, 0, 0, 0, 0, 0, 0, 0, 0, 0, 0, 74, 30, 206
"/home/morit/Studium/Master/Forschungsprojekt/nextpnr/gui/machxo2/mainwindow.cc", "C++", 120, 0, 0, 0, 0, 0, 0, 0, 0, 0, 0, 0, 0, 0, 0, 0, 0, 0, 0, 0, 0, 0, 0, 0, 0, 0, 0, 20, 25, 165
"/home/morit/Studium/Master/Forschungsprojekt/nextpnr/gui/machxo2/mainwindow.h", "C++", 26, 0, 0, 0, 0, 0, 0, 0, 0, 0, 0, 0, 0, 0, 0, 0, 0, 0, 0, 0, 0, 0, 0, 0, 0, 0, 0, 18, 12, 56
"/home/morit/Studium/Master/Forschungsprojekt/nextpnr/gui/mistral/mainwindow.cc", "C++", 48, 0, 0, 0, 0, 0, 0, 0, 0, 0, 0, 0, 0, 0, 0, 0, 0, 0, 0, 0, 0, 0, 0, 0, 0, 0, 0, 21, 18, 87
"/home/morit/Studium/Master/Forschungsprojekt/nextpnr/gui/mistral/mainwindow.h", "C++", 20, 0, 0, 0, 0, 0, 0, 0, 0, 0, 0, 0, 0, 0, 0, 0, 0, 0, 0, 0, 0, 0, 0, 0, 0, 0, 0, 18, 12, 50
"/home/morit/Studium/Master/Forschungsprojekt/nextpnr/gui/nexus/mainwindow.cc", "C++", 49, 0, 0, 0, 0, 0, 0, 0, 0, 0, 0, 0, 0, 0, 0, 0, 0, 0, 0, 0, 0, 0, 0, 0, 0, 0, 0, 21, 18, 88
"/home/morit/Studium/Master/Forschungsprojekt/nextpnr/gui/nexus/mainwindow.h", "C++", 20, 0, 0, 0, 0, 0, 0, 0, 0, 0, 0, 0, 0, 0, 0, 0, 0, 0, 0, 0, 0, 0, 0, 0, 0, 0, 0, 18, 12, 50
"/home/morit/Studium/Master/Forschungsprojekt/nextpnr/gui/pyconsole.cc", "C++", 64, 0, 0, 0, 0, 0, 0, 0, 0, 0, 0, 0, 0, 0, 0, 0, 0, 0, 0, 0, 0, 0, 0, 0, 0, 0, 0, 21, 12, 97
"/home/morit/Studium/Master/Forschungsprojekt/nextpnr/gui/pyconsole.h", "C++", 27, 0, 0, 0, 0, 0, 0, 0, 0, 0, 0, 0, 0, 0, 0, 0, 0, 0, 0, 0, 0, 0, 0, 0, 0, 0, 0, 19, 11, 57
"/home/morit/Studium/Master/Forschungsprojekt/nextpnr/gui/pythontab.cc", "C++", 76, 0, 0, 0, 0, 0, 0, 0, 0, 0, 0, 0, 0, 0, 0, 0, 0, 0, 0, 0, 0, 0, 0, 0, 0, 0, 0, 19, 25, 120
"/home/morit/Studium/Master/Forschungsprojekt/nextpnr/gui/pythontab.h", "C++", 36, 0, 0, 0, 0, 0, 0, 0, 0, 0, 0, 0, 0, 0, 0, 0, 0, 0, 0, 0, 0, 0, 0, 0, 0, 0, 0, 18, 11, 65
"/home/morit/Studium/Master/Forschungsprojekt/nextpnr/gui/quadtree.h", "C++", 256, 0, 0, 0, 0, 0, 0, 0, 0, 0, 0, 0, 0, 0, 0, 0, 0, 0, 0, 0, 0, 0, 0, 0, 0, 0, 0, 122, 45, 423
"/home/morit/Studium/Master/Forschungsprojekt/nextpnr/gui/treemodel.cc", "C++", 174, 0, 0, 0, 0, 0, 0, 0, 0, 0, 0, 0, 0, 0, 0, 0, 0, 0, 0, 0, 0, 0, 0, 0, 0, 0, 0, 32, 47, 253
"/home/morit/Studium/Master/Forschungsprojekt/nextpnr/gui/treemodel.h", "C++", 230, 0, 0, 0, 0, 0, 0, 0, 0, 0, 0, 0, 0, 0, 0, 0, 0, 0, 0, 0, 0, 0, 0, 0, 0, 0, 0, 98, 65, 393
"/home/morit/Studium/Master/Forschungsprojekt/nextpnr/gui/worker.cc", "C++", 120, 0, 0, 0, 0, 0, 0, 0, 0, 0, 0, 0, 0, 0, 0, 0, 0, 0, 0, 0, 0, 0, 0, 0, 0, 0, 0, 18, 25, 163
"/home/morit/Studium/Master/Forschungsprojekt/nextpnr/gui/worker.h", "C++", 63, 0, 0, 0, 0, 0, 0, 0, 0, 0, 0, 0, 0, 0, 0, 0, 0, 0, 0, 0, 0, 0, 0, 0, 0, 0, 0, 19, 13, 95
"/home/morit/Studium/Master/Forschungsprojekt/nextpnr/himbaechel/CMakeLists.txt", "CMake", 0, 70, 0, 0, 0, 0, 0, 0, 0, 0, 0, 0, 0, 0, 0, 0, 0, 0, 0, 0, 0, 0, 0, 0, 0, 0, 0, 0, 24, 94
"/home/morit/Studium/Master/Forschungsprojekt/nextpnr/himbaechel/arch.cc", "C++", 571, 0, 0, 0, 0, 0, 0, 0, 0, 0, 0, 0, 0, 0, 0, 0, 0, 0, 0, 0, 0, 0, 0, 0, 0, 0, 0, 29, 66, 666
"/home/morit/Studium/Master/Forschungsprojekt/nextpnr/himbaechel/arch.h", "C++", 722, 0, 0, 0, 0, 0, 0, 0, 0, 0, 0, 0, 0, 0, 0, 0, 0, 0, 0, 0, 0, 0, 0, 0, 0, 0, 0, 76, 119, 917
"/home/morit/Studium/Master/Forschungsprojekt/nextpnr/himbaechel/arch_pybindings.cc", "C++", 43, 0, 0, 0, 0, 0, 0, 0, 0, 0, 0, 0, 0, 0, 0, 0, 0, 0, 0, 0, 0, 0, 0, 0, 0, 0, 0, 19, 18, 80
"/home/morit/Studium/Master/Forschungsprojekt/nextpnr/himbaechel/arch_pybindings.h", "C++", 64, 0, 0, 0, 0, 0, 0, 0, 0, 0, 0, 0, 0, 0, 0, 0, 0, 0, 0, 0, 0, 0, 0, 0, 0, 0, 0, 18, 17, 99
"/home/morit/Studium/Master/Forschungsprojekt/nextpnr/himbaechel/archdefs.h", "C++", 105, 0, 0, 0, 0, 0, 0, 0, 0, 0, 0, 0, 0, 0, 0, 0, 0, 0, 0, 0, 0, 0, 0, 0, 0, 0, 0, 20, 26, 151
"/home/morit/Studium/Master/Forschungsprojekt/nextpnr/himbaechel/chipdb.h", "C++", 176, 0, 0, 0, 0, 0, 0, 0, 0, 0, 0, 0, 0, 0, 0, 0, 0, 0, 0, 0, 0, 0, 0, 0, 0, 0, 0, 30, 44, 250
"/home/morit/Studium/Master/Forschungsprojekt/nextpnr/himbaechel/himbaechel_api.cc", "C++", 103, 0, 0, 0, 0, 0, 0, 0, 0, 0, 0, 0, 0, 0, 0, 0, 0, 0, 0, 0, 0, 0, 0, 0, 0, 0, 0, 20, 20, 143
"/home/morit/Studium/Master/Forschungsprojekt/nextpnr/himbaechel/himbaechel_api.h", "C++", 79, 0, 0, 0, 0, 0, 0, 0, 0, 0, 0, 0, 0, 0, 0, 0, 0, 0, 0, 0, 0, 0, 0, 0, 0, 0, 0, 66, 30, 175
"/home/morit/Studium/Master/Forschungsprojekt/nextpnr/himbaechel/himbaechel_constids.h", "C++", 32, 0, 0, 0, 0, 0, 0, 0, 0, 0, 0, 0, 0, 0, 0, 0, 0, 0, 0, 0, 0, 0, 0, 0, 0, 0, 0, 27, 16, 75
"/home/morit/Studium/Master/Forschungsprojekt/nextpnr/himbaechel/himbaechel_dbgen/bba.py", "Python", 0, 0, 0, 29, 0, 0, 0, 0, 0, 0, 0, 0, 0, 0, 0, 0, 0, 0, 0, 0, 0, 0, 0, 0, 0, 0, 0, 0, 1, 30
"/home/morit/Studium/Master/Forschungsprojekt/nextpnr/himbaechel/himbaechel_dbgen/chip.py", "Python", 0, 0, 0, 830, 0, 0, 0, 0, 0, 0, 0, 0, 0, 0, 0, 0, 0, 0, 0, 0, 0, 0, 0, 0, 0, 0, 0, 56, 85, 971
"/home/morit/Studium/Master/Forschungsprojekt/nextpnr/himbaechel/himbaechel_gfxids.h", "C++", 19, 0, 0, 0, 0, 0, 0, 0, 0, 0, 0, 0, 0, 0, 0, 0, 0, 0, 0, 0, 0, 0, 0, 0, 0, 0, 0, 26, 9, 54
"/home/morit/Studium/Master/Forschungsprojekt/nextpnr/himbaechel/himbaechel_helpers.cc", "C++", 114, 0, 0, 0, 0, 0, 0, 0, 0, 0, 0, 0, 0, 0, 0, 0, 0, 0, 0, 0, 0, 0, 0, 0, 0, 0, 0, 20, 12, 146
"/home/morit/Studium/Master/Forschungsprojekt/nextpnr/himbaechel/himbaechel_helpers.h", "C++", 37, 0, 0, 0, 0, 0, 0, 0, 0, 0, 0, 0, 0, 0, 0, 0, 0, 0, 0, 0, 0, 0, 0, 0, 0, 0, 0, 31, 9, 77
"/home/morit/Studium/Master/Forschungsprojekt/nextpnr/himbaechel/main.cc", "C++", 72, 0, 0, 0, 0, 0, 0, 0, 0, 0, 0, 0, 0, 0, 0, 0, 0, 0, 0, 0, 0, 0, 0, 0, 0, 0, 0, 18, 14, 104
"/home/morit/Studium/Master/Forschungsprojekt/nextpnr/himbaechel/placerTest.v", "Verilog", 0, 0, 0, 0, 28, 0, 0, 0, 0, 0, 0, 0, 0, 0, 0, 0, 0, 0, 0, 0, 0, 0, 0, 0, 0, 0, 0, 3, 4, 35
"/home/morit/Studium/Master/Forschungsprojekt/nextpnr/himbaechel/placerTestBlink.v", "Verilog", 0, 0, 0, 0, 10, 0, 0, 0, 0, 0, 0, 0, 0, 0, 0, 0, 0, 0, 0, 0, 0, 0, 0, 0, 0, 0, 0, 0, 4, 14
"/home/morit/Studium/Master/Forschungsprojekt/nextpnr/himbaechel/placerTestUart.v", "Verilog", 0, 0, 0, 0, 65, 0, 0, 0, 0, 0, 0, 0, 0, 0, 0, 0, 0, 0, 0, 0, 0, 0, 0, 0, 0, 0, 0, 10, 18, 93
"/home/morit/Studium/Master/Forschungsprojekt/nextpnr/himbaechel/uarch/example/CMakeLists.txt", "CMake", 0, 35, 0, 0, 0, 0, 0, 0, 0, 0, 0, 0, 0, 0, 0, 0, 0, 0, 0, 0, 0, 0, 0, 0, 0, 0, 0, 0, 6, 41
"/home/morit/Studium/Master/Forschungsprojekt/nextpnr/himbaechel/uarch/example/blinky.v", "Verilog", 0, 0, 0, 0, 11, 0, 0, 0, 0, 0, 0, 0, 0, 0, 0, 0, 0, 0, 0, 0, 0, 0, 0, 0, 0, 0, 0, 0, 6, 17
"/home/morit/Studium/Master/Forschungsprojekt/nextpnr/himbaechel/uarch/example/example.cc", "C++", 299, 0, 0, 0, 0, 0, 0, 0, 0, 0, 0, 0, 0, 0, 0, 0, 0, 0, 0, 0, 0, 0, 0, 0, 0, 0, 0, 25, 23, 347
"/home/morit/Studium/Master/Forschungsprojekt/nextpnr/himbaechel/uarch/example/example_arch_gen.py", "Python", 0, 0, 0, 212, 0, 0, 0, 0, 0, 0, 0, 0, 0, 0, 0, 0, 0, 0, 0, 0, 0, 0, 0, 0, 0, 0, 0, 36, 20, 268
"/home/morit/Studium/Master/Forschungsprojekt/nextpnr/himbaechel/uarch/gatemate/CMakeLists.txt", "CMake", 0, 72, 0, 0, 0, 0, 0, 0, 0, 0, 0, 0, 0, 0, 0, 0, 0, 0, 0, 0, 0, 0, 0, 0, 0, 0, 0, 0, 8, 80
"/home/morit/Studium/Master/Forschungsprojekt/nextpnr/himbaechel/uarch/gatemate/bitstream.cc", "C++", 458, 0, 0, 0, 0, 0, 0, 0, 0, 0, 0, 0, 0, 0, 0, 0, 0, 0, 0, 0, 0, 0, 0, 0, 0, 0, 0, 23, 48, 529
"/home/morit/Studium/Master/Forschungsprojekt/nextpnr/himbaechel/uarch/gatemate/ccf.cc", "C++", 341, 0, 0, 0, 0, 0, 0, 0, 0, 0, 0, 0, 0, 0, 0, 0, 0, 0, 0, 0, 0, 0, 0, 0, 0, 0, 0, 32, 47, 420
"/home/morit/Studium/Master/Forschungsprojekt/nextpnr/himbaechel/uarch/gatemate/cells.cc", "C++", 121, 0, 0, 0, 0, 0, 0, 0, 0, 0, 0, 0, 0, 0, 0, 0, 0, 0, 0, 0, 0, 0, 0, 0, 0, 0, 0, 20, 11, 152
"/home/morit/Studium/Master/Forschungsprojekt/nextpnr/himbaechel/uarch/gatemate/config.cc", "C++", 94, 0, 0, 0, 0, 0, 0, 0, 0, 0, 0, 0, 0, 0, 0, 0, 0, 0, 0, 0, 0, 0, 0, 0, 0, 0, 0, 18, 12, 124
"/home/morit/Studium/Master/Forschungsprojekt/nextpnr/himbaechel/uarch/gatemate/config.h", "C++", 48, 0, 0, 0, 0, 0, 0, 0, 0, 0, 0, 0, 0, 0, 0, 0, 0, 0, 0, 0, 0, 0, 0, 0, 0, 0, 0, 19, 19, 86
"/home/morit/Studium/Master/Forschungsprojekt/nextpnr/himbaechel/uarch/gatemate/delay.cc", "C++", 486, 0, 0, 0, 0, 0, 0, 0, 0, 0, 0, 0, 0, 0, 0, 0, 0, 0, 0, 0, 0, 0, 0, 0, 0, 0, 0, 19, 22, 527
"/home/morit/Studium/Master/Forschungsprojekt/nextpnr/himbaechel/uarch/gatemate/extra_data.h", "C++", 127, 0, 0, 0, 0, 0, 0, 0, 0, 0, 0, 0, 0, 0, 0, 0, 0, 0, 0, 0, 0, 0, 0, 0, 0, 0, 0, 18, 23, 168
"/home/morit/Studium/Master/Forschungsprojekt/nextpnr/himbaechel/uarch/gatemate/gatemate.cc", "C++", 979, 0, 0, 0, 0, 0, 0, 0, 0, 0, 0, 0, 0, 0, 0, 0, 0, 0, 0, 0, 0, 0, 0, 0, 0, 0, 0, 53, 113, 1145
"/home/morit/Studium/Master/Forschungsprojekt/nextpnr/himbaechel/uarch/gatemate/gatemate.h", "C++", 115, 0, 0, 0, 0, 0, 0, 0, 0, 0, 0, 0, 0, 0, 0, 0, 0, 0, 0, 0, 0, 0, 0, 0, 0, 0, 0, 19, 30, 164
"/home/morit/Studium/Master/Forschungsprojekt/nextpnr/himbaechel/uarch/gatemate/gatemate_util.h", "C++", 56, 0, 0, 0, 0, 0, 0, 0, 0, 0, 0, 0, 0, 0, 0, 0, 0, 0, 0, 0, 0, 0, 0, 0, 0, 0, 0, 18, 13, 87
"/home/morit/Studium/Master/Forschungsprojekt/nextpnr/himbaechel/uarch/gatemate/gen/arch_gen.py", "Python", 0, 0, 0, 316, 0, 0, 0, 0, 0, 0, 0, 0, 0, 0, 0, 0, 0, 0, 0, 0, 0, 0, 0, 0, 0, 0, 0, 23, 44, 383
"/home/morit/Studium/Master/Forschungsprojekt/nextpnr/himbaechel/uarch/gatemate/gfx.cc", "C++", 108, 0, 0, 0, 0, 0, 0, 0, 0, 0, 0, 0, 0, 0, 0, 0, 0, 0, 0, 0, 0, 0, 0, 0, 0, 0, 0, 18, 7, 133
"/home/morit/Studium/Master/Forschungsprojekt/nextpnr/himbaechel/uarch/gatemate/pack.cc", "C++", 576, 0, 0, 0, 0, 0, 0, 0, 0, 0, 0, 0, 0, 0, 0, 0, 0, 0, 0, 0, 0, 0, 0, 0, 0, 0, 0, 45, 55, 676
"/home/morit/Studium/Master/Forschungsprojekt/nextpnr/himbaechel/uarch/gatemate/pack.h", "C++", 101, 0, 0, 0, 0, 0, 0, 0, 0, 0, 0, 0, 0, 0, 0, 0, 0, 0, 0, 0, 0, 0, 0, 0, 0, 0, 0, 19, 20, 140
"/home/morit/Studium/Master/Forschungsprojekt/nextpnr/himbaechel/uarch/gatemate/pack_bram.cc", "C++", 514, 0, 0, 0, 0, 0, 0, 0, 0, 0, 0, 0, 0, 0, 0, 0, 0, 0, 0, 0, 0, 0, 0, 0, 0, 0, 0, 29, 77, 620
"/home/morit/Studium/Master/Forschungsprojekt/nextpnr/himbaechel/uarch/gatemate/pack_clocking.cc", "C++", 868, 0, 0, 0, 0, 0, 0, 0, 0, 0, 0, 0, 0, 0, 0, 0, 0, 0, 0, 0, 0, 0, 0, 0, 0, 0, 0, 66, 88, 1022
"/home/morit/Studium/Master/Forschungsprojekt/nextpnr/himbaechel/uarch/gatemate/pack_cpe.cc", "C++", 817, 0, 0, 0, 0, 0, 0, 0, 0, 0, 0, 0, 0, 0, 0, 0, 0, 0, 0, 0, 0, 0, 0, 0, 0, 0, 0, 74, 73, 964
"/home/morit/Studium/Master/Forschungsprojekt/nextpnr/himbaechel/uarch/gatemate/pack_io.cc", "C++", 572, 0, 0, 0, 0, 0, 0, 0, 0, 0, 0, 0, 0, 0, 0, 0, 0, 0, 0, 0, 0, 0, 0, 0, 0, 0, 0, 38, 52, 662
"/home/morit/Studium/Master/Forschungsprojekt/nextpnr/himbaechel/uarch/gatemate/pack_mult.cc", "C++", 788, 0, 0, 0, 0, 0, 0, 0, 0, 0, 0, 0, 0, 0, 0, 0, 0, 0, 0, 0, 0, 0, 0, 0, 0, 0, 0, 79, 199, 1066
"/home/morit/Studium/Master/Forschungsprojekt/nextpnr/himbaechel/uarch/gatemate/pack_serdes.cc", "C++", 311, 0, 0, 0, 0, 0, 0, 0, 0, 0, 0, 0, 0, 0, 0, 0, 0, 0, 0, 0, 0, 0, 0, 0, 0, 0, 0, 64, 11, 386
"/home/morit/Studium/Master/Forschungsprojekt/nextpnr/himbaechel/uarch/gatemate/pll.cc", "C++", 279, 0, 0, 0, 0, 0, 0, 0, 0, 0, 0, 0, 0, 0, 0, 0, 0, 0, 0, 0, 0, 0, 0, 0, 0, 0, 0, 44, 31, 354
"/home/morit/Studium/Master/Forschungsprojekt/nextpnr/himbaechel/uarch/gatemate/route_clock.cc", "C++", 168, 0, 0, 0, 0, 0, 0, 0, 0, 0, 0, 0, 0, 0, 0, 0, 0, 0, 0, 0, 0, 0, 0, 0, 0, 0, 0, 20, 33, 221
"/home/morit/Studium/Master/Forschungsprojekt/nextpnr/himbaechel/uarch/gatemate/route_mult.cc", "C++", 816, 0, 0, 0, 0, 0, 0, 0, 0, 0, 0, 0, 0, 0, 0, 0, 0, 0, 0, 0, 0, 0, 0, 0, 0, 0, 0, 21, 138, 975
"/home/morit/Studium/Master/Forschungsprojekt/nextpnr/himbaechel/uarch/gatemate/tests/lut.cc", "C++", 73, 0, 0, 0, 0, 0, 0, 0, 0, 0, 0, 0, 0, 0, 0, 0, 0, 0, 0, 0, 0, 0, 0, 0, 0, 0, 0, 30, 25, 128
"/home/morit/Studium/Master/Forschungsprojekt/nextpnr/himbaechel/uarch/gatemate/tests/main.cc", "C++", 10, 0, 0, 0, 0, 0, 0, 0, 0, 0, 0, 0, 0, 0, 0, 0, 0, 0, 0, 0, 0, 0, 0, 0, 0, 0, 0, 19, 4, 33
"/home/morit/Studium/Master/Forschungsprojekt/nextpnr/himbaechel/uarch/gatemate/tests/testing.cc", "C++", 185, 0, 0, 0, 0, 0, 0, 0, 0, 0, 0, 0, 0, 0, 0, 0, 0, 0, 0, 0, 0, 0, 0, 0, 0, 0, 0, 18, 10, 213
"/home/morit/Studium/Master/Forschungsprojekt/nextpnr/himbaechel/uarch/gatemate/tests/testing.h", "C++", 19, 0, 0, 0, 0, 0, 0, 0, 0, 0, 0, 0, 0, 0, 0, 0, 0, 0, 0, 0, 0, 0, 0, 0, 0, 0, 0, 18, 9, 46
"/home/morit/Studium/Master/Forschungsprojekt/nextpnr/himbaechel/uarch/gowin/CMakeLists.txt", "CMake", 0, 54, 0, 0, 0, 0, 0, 0, 0, 0, 0, 0, 0, 0, 0, 0, 0, 0, 0, 0, 0, 0, 0, 0, 0, 0, 0, 0, 7, 61
"/home/morit/Studium/Master/Forschungsprojekt/nextpnr/himbaechel/uarch/gowin/cst.cc", "C++", 312, 0, 0, 0, 0, 0, 0, 0, 0, 0, 0, 0, 0, 0, 0, 0, 0, 0, 0, 0, 0, 0, 0, 0, 0, 0, 0, 12, 29, 353
"/home/morit/Studium/Master/Forschungsprojekt/nextpnr/himbaechel/uarch/gowin/cst.h", "C++", 8, 0, 0, 0, 0, 0, 0, 0, 0, 0, 0, 0, 0, 0, 0, 0, 0, 0, 0, 0, 0, 0, 0, 0, 0, 0, 0, 0, 6, 14
"/home/morit/Studium/Master/Forschungsprojekt/nextpnr/himbaechel/uarch/gowin/globals.cc", "C++", 1098, 0, 0, 0, 0, 0, 0, 0, 0, 0, 0, 0, 0, 0, 0, 0, 0, 0, 0, 0, 0, 0, 0, 0, 0, 0, 0, 171, 117, 1386
"/home/morit/Studium/Master/Forschungsprojekt/nextpnr/himbaechel/uarch/gowin/globals.h", "C++", 7, 0, 0, 0, 0, 0, 0, 0, 0, 0, 0, 0, 0, 0, 0, 0, 0, 0, 0, 0, 0, 0, 0, 0, 0, 0, 0, 0, 6, 13
"/home/morit/Studium/Master/Forschungsprojekt/nextpnr/himbaechel/uarch/gowin/gowin.cc", "C++", 1369, 0, 0, 0, 0, 0, 0, 0, 0, 0, 0, 0, 0, 0, 0, 0, 0, 0, 0, 0, 0, 0, 0, 0, 0, 0, 0, 162, 154, 1685
"/home/morit/Studium/Master/Forschungsprojekt/nextpnr/himbaechel/uarch/gowin/gowin.h", "C++", 279, 0, 0, 0, 0, 0, 0, 0, 0, 0, 0, 0, 0, 0, 0, 0, 0, 0, 0, 0, 0, 0, 0, 0, 0, 0, 0, 30, 61, 370
"/home/morit/Studium/Master/Forschungsprojekt/nextpnr/himbaechel/uarch/gowin/gowin_arch_gen.py", "Python", 0, 0, 0, 1644, 0, 0, 0, 0, 0, 0, 0, 0, 0, 0, 0, 0, 0, 0, 0, 0, 0, 0, 0, 0, 0, 0, 0, 138, 202, 1984
"/home/morit/Studium/Master/Forschungsprojekt/nextpnr/himbaechel/uarch/gowin/gowin_utils.cc", "C++", 704, 0, 0, 0, 0, 0, 0, 0, 0, 0, 0, 0, 0, 0, 0, 0, 0, 0, 0, 0, 0, 0, 0, 0, 0, 0, 0, 31, 85, 820
"/home/morit/Studium/Master/Forschungsprojekt/nextpnr/himbaechel/uarch/gowin/gowin_utils.h", "C++", 182, 0, 0, 0, 0, 0, 0, 0, 0, 0, 0, 0, 0, 0, 0, 0, 0, 0, 0, 0, 0, 0, 0, 0, 0, 0, 0, 33, 43, 258
"/home/morit/Studium/Master/Forschungsprojekt/nextpnr/himbaechel/uarch/gowin/pack.cc", "C++", 487, 0, 0, 0, 0, 0, 0, 0, 0, 0, 0, 0, 0, 0, 0, 0, 0, 0, 0, 0, 0, 0, 0, 0, 0, 0, 0, 80, 85, 652
"/home/morit/Studium/Master/Forschungsprojekt/nextpnr/himbaechel/uarch/gowin/pack.h", "C++", 94, 0, 0, 0, 0, 0, 0, 0, 0, 0, 0, 0, 0, 0, 0, 0, 0, 0, 0, 0, 0, 0, 0, 0, 0, 0, 0, 15, 25, 134
"/home/morit/Studium/Master/Forschungsprojekt/nextpnr/himbaechel/uarch/gowin/pack_bsram.cc", "C++", 540, 0, 0, 0, 0, 0, 0, 0, 0, 0, 0, 0, 0, 0, 0, 0, 0, 0, 0, 0, 0, 0, 0, 0, 0, 0, 0, 62, 99, 701
"/home/morit/Studium/Master/Forschungsprojekt/nextpnr/himbaechel/uarch/gowin/pack_dsp.cc", "C++", 947, 0, 0, 0, 0, 0, 0, 0, 0, 0, 0, 0, 0, 0, 0, 0, 0, 0, 0, 0, 0, 0, 0, 0, 0, 0, 0, 77, 105, 1129
"/home/morit/Studium/Master/Forschungsprojekt/nextpnr/himbaechel/uarch/gowin/pack_io.cc", "C++", 747, 0, 0, 0, 0, 0, 0, 0, 0, 0, 0, 0, 0, 0, 0, 0, 0, 0, 0, 0, 0, 0, 0, 0, 0, 0, 0, 53, 71, 871
"/home/morit/Studium/Master/Forschungsprojekt/nextpnr/himbaechel/uarch/gowin/pack_iologic.cc", "C++", 726, 0, 0, 0, 0, 0, 0, 0, 0, 0, 0, 0, 0, 0, 0, 0, 0, 0, 0, 0, 0, 0, 0, 0, 0, 0, 0, 39, 86, 851
"/home/morit/Studium/Master/Forschungsprojekt/nextpnr/himbaechel/uarch/gowin/pack_luts.cc", "C++", 544, 0, 0, 0, 0, 0, 0, 0, 0, 0, 0, 0, 0, 0, 0, 0, 0, 0, 0, 0, 0, 0, 0, 0, 0, 0, 0, 75, 53, 672
"/home/morit/Studium/Master/Forschungsprojekt/nextpnr/himbaechel/uarch/ng-ultra/CMakeLists.txt", "CMake", 0, 55, 0, 0, 0, 0, 0, 0, 0, 0, 0, 0, 0, 0, 0, 0, 0, 0, 0, 0, 0, 0, 0, 0, 0, 0, 0, 0, 9, 64
"/home/morit/Studium/Master/Forschungsprojekt/nextpnr/himbaechel/uarch/ng-ultra/bitstream.cc", "C++", 626, 0, 0, 0, 0, 0, 0, 0, 0, 0, 0, 0, 0, 0, 0, 0, 0, 0, 0, 0, 0, 0, 0, 0, 0, 0, 0, 23, 55, 704
"/home/morit/Studium/Master/Forschungsprojekt/nextpnr/himbaechel/uarch/ng-ultra/cells.cc", "C++", 60, 0, 0, 0, 0, 0, 0, 0, 0, 0, 0, 0, 0, 0, 0, 0, 0, 0, 0, 0, 0, 0, 0, 0, 0, 0, 0, 18, 7, 85
"/home/morit/Studium/Master/Forschungsprojekt/nextpnr/himbaechel/uarch/ng-ultra/csv.cc", "C++", 248, 0, 0, 0, 0, 0, 0, 0, 0, 0, 0, 0, 0, 0, 0, 0, 0, 0, 0, 0, 0, 0, 0, 0, 0, 0, 0, 23, 32, 303
"/home/morit/Studium/Master/Forschungsprojekt/nextpnr/himbaechel/uarch/ng-ultra/extra_data.h", "C++", 233, 0, 0, 0, 0, 0, 0, 0, 0, 0, 0, 0, 0, 0, 0, 0, 0, 0, 0, 0, 0, 0, 0, 0, 0, 0, 0, 18, 15, 266
"/home/morit/Studium/Master/Forschungsprojekt/nextpnr/himbaechel/uarch/ng-ultra/gen/arch_gen.py", "Python", 0, 0, 0, 609, 0, 0, 0, 0, 0, 0, 0, 0, 0, 0, 0, 0, 0, 0, 0, 0, 0, 0, 0, 0, 0, 0, 0, 42, 76, 727
"/home/morit/Studium/Master/Forschungsprojekt/nextpnr/himbaechel/uarch/ng-ultra/location_map.cc", "C++", 463, 0, 0, 0, 0, 0, 0, 0, 0, 0, 0, 0, 0, 0, 0, 0, 0, 0, 0, 0, 0, 0, 0, 0, 0, 0, 0, 46, 61, 570
"/home/morit/Studium/Master/Forschungsprojekt/nextpnr/himbaechel/uarch/ng-ultra/location_map.h", "C++", 18, 0, 0, 0, 0, 0, 0, 0, 0, 0, 0, 0, 0, 0, 0, 0, 0, 0, 0, 0, 0, 0, 0, 0, 0, 0, 0, 18, 8, 44
"/home/morit/Studium/Master/Forschungsprojekt/nextpnr/himbaechel/uarch/ng-ultra/ng_ultra.cc", "C++", 930, 0, 0, 0, 0, 0, 0, 0, 0, 0, 0, 0, 0, 0, 0, 0, 0, 0, 0, 0, 0, 0, 0, 0, 0, 0, 0, 91, 61, 1082
"/home/morit/Studium/Master/Forschungsprojekt/nextpnr/himbaechel/uarch/ng-ultra/ng_ultra.h", "C++", 79, 0, 0, 0, 0, 0, 0, 0, 0, 0, 0, 0, 0, 0, 0, 0, 0, 0, 0, 0, 0, 0, 0, 0, 0, 0, 0, 22, 27, 128
"/home/morit/Studium/Master/Forschungsprojekt/nextpnr/himbaechel/uarch/ng-ultra/pack.cc", "C++", 2473, 0, 0, 0, 0, 0, 0, 0, 0, 0, 0, 0, 0, 0, 0, 0, 0, 0, 0, 0, 0, 0, 0, 0, 0, 0, 0, 104, 162, 2739
"/home/morit/Studium/Master/Forschungsprojekt/nextpnr/himbaechel/uarch/ng-ultra/pack.h", "C++", 80, 0, 0, 0, 0, 0, 0, 0, 0, 0, 0, 0, 0, 0, 0, 0, 0, 0, 0, 0, 0, 0, 0, 0, 0, 0, 0, 26, 26, 132
"/home/morit/Studium/Master/Forschungsprojekt/nextpnr/himbaechel/uarch/ng-ultra/tests/lut_dff.cc", "C++", 126, 0, 0, 0, 0, 0, 0, 0, 0, 0, 0, 0, 0, 0, 0, 0, 0, 0, 0, 0, 0, 0, 0, 0, 0, 0, 0, 18, 18, 162
"/home/morit/Studium/Master/Forschungsprojekt/nextpnr/himbaechel/uarch/ng-ultra/tests/main.cc", "C++", 10, 0, 0, 0, 0, 0, 0, 0, 0, 0, 0, 0, 0, 0, 0, 0, 0, 0, 0, 0, 0, 0, 0, 0, 0, 0, 0, 19, 4, 33
"/home/morit/Studium/Master/Forschungsprojekt/nextpnr/himbaechel/uarch/xilinx/CMakeLists.txt", "CMake", 0, 71, 0, 0, 0, 0, 0, 0, 0, 0, 0, 0, 0, 0, 0, 0, 0, 0, 0, 0, 0, 0, 0, 0, 0, 0, 0, 0, 7, 78
"/home/morit/Studium/Master/Forschungsprojekt/nextpnr/himbaechel/uarch/xilinx/cells.cc", "C++", 171, 0, 0, 0, 0, 0, 0, 0, 0, 0, 0, 0, 0, 0, 0, 0, 0, 0, 0, 0, 0, 0, 0, 0, 0, 0, 0, 18, 9, 198
"/home/morit/Studium/Master/Forschungsprojekt/nextpnr/himbaechel/uarch/xilinx/examples/arty-a35/arty.xdc", "Xilinx Design Constraints", 0, 0, 0, 0, 0, 0, 0, 0, 0, 38, 0, 0, 0, 0, 0, 0, 0, 0, 0, 0, 0, 0, 0, 0, 0, 0, 0, 8, 7, 53
"/home/morit/Studium/Master/Forschungsprojekt/nextpnr/himbaechel/uarch/xilinx/examples/arty-a35/blinky.sh", "Shell Script", 0, 0, 0, 0, 0, 0, 0, 4, 0, 0, 0, 0, 0, 0, 0, 0, 0, 0, 0, 0, 0, 0, 0, 0, 0, 0, 0, 1, 1, 6
"/home/morit/Studium/Master/Forschungsprojekt/nextpnr/himbaechel/uarch/xilinx/examples/arty-a35/blinky.v", "Verilog", 0, 0, 0, 0, 12, 0, 0, 0, 0, 0, 0, 0, 0, 0, 0, 0, 0, 0, 0, 0, 0, 0, 0, 0, 0, 0, 0, 1, 9, 22
"/home/morit/Studium/Master/Forschungsprojekt/nextpnr/himbaechel/uarch/xilinx/examples/bitgen_xray.sh", "Shell Script", 0, 0, 0, 0, 0, 0, 0, 27, 0, 0, 0, 0, 0, 0, 0, 0, 0, 0, 0, 0, 0, 0, 0, 0, 0, 0, 0, 1, 7, 35
"/home/morit/Studium/Master/Forschungsprojekt/nextpnr/himbaechel/uarch/xilinx/extra_data.h", "C++", 89, 0, 0, 0, 0, 0, 0, 0, 0, 0, 0, 0, 0, 0, 0, 0, 0, 0, 0, 0, 0, 0, 0, 0, 0, 0, 0, 2, 17, 108
"/home/morit/Studium/Master/Forschungsprojekt/nextpnr/himbaechel/uarch/xilinx/fasm.cc", "C++", 1587, 0, 0, 0, 0, 0, 0, 0, 0, 0, 0, 0, 0, 0, 0, 0, 0, 0, 0, 0, 0, 0, 0, 0, 0, 0, 0, 88, 190, 1865
"/home/morit/Studium/Master/Forschungsprojekt/nextpnr/himbaechel/uarch/xilinx/gen/filters.py", "Python", 0, 0, 0, 101, 0, 0, 0, 0, 0, 0, 0, 0, 0, 0, 0, 0, 0, 0, 0, 0, 0, 0, 0, 0, 0, 0, 0, 4, 6, 111
"/home/morit/Studium/Master/Forschungsprojekt/nextpnr/himbaechel/uarch/xilinx/gen/parse_sdf.py", "Python", 0, 0, 0, 120, 0, 0, 0, 0, 0, 0, 0, 0, 0, 0, 0, 0, 0, 0, 0, 0, 0, 0, 0, 0, 0, 0, 0, 4, 22, 146
"/home/morit/Studium/Master/Forschungsprojekt/nextpnr/himbaechel/uarch/xilinx/gen/tileconn.py", "Python", 0, 0, 0, 33, 0, 0, 0, 0, 0, 0, 0, 0, 0, 0, 0, 0, 0, 0, 0, 0, 0, 0, 0, 0, 0, 0, 0, 3, 3, 39
"/home/morit/Studium/Master/Forschungsprojekt/nextpnr/himbaechel/uarch/xilinx/gen/xilinx_device.py", "Python", 0, 0, 0, 501, 0, 0, 0, 0, 0, 0, 0, 0, 0, 0, 0, 0, 0, 0, 0, 0, 0, 0, 0, 0, 0, 0, 0, 10, 34, 545
"/home/morit/Studium/Master/Forschungsprojekt/nextpnr/himbaechel/uarch/xilinx/gen/xilinx_gen.py", "Python", 0, 0, 0, 418, 0, 0, 0, 0, 0, 0, 0, 0, 0, 0, 0, 0, 0, 0, 0, 0, 0, 0, 0, 0, 0, 0, 0, 33, 39, 490
"/home/morit/Studium/Master/Forschungsprojekt/nextpnr/himbaechel/uarch/xilinx/meta/README.md", "Markdown", 0, 0, 3, 0, 0, 0, 0, 0, 0, 0, 0, 0, 0, 0, 0, 0, 0, 0, 0, 0, 0, 0, 0, 0, 0, 0, 0, 0, 2, 5
"/home/morit/Studium/Master/Forschungsprojekt/nextpnr/himbaechel/uarch/xilinx/mmcm_tables.cc", "C++", 115, 0, 0, 0, 0, 0, 0, 0, 0, 0, 0, 0, 0, 0, 0, 0, 0, 0, 0, 0, 0, 0, 0, 0, 0, 0, 0, 20, 10, 145
"/home/morit/Studium/Master/Forschungsprojekt/nextpnr/himbaechel/uarch/xilinx/pack.cc", "C++", 735, 0, 0, 0, 0, 0, 0, 0, 0, 0, 0, 0, 0, 0, 0, 0, 0, 0, 0, 0, 0, 0, 0, 0, 0, 0, 0, 41, 74, 850
"/home/morit/Studium/Master/Forschungsprojekt/nextpnr/himbaechel/uarch/xilinx/pack.h", "C++", 148, 0, 0, 0, 0, 0, 0, 0, 0, 0, 0, 0, 0, 0, 0, 0, 0, 0, 0, 0, 0, 0, 0, 0, 0, 0, 0, 36, 38, 222
"/home/morit/Studium/Master/Forschungsprojekt/nextpnr/himbaechel/uarch/xilinx/pack_carry.cc", "C++", 324, 0, 0, 0, 0, 0, 0, 0, 0, 0, 0, 0, 0, 0, 0, 0, 0, 0, 0, 0, 0, 0, 0, 0, 0, 0, 0, 53, 28, 405
"/home/morit/Studium/Master/Forschungsprojekt/nextpnr/himbaechel/uarch/xilinx/pack_clocking.cc", "C++", 472, 0, 0, 0, 0, 0, 0, 0, 0, 0, 0, 0, 0, 0, 0, 0, 0, 0, 0, 0, 0, 0, 0, 0, 0, 0, 0, 27, 38, 537
"/home/morit/Studium/Master/Forschungsprojekt/nextpnr/himbaechel/uarch/xilinx/pack_dram.cc", "C++", 448, 0, 0, 0, 0, 0, 0, 0, 0, 0, 0, 0, 0, 0, 0, 0, 0, 0, 0, 0, 0, 0, 0, 0, 0, 0, 0, 38, 42, 528
"/home/morit/Studium/Master/Forschungsprojekt/nextpnr/himbaechel/uarch/xilinx/pack_dsp_xc7.cc", "C++", 131, 0, 0, 0, 0, 0, 0, 0, 0, 0, 0, 0, 0, 0, 0, 0, 0, 0, 0, 0, 0, 0, 0, 0, 0, 0, 0, 35, 32, 198
"/home/morit/Studium/Master/Forschungsprojekt/nextpnr/himbaechel/uarch/xilinx/pack_io.cc", "C++", 846, 0, 0, 0, 0, 0, 0, 0, 0, 0, 0, 0, 0, 0, 0, 0, 0, 0, 0, 0, 0, 0, 0, 0, 0, 0, 0, 42, 113, 1001
"/home/morit/Studium/Master/Forschungsprojekt/nextpnr/himbaechel/uarch/xilinx/pins.cc", "C++", 385, 0, 0, 0, 0, 0, 0, 0, 0, 0, 0, 0, 0, 0, 0, 0, 0, 0, 0, 0, 0, 0, 0, 0, 0, 0, 0, 52, 44, 481
"/home/morit/Studium/Master/Forschungsprojekt/nextpnr/himbaechel/uarch/xilinx/pins.h", "C++", 10, 0, 0, 0, 0, 0, 0, 0, 0, 0, 0, 0, 0, 0, 0, 0, 0, 0, 0, 0, 0, 0, 0, 0, 0, 0, 0, 18, 6, 34
"/home/morit/Studium/Master/Forschungsprojekt/nextpnr/himbaechel/uarch/xilinx/xdc.cc", "C++", 233, 0, 0, 0, 0, 0, 0, 0, 0, 0, 0, 0, 0, 0, 0, 0, 0, 0, 0, 0, 0, 0, 0, 0, 0, 0, 0, 23, 15, 271
"/home/morit/Studium/Master/Forschungsprojekt/nextpnr/himbaechel/uarch/xilinx/xilinx.cc", "C++", 706, 0, 0, 0, 0, 0, 0, 0, 0, 0, 0, 0, 0, 0, 0, 0, 0, 0, 0, 0, 0, 0, 0, 0, 0, 0, 0, 37, 73, 816
"/home/morit/Studium/Master/Forschungsprojekt/nextpnr/himbaechel/uarch/xilinx/xilinx.h", "C++", 137, 0, 0, 0, 0, 0, 0, 0, 0, 0, 0, 0, 0, 0, 0, 0, 0, 0, 0, 0, 0, 0, 0, 0, 0, 0, 0, 25, 32, 194
"/home/morit/Studium/Master/Forschungsprojekt/nextpnr/himbaechel/uarch/xilinx/xilinx_place.cc", "C++", 558, 0, 0, 0, 0, 0, 0, 0, 0, 0, 0, 0, 0, 0, 0, 0, 0, 0, 0, 0, 0, 0, 0, 0, 0, 0, 0, 52, 31, 641
"/home/morit/Studium/Master/Forschungsprojekt/nextpnr/ice40/CMakeLists.txt", "CMake", 0, 83, 0, 0, 0, 0, 0, 0, 0, 0, 0, 0, 0, 0, 0, 0, 0, 0, 0, 0, 0, 0, 0, 0, 0, 0, 0, 0, 9, 92
"/home/morit/Studium/Master/Forschungsprojekt/nextpnr/ice40/arch.cc", "C++", 1126, 0, 0, 0, 0, 0, 0, 0, 0, 0, 0, 0, 0, 0, 0, 0, 0, 0, 0, 0, 0, 0, 0, 0, 0, 0, 0, 43, 162, 1331
"/home/morit/Studium/Master/Forschungsprojekt/nextpnr/ice40/arch.h", "C++", 665, 0, 0, 0, 0, 0, 0, 0, 0, 0, 0, 0, 0, 0, 0, 0, 0, 0, 0, 0, 0, 0, 0, 0, 0, 0, 0, 58, 163, 886
"/home/morit/Studium/Master/Forschungsprojekt/nextpnr/ice40/arch_place.cc", "C++", 156, 0, 0, 0, 0, 0, 0, 0, 0, 0, 0, 0, 0, 0, 0, 0, 0, 0, 0, 0, 0, 0, 0, 0, 0, 0, 0, 36, 25, 217
"/home/morit/Studium/Master/Forschungsprojekt/nextpnr/ice40/arch_pybindings.cc", "C++", 65, 0, 0, 0, 0, 0, 0, 0, 0, 0, 0, 0, 0, 0, 0, 0, 0, 0, 0, 0, 0, 0, 0, 0, 0, 0, 0, 19, 22, 106
"/home/morit/Studium/Master/Forschungsprojekt/nextpnr/ice40/arch_pybindings.h", "C++", 64, 0, 0, 0, 0, 0, 0, 0, 0, 0, 0, 0, 0, 0, 0, 0, 0, 0, 0, 0, 0, 0, 0, 0, 0, 0, 0, 19, 16, 99
"/home/morit/Studium/Master/Forschungsprojekt/nextpnr/ice40/archdefs.h", "C++", 122, 0, 0, 0, 0, 0, 0, 0, 0, 0, 0, 0, 0, 0, 0, 0, 0, 0, 0, 0, 0, 0, 0, 0, 0, 0, 0, 21, 25, 168
"/home/morit/Studium/Master/Forschungsprojekt/nextpnr/ice40/benchmark/hx8kdemo.v", "Verilog", 0, 0, 0, 0, 117, 0, 0, 0, 0, 0, 0, 0, 0, 0, 0, 0, 0, 0, 0, 0, 0, 0, 0, 0, 0, 0, 0, 0, 23, 140
"/home/morit/Studium/Master/Forschungsprojekt/nextpnr/ice40/benchmark/picorv32.v", "Verilog", 0, 0, 0, 0, 2639, 0, 0, 0, 0, 0, 0, 0, 0, 0, 0, 0, 0, 0, 0, 0, 0, 0, 0, 0, 0, 0, 0, 42, 297, 2978
"/home/morit/Studium/Master/Forschungsprojekt/nextpnr/ice40/benchmark/picosoc.v", "Verilog", 0, 0, 0, 0, 198, 0, 0, 0, 0, 0, 0, 0, 0, 0, 0, 0, 0, 0, 0, 0, 0, 0, 0, 0, 0, 0, 0, 2, 42, 242
"/home/morit/Studium/Master/Forschungsprojekt/nextpnr/ice40/benchmark/report.ipynb", "JSON", 0, 0, 0, 0, 0, 0, 0, 0, 0, 0, 0, 0, 0, 91, 0, 0, 0, 0, 0, 0, 0, 0, 0, 0, 0, 0, 0, 0, 1, 92
"/home/morit/Studium/Master/Forschungsprojekt/nextpnr/ice40/benchmark/simpleuart.v", "Verilog", 0, 0, 0, 0, 125, 0, 0, 0, 0, 0, 0, 0, 0, 0, 0, 0, 0, 0, 0, 0, 0, 0, 0, 0, 0, 0, 0, 0, 13, 138
"/home/morit/Studium/Master/Forschungsprojekt/nextpnr/ice40/benchmark/spimemio.v", "Verilog", 0, 0, 0, 0, 516, 0, 0, 0, 0, 0, 0, 0, 0, 0, 0, 0, 0, 0, 0, 0, 0, 0, 0, 0, 0, 0, 0, 0, 64, 580
"/home/morit/Studium/Master/Forschungsprojekt/nextpnr/ice40/bitstream.cc", "C++", 1035, 0, 0, 0, 0, 0, 0, 0, 0, 0, 0, 0, 0, 0, 0, 0, 0, 0, 0, 0, 0, 0, 0, 0, 0, 0, 0, 69, 72, 1176
"/home/morit/Studium/Master/Forschungsprojekt/nextpnr/ice40/bitstream.h", "C++", 9, 0, 0, 0, 0, 0, 0, 0, 0, 0, 0, 0, 0, 0, 0, 0, 0, 0, 0, 0, 0, 0, 0, 0, 0, 0, 0, 19, 7, 35
"/home/morit/Studium/Master/Forschungsprojekt/nextpnr/ice40/carry_tests/counter.v", "Verilog", 0, 0, 0, 0, 6, 0, 0, 0, 0, 0, 0, 0, 0, 0, 0, 0, 0, 0, 0, 0, 0, 0, 0, 0, 0, 0, 0, 0, 4, 10
"/home/morit/Studium/Master/Forschungsprojekt/nextpnr/ice40/carry_tests/counter_tb.v", "Verilog", 0, 0, 0, 0, 20, 0, 0, 0, 0, 0, 0, 0, 0, 0, 0, 0, 0, 0, 0, 0, 0, 0, 0, 0, 0, 0, 0, 0, 4, 24
"/home/morit/Studium/Master/Forschungsprojekt/nextpnr/ice40/carry_tests/test.sh", "Shell Script", 0, 0, 0, 0, 0, 0, 0, 7, 0, 0, 0, 0, 0, 0, 0, 0, 0, 0, 0, 0, 0, 0, 0, 0, 0, 0, 0, 1, 2, 10
"/home/morit/Studium/Master/Forschungsprojekt/nextpnr/ice40/cells.cc", "C++", 470, 0, 0, 0, 0, 0, 0, 0, 0, 0, 0, 0, 0, 0, 0, 0, 0, 0, 0, 0, 0, 0, 0, 0, 0, 0, 0, 28, 63, 561
"/home/morit/Studium/Master/Forschungsprojekt/nextpnr/ice40/cells.h", "C++", 58, 0, 0, 0, 0, 0, 0, 0, 0, 0, 0, 0, 0, 0, 0, 0, 0, 0, 0, 0, 0, 0, 0, 0, 0, 0, 0, 38, 35, 131
"/home/morit/Studium/Master/Forschungsprojekt/nextpnr/ice40/chains.cc", "C++", 227, 0, 0, 0, 0, 0, 0, 0, 0, 0, 0, 0, 0, 0, 0, 0, 0, 0, 0, 0, 0, 0, 0, 0, 0, 0, 0, 36, 23, 286
"/home/morit/Studium/Master/Forschungsprojekt/nextpnr/ice40/chains.h", "C++", 4, 0, 0, 0, 0, 0, 0, 0, 0, 0, 0, 0, 0, 0, 0, 0, 0, 0, 0, 0, 0, 0, 0, 0, 0, 0, 0, 19, 5, 28
"/home/morit/Studium/Master/Forschungsprojekt/nextpnr/ice40/chipdb.py", "Python", 0, 0, 0, 1230, 0, 0, 0, 0, 0, 0, 0, 0, 0, 0, 0, 0, 0, 0, 0, 0, 0, 0, 0, 0, 0, 0, 0, 16, 251, 1497
"/home/morit/Studium/Master/Forschungsprojekt/nextpnr/ice40/delay.cc", "C++", 162, 0, 0, 0, 0, 0, 0, 0, 0, 0, 0, 0, 0, 0, 0, 0, 0, 0, 0, 0, 0, 0, 0, 0, 0, 0, 0, 22, 57, 241
"/home/morit/Studium/Master/Forschungsprojekt/nextpnr/ice40/examples/blinky/blinky.proj", "XML", 0, 0, 0, 0, 0, 0, 0, 0, 0, 0, 0, 0, 0, 0, 15, 0, 0, 0, 0, 0, 0, 0, 0, 0, 0, 0, 0, 0, 1, 16
"/home/morit/Studium/Master/Forschungsprojekt/nextpnr/ice40/examples/blinky/blinky.sh", "Shell Script", 0, 0, 0, 0, 0, 0, 0, 7, 0, 0, 0, 0, 0, 0, 0, 0, 0, 0, 0, 0, 0, 0, 0, 0, 0, 0, 0, 1, 1, 9
"/home/morit/Studium/Master/Forschungsprojekt/nextpnr/ice40/examples/blinky/blinky.v", "Verilog", 0, 0, 0, 0, 22, 0, 0, 0, 0, 0, 0, 0, 0, 0, 0, 0, 0, 0, 0, 0, 0, 0, 0, 0, 0, 0, 0, 0, 6, 28
"/home/morit/Studium/Master/Forschungsprojekt/nextpnr/ice40/examples/blinky/blinky_tb.v", "Verilog", 0, 0, 0, 0, 20, 0, 0, 0, 0, 0, 0, 0, 0, 0, 0, 0, 0, 0, 0, 0, 0, 0, 0, 0, 0, 0, 0, 2, 4, 26
"/home/morit/Studium/Master/Forschungsprojekt/nextpnr/ice40/examples/floorplan/floorplan.py", "Python", 0, 0, 0, 5, 0, 0, 0, 0, 0, 0, 0, 0, 0, 0, 0, 0, 0, 0, 0, 0, 0, 0, 0, 0, 0, 0, 0, 0, 1, 6
"/home/morit/Studium/Master/Forschungsprojekt/nextpnr/ice40/examples/floorplan/floorplan.sh", "Shell Script", 0, 0, 0, 0, 0, 0, 0, 5, 0, 0, 0, 0, 0, 0, 0, 0, 0, 0, 0, 0, 0, 0, 0, 0, 0, 0, 0, 1, 1, 7
"/home/morit/Studium/Master/Forschungsprojekt/nextpnr/ice40/examples/floorplan/floorplan.v", "Verilog", 0, 0, 0, 0, 17, 0, 0, 0, 0, 0, 0, 0, 0, 0, 0, 0, 0, 0, 0, 0, 0, 0, 0, 0, 0, 0, 0, 0, 6, 23
"/home/morit/Studium/Master/Forschungsprojekt/nextpnr/ice40/gfx.cc", "C++", 816, 0, 0, 0, 0, 0, 0, 0, 0, 0, 0, 0, 0, 0, 0, 0, 0, 0, 0, 0, 0, 0, 0, 0, 0, 0, 0, 51, 198, 1065
"/home/morit/Studium/Master/Forschungsprojekt/nextpnr/ice40/gfx.h", "C++", 640, 0, 0, 0, 0, 0, 0, 0, 0, 0, 0, 0, 0, 0, 0, 0, 0, 0, 0, 0, 0, 0, 0, 0, 0, 0, 0, 18, 66, 724
"/home/morit/Studium/Master/Forschungsprojekt/nextpnr/ice40/icebreaker.v", "Verilog", 0, 0, 0, 0, 27, 0, 0, 0, 0, 0, 0, 0, 0, 0, 0, 0, 0, 0, 0, 0, 0, 0, 0, 0, 0, 0, 0, 0, 5, 32
"/home/morit/Studium/Master/Forschungsprojekt/nextpnr/ice40/main.cc", "C++", 232, 0, 0, 0, 0, 0, 0, 0, 0, 0, 0, 0, 0, 0, 0, 0, 0, 0, 0, 0, 0, 0, 0, 0, 0, 0, 0, 19, 30, 281
"/home/morit/Studium/Master/Forschungsprojekt/nextpnr/ice40/pack.cc", "C++", 1458, 0, 0, 0, 0, 0, 0, 0, 0, 0, 0, 0, 0, 0, 0, 0, 0, 0, 0, 0, 0, 0, 0, 0, 0, 0, 0, 148, 146, 1752
"/home/morit/Studium/Master/Forschungsprojekt/nextpnr/ice40/pack_tests/ffmodes.v", "Verilog", 0, 0, 0, 0, 33, 0, 0, 0, 0, 0, 0, 0, 0, 0, 0, 0, 0, 0, 0, 0, 0, 0, 0, 0, 0, 0, 0, 0, 11, 44
"/home/morit/Studium/Master/Forschungsprojekt/nextpnr/ice40/pack_tests/locals.v", "Verilog", 0, 0, 0, 0, 22, 0, 0, 0, 0, 0, 0, 0, 0, 0, 0, 0, 0, 0, 0, 0, 0, 0, 0, 0, 0, 0, 0, 0, 6, 28
"/home/morit/Studium/Master/Forschungsprojekt/nextpnr/ice40/pack_tests/place_constr.v", "Verilog", 0, 0, 0, 0, 42, 0, 0, 0, 0, 0, 0, 0, 0, 0, 0, 0, 0, 0, 0, 0, 0, 0, 0, 0, 0, 0, 0, 0, 13, 55
"/home/morit/Studium/Master/Forschungsprojekt/nextpnr/ice40/pack_tests/test.sh", "Shell Script", 0, 0, 0, 0, 0, 0, 0, 14, 0, 0, 0, 0, 0, 0, 0, 0, 0, 0, 0, 0, 0, 0, 0, 0, 0, 0, 0, 1, 2, 17
"/home/morit/Studium/Master/Forschungsprojekt/nextpnr/ice40/pcf.cc", "C++", 106, 0, 0, 0, 0, 0, 0, 0, 0, 0, 0, 0, 0, 0, 0, 0, 0, 0, 0, 0, 0, 0, 0, 0, 0, 0, 0, 21, 7, 134
"/home/morit/Studium/Master/Forschungsprojekt/nextpnr/ice40/pcf.h", "C++", 8, 0, 0, 0, 0, 0, 0, 0, 0, 0, 0, 0, 0, 0, 0, 0, 0, 0, 0, 0, 0, 0, 0, 0, 0, 0, 0, 20, 7, 35
"/home/morit/Studium/Master/Forschungsprojekt/nextpnr/ice40/picorv32.proj", "XML", 0, 0, 0, 0, 0, 0, 0, 0, 0, 0, 0, 0, 0, 0, 15, 0, 0, 0, 0, 0, 0, 0, 0, 0, 0, 0, 0, 0, 1, 16
"/home/morit/Studium/Master/Forschungsprojekt/nextpnr/ice40/picorv32.sh", "Shell Script", 0, 0, 0, 0, 0, 0, 0, 6, 0, 0, 0, 0, 0, 0, 0, 0, 0, 0, 0, 0, 0, 0, 0, 0, 0, 0, 0, 1, 1, 8
"/home/morit/Studium/Master/Forschungsprojekt/nextpnr/ice40/picorv32_benchmark.py", "Python", 0, 0, 0, 32, 0, 0, 0, 0, 0, 0, 0, 0, 0, 0, 0, 0, 0, 0, 0, 0, 0, 0, 0, 0, 0, 0, 0, 1, 10, 43
"/home/morit/Studium/Master/Forschungsprojekt/nextpnr/ice40/picorv32_top.v", "Verilog", 0, 0, 0, 0, 29, 0, 0, 0, 0, 0, 0, 0, 0, 0, 0, 0, 0, 0, 0, 0, 0, 0, 0, 0, 0, 0, 0, 0, 3, 32
"/home/morit/Studium/Master/Forschungsprojekt/nextpnr/ice40/smoketest/attosoc/attosoc.v", "Verilog", 0, 0, 0, 0, 101, 0, 0, 0, 0, 0, 0, 0, 0, 0, 0, 0, 0, 0, 0, 0, 0, 0, 0, 0, 0, 0, 0, 2, 25, 128
"/home/morit/Studium/Master/Forschungsprojekt/nextpnr/ice40/smoketest/attosoc/attosoc_tb.v", "Verilog", 0, 0, 0, 0, 26, 0, 0, 0, 0, 0, 0, 0, 0, 0, 0, 0, 0, 0, 0, 0, 0, 0, 0, 0, 0, 0, 0, 0, 7, 33
"/home/morit/Studium/Master/Forschungsprojekt/nextpnr/ice40/smoketest/attosoc/picorv32.v", "Verilog", 0, 0, 0, 0, 2641, 0, 0, 0, 0, 0, 0, 0, 0, 0, 0, 0, 0, 0, 0, 0, 0, 0, 0, 0, 0, 0, 0, 42, 297, 2980
"/home/morit/Studium/Master/Forschungsprojekt/nextpnr/ice40/smoketest/attosoc/smoketest.sh", "Shell Script", 0, 0, 0, 0, 0, 0, 0, 8, 0, 0, 0, 0, 0, 0, 0, 0, 0, 0, 0, 0, 0, 0, 0, 0, 0, 0, 0, 1, 1, 10
"/home/morit/Studium/Master/Forschungsprojekt/nextpnr/ice40/tests/hx1k.cc", "C++", 77, 0, 0, 0, 0, 0, 0, 0, 0, 0, 0, 0, 0, 0, 0, 0, 0, 0, 0, 0, 0, 0, 0, 0, 0, 0, 0, 19, 11, 107
"/home/morit/Studium/Master/Forschungsprojekt/nextpnr/ice40/tests/hx8k.cc", "C++", 77, 0, 0, 0, 0, 0, 0, 0, 0, 0, 0, 0, 0, 0, 0, 0, 0, 0, 0, 0, 0, 0, 0, 0, 0, 0, 0, 19, 11, 107
"/home/morit/Studium/Master/Forschungsprojekt/nextpnr/ice40/tests/lp1k.cc", "C++", 77, 0, 0, 0, 0, 0, 0, 0, 0, 0, 0, 0, 0, 0, 0, 0, 0, 0, 0, 0, 0, 0, 0, 0, 0, 0, 0, 19, 11, 107
"/home/morit/Studium/Master/Forschungsprojekt/nextpnr/ice40/tests/lp384.cc", "C++", 77, 0, 0, 0, 0, 0, 0, 0, 0, 0, 0, 0, 0, 0, 0, 0, 0, 0, 0, 0, 0, 0, 0, 0, 0, 0, 0, 19, 11, 107
"/home/morit/Studium/Master/Forschungsprojekt/nextpnr/ice40/tests/lp8k.cc", "C++", 77, 0, 0, 0, 0, 0, 0, 0, 0, 0, 0, 0, 0, 0, 0, 0, 0, 0, 0, 0, 0, 0, 0, 0, 0, 0, 0, 19, 11, 107
"/home/morit/Studium/Master/Forschungsprojekt/nextpnr/ice40/tests/main.cc", "C++", 7, 0, 0, 0, 0, 0, 0, 0, 0, 0, 0, 0, 0, 0, 0, 0, 0, 0, 0, 0, 0, 0, 0, 0, 0, 0, 0, 18, 3, 28
"/home/morit/Studium/Master/Forschungsprojekt/nextpnr/ice40/tests/up5k.cc", "C++", 77, 0, 0, 0, 0, 0, 0, 0, 0, 0, 0, 0, 0, 0, 0, 0, 0, 0, 0, 0, 0, 0, 0, 0, 0, 0, 0, 19, 11, 107
"/home/morit/Studium/Master/Forschungsprojekt/nextpnr/ice40/tmfuzz.py", "Python", 0, 0, 0, 264, 0, 0, 0, 0, 0, 0, 0, 0, 0, 0, 0, 0, 0, 0, 0, 0, 0, 0, 0, 0, 0, 0, 0, 17, 77, 358
"/home/morit/Studium/Master/Forschungsprojekt/nextpnr/json/CMakeLists.txt", "CMake", 0, 6, 0, 0, 0, 0, 0, 0, 0, 0, 0, 0, 0, 0, 0, 0, 0, 0, 0, 0, 0, 0, 0, 0, 0, 0, 0, 0, 3, 9
"/home/morit/Studium/Master/Forschungsprojekt/nextpnr/json/jsonwrite.cc", "C++", 207, 0, 0, 0, 0, 0, 0, 0, 0, 0, 0, 0, 0, 0, 0, 0, 0, 0, 0, 0, 0, 0, 0, 0, 0, 0, 0, 19, 23, 249
"/home/morit/Studium/Master/Forschungsprojekt/nextpnr/json/jsonwrite.h", "C++", 9, 0, 0, 0, 0, 0, 0, 0, 0, 0, 0, 0, 0, 0, 0, 0, 0, 0, 0, 0, 0, 0, 0, 0, 0, 0, 0, 18, 7, 34
"/home/morit/Studium/Master/Forschungsprojekt/nextpnr/machxo2/CMakeLists.txt", "CMake", 0, 70, 0, 0, 0, 0, 0, 0, 0, 0, 0, 0, 0, 0, 0, 0, 0, 0, 0, 0, 0, 0, 0, 0, 0, 0, 0, 0, 8, 78
"/home/morit/Studium/Master/Forschungsprojekt/nextpnr/machxo2/README.md", "Markdown", 0, 0, 80, 0, 0, 0, 0, 0, 0, 0, 0, 0, 0, 0, 0, 0, 0, 0, 0, 0, 0, 0, 0, 0, 0, 0, 0, 0, 26, 106
"/home/morit/Studium/Master/Forschungsprojekt/nextpnr/machxo2/arch.cc", "C++", 859, 0, 0, 0, 0, 0, 0, 0, 0, 0, 0, 0, 0, 0, 0, 0, 0, 0, 0, 0, 0, 0, 0, 0, 0, 0, 0, 34, 84, 977
"/home/morit/Studium/Master/Forschungsprojekt/nextpnr/machxo2/arch.h", "C++", 843, 0, 0, 0, 0, 0, 0, 0, 0, 0, 0, 0, 0, 0, 0, 0, 0, 0, 0, 0, 0, 0, 0, 0, 0, 0, 0, 69, 159, 1071
"/home/morit/Studium/Master/Forschungsprojekt/nextpnr/machxo2/arch_place.cc", "C++", 186, 0, 0, 0, 0, 0, 0, 0, 0, 0, 0, 0, 0, 0, 0, 0, 0, 0, 0, 0, 0, 0, 0, 0, 0, 0, 0, 26, 14, 226
"/home/morit/Studium/Master/Forschungsprojekt/nextpnr/machxo2/arch_pybindings.cc", "C++", 43, 0, 0, 0, 0, 0, 0, 0, 0, 0, 0, 0, 0, 0, 0, 0, 0, 0, 0, 0, 0, 0, 0, 0, 0, 0, 0, 19, 18, 80
"/home/morit/Studium/Master/Forschungsprojekt/nextpnr/machxo2/arch_pybindings.h", "C++", 64, 0, 0, 0, 0, 0, 0, 0, 0, 0, 0, 0, 0, 0, 0, 0, 0, 0, 0, 0, 0, 0, 0, 0, 0, 0, 0, 19, 16, 99
"/home/morit/Studium/Master/Forschungsprojekt/nextpnr/machxo2/archdefs.h", "C++", 163, 0, 0, 0, 0, 0, 0, 0, 0, 0, 0, 0, 0, 0, 0, 0, 0, 0, 0, 0, 0, 0, 0, 0, 0, 0, 0, 25, 30, 218
"/home/morit/Studium/Master/Forschungsprojekt/nextpnr/machxo2/baseconfigs.cc", "C++", 235, 0, 0, 0, 0, 0, 0, 0, 0, 0, 0, 0, 0, 0, 0, 0, 0, 0, 0, 0, 0, 0, 0, 0, 0, 0, 0, 0, 37, 272
"/home/morit/Studium/Master/Forschungsprojekt/nextpnr/machxo2/bitstream.cc", "C++", 681, 0, 0, 0, 0, 0, 0, 0, 0, 0, 0, 0, 0, 0, 0, 0, 0, 0, 0, 0, 0, 0, 0, 0, 0, 0, 0, 50, 75, 806
"/home/morit/Studium/Master/Forschungsprojekt/nextpnr/machxo2/bitstream.h", "C++", 7, 0, 0, 0, 0, 0, 0, 0, 0, 0, 0, 0, 0, 0, 0, 0, 0, 0, 0, 0, 0, 0, 0, 0, 0, 0, 0, 19, 7, 33
"/home/morit/Studium/Master/Forschungsprojekt/nextpnr/machxo2/cells.cc", "C++", 244, 0, 0, 0, 0, 0, 0, 0, 0, 0, 0, 0, 0, 0, 0, 0, 0, 0, 0, 0, 0, 0, 0, 0, 0, 0, 0, 23, 49, 316
"/home/morit/Studium/Master/Forschungsprojekt/nextpnr/machxo2/cells.h", "C++", 20, 0, 0, 0, 0, 0, 0, 0, 0, 0, 0, 0, 0, 0, 0, 0, 0, 0, 0, 0, 0, 0, 0, 0, 0, 0, 0, 24, 16, 60
"/home/morit/Studium/Master/Forschungsprojekt/nextpnr/machxo2/config.cc", "C++", 303, 0, 0, 0, 0, 0, 0, 0, 0, 0, 0, 0, 0, 0, 0, 0, 0, 0, 0, 0, 0, 0, 0, 0, 0, 0, 0, 26, 34, 363
"/home/morit/Studium/Master/Forschungsprojekt/nextpnr/machxo2/config.h", "C++", 73, 0, 0, 0, 0, 0, 0, 0, 0, 0, 0, 0, 0, 0, 0, 0, 0, 0, 0, 0, 0, 0, 0, 0, 0, 0, 0, 28, 29, 130
"/home/morit/Studium/Master/Forschungsprojekt/nextpnr/machxo2/examples/README.md", "Markdown", 0, 0, 94, 0, 0, 0, 0, 0, 0, 0, 0, 0, 0, 0, 0, 0, 0, 0, 0, 0, 0, 0, 0, 0, 0, 0, 0, 0, 18, 112
"/home/morit/Studium/Master/Forschungsprojekt/nextpnr/machxo2/examples/blinky.v", "Verilog", 0, 0, 0, 0, 9, 0, 0, 0, 0, 0, 0, 0, 0, 0, 0, 0, 0, 0, 0, 0, 0, 0, 0, 0, 0, 0, 0, 5, 4, 18
"/home/morit/Studium/Master/Forschungsprojekt/nextpnr/machxo2/examples/blinky_ext.v", "Verilog", 0, 0, 0, 0, 12, 0, 0, 0, 0, 0, 0, 0, 0, 0, 0, 0, 0, 0, 0, 0, 0, 0, 0, 0, 0, 0, 0, 3, 5, 20
"/home/morit/Studium/Master/Forschungsprojekt/nextpnr/machxo2/examples/blinky_tb.v", "Verilog", 0, 0, 0, 0, 34, 0, 0, 0, 0, 0, 0, 0, 0, 0, 0, 0, 0, 0, 0, 0, 0, 0, 0, 0, 0, 0, 0, 0, 5, 39
"/home/morit/Studium/Master/Forschungsprojekt/nextpnr/machxo2/examples/demo-vhdl.sh", "Shell Script", 0, 0, 0, 0, 0, 0, 0, 18, 0, 0, 0, 0, 0, 0, 0, 0, 0, 0, 0, 0, 0, 0, 0, 0, 0, 0, 0, 1, 6, 25
"/home/morit/Studium/Master/Forschungsprojekt/nextpnr/machxo2/examples/demo.sh", "Shell Script", 0, 0, 0, 0, 0, 0, 0, 16, 0, 0, 0, 0, 0, 0, 0, 0, 0, 0, 0, 0, 0, 0, 0, 0, 0, 0, 0, 1, 6, 23
"/home/morit/Studium/Master/Forschungsprojekt/nextpnr/machxo2/examples/mitertest.sh", "Shell Script", 0, 0, 0, 0, 0, 0, 0, 73, 0, 0, 0, 0, 0, 0, 0, 0, 0, 0, 0, 0, 0, 0, 0, 0, 0, 0, 0, 1, 13, 87
"/home/morit/Studium/Master/Forschungsprojekt/nextpnr/machxo2/examples/prims.vhd", "VHDL", 0, 0, 0, 0, 0, 0, 0, 0, 0, 0, 0, 0, 14, 0, 0, 0, 0, 0, 0, 0, 0, 0, 0, 0, 0, 0, 0, 1, 4, 19
"/home/morit/Studium/Master/Forschungsprojekt/nextpnr/machxo2/examples/rgbcount.v", "Verilog", 0, 0, 0, 0, 23, 0, 0, 0, 0, 0, 0, 0, 0, 0, 0, 0, 0, 0, 0, 0, 0, 0, 0, 0, 0, 0, 0, 4, 7, 34
"/home/morit/Studium/Master/Forschungsprojekt/nextpnr/machxo2/examples/simple.sh", "Shell Script", 0, 0, 0, 0, 0, 0, 0, 29, 0, 0, 0, 0, 0, 0, 0, 0, 0, 0, 0, 0, 0, 0, 0, 0, 0, 0, 0, 1, 5, 35
"/home/morit/Studium/Master/Forschungsprojekt/nextpnr/machxo2/examples/simtest.sh", "Shell Script", 0, 0, 0, 0, 0, 0, 0, 33, 0, 0, 0, 0, 0, 0, 0, 0, 0, 0, 0, 0, 0, 0, 0, 0, 0, 0, 0, 1, 6, 40
"/home/morit/Studium/Master/Forschungsprojekt/nextpnr/machxo2/examples/tinyfpga.v", "Verilog", 0, 0, 0, 0, 17, 0, 0, 0, 0, 0, 0, 0, 0, 0, 0, 0, 0, 0, 0, 0, 0, 0, 0, 0, 0, 0, 0, 4, 8, 29
"/home/morit/Studium/Master/Forschungsprojekt/nextpnr/machxo2/examples/tinyfpga.vhd", "VHDL", 0, 0, 0, 0, 0, 0, 0, 0, 0, 0, 0, 0, 30, 0, 0, 0, 0, 0, 0, 0, 0, 0, 0, 0, 0, 0, 0, 0, 9, 39
"/home/morit/Studium/Master/Forschungsprojekt/nextpnr/machxo2/examples/uart.v", "Verilog", 0, 0, 0, 0, 194, 0, 0, 0, 0, 0, 0, 0, 0, 0, 0, 0, 0, 0, 0, 0, 0, 0, 0, 0, 0, 0, 0, 6, 10, 210
"/home/morit/Studium/Master/Forschungsprojekt/nextpnr/machxo2/facade_import.py", "Python", 0, 0, 0, 585, 0, 0, 0, 0, 0, 0, 0, 0, 0, 0, 0, 0, 0, 0, 0, 0, 0, 0, 0, 0, 0, 0, 0, 22, 89, 696
"/home/morit/Studium/Master/Forschungsprojekt/nextpnr/machxo2/gfx.cc", "C++", 63, 0, 0, 0, 0, 0, 0, 0, 0, 0, 0, 0, 0, 0, 0, 0, 0, 0, 0, 0, 0, 0, 0, 0, 0, 0, 0, 25, 9, 97
"/home/morit/Studium/Master/Forschungsprojekt/nextpnr/machxo2/gfx.h", "C++", 17, 0, 0, 0, 0, 0, 0, 0, 0, 0, 0, 0, 0, 0, 0, 0, 0, 0, 0, 0, 0, 0, 0, 0, 0, 0, 0, 18, 8, 43
"/home/morit/Studium/Master/Forschungsprojekt/nextpnr/machxo2/globals.cc", "C++", 121, 0, 0, 0, 0, 0, 0, 0, 0, 0, 0, 0, 0, 0, 0, 0, 0, 0, 0, 0, 0, 0, 0, 0, 0, 0, 0, 36, 22, 179
"/home/morit/Studium/Master/Forschungsprojekt/nextpnr/machxo2/lpf.cc", "C++", 155, 0, 0, 0, 0, 0, 0, 0, 0, 0, 0, 0, 0, 0, 0, 0, 0, 0, 0, 0, 0, 0, 0, 0, 0, 0, 0, 22, 10, 187
"/home/morit/Studium/Master/Forschungsprojekt/nextpnr/machxo2/main.cc", "C++", 85, 0, 0, 0, 0, 0, 0, 0, 0, 0, 0, 0, 0, 0, 0, 0, 0, 0, 0, 0, 0, 0, 0, 0, 0, 0, 0, 19, 16, 120
"/home/morit/Studium/Master/Forschungsprojekt/nextpnr/machxo2/pack.cc", "C++", 1522, 0, 0, 0, 0, 0, 0, 0, 0, 0, 0, 0, 0, 0, 0, 0, 0, 0, 0, 0, 0, 0, 0, 0, 0, 0, 0, 109, 137, 1768
"/home/morit/Studium/Master/Forschungsprojekt/nextpnr/machxo2/pio.cc", "C++", 184, 0, 0, 0, 0, 0, 0, 0, 0, 0, 0, 0, 0, 0, 0, 0, 0, 0, 0, 0, 0, 0, 0, 0, 0, 0, 0, 18, 15, 217
"/home/morit/Studium/Master/Forschungsprojekt/nextpnr/machxo2/pio.h", "C++", 31, 0, 0, 0, 0, 0, 0, 0, 0, 0, 0, 0, 0, 0, 0, 0, 0, 0, 0, 0, 0, 0, 0, 0, 0, 0, 0, 19, 11, 61
"/home/morit/Studium/Master/Forschungsprojekt/nextpnr/mistral/CMakeLists.txt", "CMake", 0, 38, 0, 0, 0, 0, 0, 0, 0, 0, 0, 0, 0, 0, 0, 0, 0, 0, 0, 0, 0, 0, 0, 0, 0, 0, 0, 0, 7, 45
"/home/morit/Studium/Master/Forschungsprojekt/nextpnr/mistral/arch.cc", "C++", 407, 0, 0, 0, 0, 0, 0, 0, 0, 0, 0, 0, 0, 0, 0, 0, 0, 0, 0, 0, 0, 0, 0, 0, 0, 0, 0, 30, 77, 514
"/home/morit/Studium/Master/Forschungsprojekt/nextpnr/mistral/arch.h", "C++", 385, 0, 0, 0, 0, 0, 0, 0, 0, 0, 0, 0, 0, 0, 0, 0, 0, 0, 0, 0, 0, 0, 0, 0, 0, 0, 0, 83, 114, 582
"/home/morit/Studium/Master/Forschungsprojekt/nextpnr/mistral/arch_pybindings.cc", "C++", 48, 0, 0, 0, 0, 0, 0, 0, 0, 0, 0, 0, 0, 0, 0, 0, 0, 0, 0, 0, 0, 0, 0, 0, 0, 0, 0, 19, 21, 88
"/home/morit/Studium/Master/Forschungsprojekt/nextpnr/mistral/arch_pybindings.h", "C++", 87, 0, 0, 0, 0, 0, 0, 0, 0, 0, 0, 0, 0, 0, 0, 0, 0, 0, 0, 0, 0, 0, 0, 0, 0, 0, 0, 19, 20, 126
"/home/morit/Studium/Master/Forschungsprojekt/nextpnr/mistral/archdefs.cc", "C++", 11, 0, 0, 0, 0, 0, 0, 0, 0, 0, 0, 0, 0, 0, 0, 0, 0, 0, 0, 0, 0, 0, 0, 0, 0, 0, 0, 18, 5, 34
"/home/morit/Studium/Master/Forschungsprojekt/nextpnr/mistral/archdefs.h", "C++", 143, 0, 0, 0, 0, 0, 0, 0, 0, 0, 0, 0, 0, 0, 0, 0, 0, 0, 0, 0, 0, 0, 0, 0, 0, 0, 0, 33, 43, 219
"/home/morit/Studium/Master/Forschungsprojekt/nextpnr/mistral/bitstream.cc", "C++", 311, 0, 0, 0, 0, 0, 0, 0, 0, 0, 0, 0, 0, 0, 0, 0, 0, 0, 0, 0, 0, 0, 0, 0, 0, 0, 0, 54, 42, 407
"/home/morit/Studium/Master/Forschungsprojekt/nextpnr/mistral/delay.cc", "C++", 359, 0, 0, 0, 0, 0, 0, 0, 0, 0, 0, 0, 0, 0, 0, 0, 0, 0, 0, 0, 0, 0, 0, 0, 0, 0, 0, 31, 42, 432
"/home/morit/Studium/Master/Forschungsprojekt/nextpnr/mistral/globals.cc", "C++", 149, 0, 0, 0, 0, 0, 0, 0, 0, 0, 0, 0, 0, 0, 0, 0, 0, 0, 0, 0, 0, 0, 0, 0, 0, 0, 0, 38, 26, 213
"/home/morit/Studium/Master/Forschungsprojekt/nextpnr/mistral/io.cc", "C++", 36, 0, 0, 0, 0, 0, 0, 0, 0, 0, 0, 0, 0, 0, 0, 0, 0, 0, 0, 0, 0, 0, 0, 0, 0, 0, 0, 21, 7, 64
"/home/morit/Studium/Master/Forschungsprojekt/nextpnr/mistral/lab.cc", "C++", 872, 0, 0, 0, 0, 0, 0, 0, 0, 0, 0, 0, 0, 0, 0, 0, 0, 0, 0, 0, 0, 0, 0, 0, 0, 0, 0, 161, 83, 1116
"/home/morit/Studium/Master/Forschungsprojekt/nextpnr/mistral/m10k.cc", "C++", 34, 0, 0, 0, 0, 0, 0, 0, 0, 0, 0, 0, 0, 0, 0, 0, 0, 0, 0, 0, 0, 0, 0, 0, 0, 0, 0, 17, 5, 56
"/home/morit/Studium/Master/Forschungsprojekt/nextpnr/mistral/main.cc", "C++", 70, 0, 0, 0, 0, 0, 0, 0, 0, 0, 0, 0, 0, 0, 0, 0, 0, 0, 0, 0, 0, 0, 0, 0, 0, 0, 0, 18, 13, 101
"/home/morit/Studium/Master/Forschungsprojekt/nextpnr/mistral/pack.cc", "C++", 394, 0, 0, 0, 0, 0, 0, 0, 0, 0, 0, 0, 0, 0, 0, 0, 0, 0, 0, 0, 0, 0, 0, 0, 0, 0, 0, 73, 50, 517
"/home/morit/Studium/Master/Forschungsprojekt/nextpnr/mistral/pins.cc", "C++", 43, 0, 0, 0, 0, 0, 0, 0, 0, 0, 0, 0, 0, 0, 0, 0, 0, 0, 0, 0, 0, 0, 0, 0, 0, 0, 0, 22, 7, 72
"/home/morit/Studium/Master/Forschungsprojekt/nextpnr/mistral/qsf.cc", "C++", 218, 0, 0, 0, 0, 0, 0, 0, 0, 0, 0, 0, 0, 0, 0, 0, 0, 0, 0, 0, 0, 0, 0, 0, 0, 0, 0, 29, 35, 282
"/home/morit/Studium/Master/Forschungsprojekt/nextpnr/nexus/CMakeLists.txt", "CMake", 0, 52, 0, 0, 0, 0, 0, 0, 0, 0, 0, 0, 0, 0, 0, 0, 0, 0, 0, 0, 0, 0, 0, 0, 0, 0, 0, 0, 7, 59
"/home/morit/Studium/Master/Forschungsprojekt/nextpnr/nexus/arch.cc", "C++", 955, 0, 0, 0, 0, 0, 0, 0, 0, 0, 0, 0, 0, 0, 0, 0, 0, 0, 0, 0, 0, 0, 0, 0, 0, 0, 0, 68, 113, 1136
"/home/morit/Studium/Master/Forschungsprojekt/nextpnr/nexus/arch.h", "C++", 1192, 0, 0, 0, 0, 0, 0, 0, 0, 0, 0, 0, 0, 0, 0, 0, 0, 0, 0, 0, 0, 0, 0, 0, 0, 0, 0, 127, 219, 1538
"/home/morit/Studium/Master/Forschungsprojekt/nextpnr/nexus/arch_place.cc", "C++", 80, 0, 0, 0, 0, 0, 0, 0, 0, 0, 0, 0, 0, 0, 0, 0, 0, 0, 0, 0, 0, 0, 0, 0, 0, 0, 0, 25, 8, 113
"/home/morit/Studium/Master/Forschungsprojekt/nextpnr/nexus/arch_pybindings.cc", "C++", 39, 0, 0, 0, 0, 0, 0, 0, 0, 0, 0, 0, 0, 0, 0, 0, 0, 0, 0, 0, 0, 0, 0, 0, 0, 0, 0, 19, 18, 76
"/home/morit/Studium/Master/Forschungsprojekt/nextpnr/nexus/arch_pybindings.h", "C++", 65, 0, 0, 0, 0, 0, 0, 0, 0, 0, 0, 0, 0, 0, 0, 0, 0, 0, 0, 0, 0, 0, 0, 0, 0, 0, 0, 18, 16, 99
"/home/morit/Studium/Master/Forschungsprojekt/nextpnr/nexus/archdefs.h", "C++", 136, 0, 0, 0, 0, 0, 0, 0, 0, 0, 0, 0, 0, 0, 0, 0, 0, 0, 0, 0, 0, 0, 0, 0, 0, 0, 0, 25, 31, 192
"/home/morit/Studium/Master/Forschungsprojekt/nextpnr/nexus/fasm.cc", "C++", 1019, 0, 0, 0, 0, 0, 0, 0, 0, 0, 0, 0, 0, 0, 0, 0, 0, 0, 0, 0, 0, 0, 0, 0, 0, 0, 0, 96, 45, 1160
"/home/morit/Studium/Master/Forschungsprojekt/nextpnr/nexus/global.cc", "C++", 148, 0, 0, 0, 0, 0, 0, 0, 0, 0, 0, 0, 0, 0, 0, 0, 0, 0, 0, 0, 0, 0, 0, 0, 0, 0, 0, 39, 24, 211
"/home/morit/Studium/Master/Forschungsprojekt/nextpnr/nexus/io.cc", "C++", 39, 0, 0, 0, 0, 0, 0, 0, 0, 0, 0, 0, 0, 0, 0, 0, 0, 0, 0, 0, 0, 0, 0, 0, 0, 0, 0, 19, 13, 71
"/home/morit/Studium/Master/Forschungsprojekt/nextpnr/nexus/main.cc", "C++", 82, 0, 0, 0, 0, 0, 0, 0, 0, 0, 0, 0, 0, 0, 0, 0, 0, 0, 0, 0, 0, 0, 0, 0, 0, 0, 0, 18, 12, 112
"/home/morit/Studium/Master/Forschungsprojekt/nextpnr/nexus/pack.cc", "C++", 2299, 0, 0, 0, 0, 0, 0, 0, 0, 0, 0, 0, 0, 0, 0, 0, 0, 0, 0, 0, 0, 0, 0, 0, 0, 0, 0, 295, 284, 2878
"/home/morit/Studium/Master/Forschungsprojekt/nextpnr/nexus/pdc.cc", "C++", 403, 0, 0, 0, 0, 0, 0, 0, 0, 0, 0, 0, 0, 0, 0, 0, 0, 0, 0, 0, 0, 0, 0, 0, 0, 0, 0, 26, 41, 470
"/home/morit/Studium/Master/Forschungsprojekt/nextpnr/nexus/pins.cc", "C++", 245, 0, 0, 0, 0, 0, 0, 0, 0, 0, 0, 0, 0, 0, 0, 0, 0, 0, 0, 0, 0, 0, 0, 0, 0, 0, 0, 22, 18, 285
"/home/morit/Studium/Master/Forschungsprojekt/nextpnr/nexus/post_place.cc", "C++", 106, 0, 0, 0, 0, 0, 0, 0, 0, 0, 0, 0, 0, 0, 0, 0, 0, 0, 0, 0, 0, 0, 0, 0, 0, 0, 0, 31, 22, 159
"/home/morit/Studium/Master/Forschungsprojekt/nextpnr/placerTest.v", "Verilog", 0, 0, 0, 0, 28, 0, 0, 0, 0, 0, 0, 0, 0, 0, 0, 0, 0, 0, 0, 0, 0, 0, 0, 0, 0, 0, 0, 3, 4, 35
"/home/morit/Studium/Master/Forschungsprojekt/nextpnr/python/check_arch_api.py", "Python", 0, 0, 0, 47, 0, 0, 0, 0, 0, 0, 0, 0, 0, 0, 0, 0, 0, 0, 0, 0, 0, 0, 0, 0, 0, 0, 0, 31, 17, 95
"/home/morit/Studium/Master/Forschungsprojekt/nextpnr/python/delay_vs_fanout.py", "Python", 0, 0, 0, 9, 0, 0, 0, 0, 0, 0, 0, 0, 0, 0, 0, 0, 0, 0, 0, 0, 0, 0, 0, 0, 0, 0, 0, 0, 2, 11
"/home/morit/Studium/Master/Forschungsprojekt/nextpnr/python/dump_design.py", "Python", 0, 0, 0, 21, 0, 0, 0, 0, 0, 0, 0, 0, 0, 0, 0, 0, 0, 0, 0, 0, 0, 0, 0, 0, 0, 0, 0, 1, 4, 26
"/home/morit/Studium/Master/Forschungsprojekt/nextpnr/python/interactive.py", "Python", 0, 0, 0, 3, 0, 0, 0, 0, 0, 0, 0, 0, 0, 0, 0, 0, 0, 0, 0, 0, 0, 0, 0, 0, 0, 0, 0, 2, 2, 7
"/home/morit/Studium/Master/Forschungsprojekt/nextpnr/python/plot_congestion_by_coordinate.py", "Python", 0, 0, 0, 23, 0, 0, 0, 0, 0, 0, 0, 0, 0, 0, 0, 0, 0, 0, 0, 0, 0, 0, 0, 0, 0, 0, 0, 0, 5, 28
"/home/morit/Studium/Master/Forschungsprojekt/nextpnr/python/plot_congestion_by_wiretype.py", "Python", 0, 0, 0, 48, 0, 0, 0, 0, 0, 0, 0, 0, 0, 0, 0, 0, 0, 0, 0, 0, 0, 0, 0, 0, 0, 0, 0, 3, 6, 57
"/home/morit/Studium/Master/Forschungsprojekt/nextpnr/python/report_hierarchy.py", "Python", 0, 0, 0, 8, 0, 0, 0, 0, 0, 0, 0, 0, 0, 0, 0, 0, 0, 0, 0, 0, 0, 0, 0, 0, 0, 0, 0, 0, 3, 11
"/home/morit/Studium/Master/Forschungsprojekt/nextpnr/python/svg_placement.py", "Python", 0, 0, 0, 1, 0, 0, 0, 0, 0, 0, 0, 0, 0, 0, 0, 0, 0, 0, 0, 0, 0, 0, 0, 0, 0, 0, 0, 0, 1, 2
"/home/morit/Studium/Master/Forschungsprojekt/nextpnr/python/svg_routing.py", "Python", 0, 0, 0, 1, 0, 0, 0, 0, 0, 0, 0, 0, 0, 0, 0, 0, 0, 0, 0, 0, 0, 0, 0, 0, 0, 0, 0, 0, 1, 2
"/home/morit/Studium/Master/Forschungsprojekt/nextpnr/python/svg_routing_fast.py", "Python", 0, 0, 0, 1, 0, 0, 0, 0, 0, 0, 0, 0, 0, 0, 0, 0, 0, 0, 0, 0, 0, 0, 0, 0, 0, 0, 0, 0, 1, 2
"/home/morit/Studium/Master/Forschungsprojekt/nextpnr/rust/CMakeLists.txt", "CMake", 0, 6, 0, 0, 0, 0, 0, 0, 0, 0, 0, 0, 0, 0, 0, 0, 0, 0, 0, 0, 0, 0, 0, 0, 0, 0, 0, 0, 3, 9
"/home/morit/Studium/Master/Forschungsprojekt/nextpnr/rust/example_printnets/src/lib.rs", "Rust", 0, 0, 0, 0, 0, 0, 26, 0, 0, 0, 0, 0, 0, 0, 0, 0, 0, 0, 0, 0, 0, 0, 0, 0, 0, 0, 0, 0, 2, 28
"/home/morit/Studium/Master/Forschungsprojekt/nextpnr/rust/nextpnr/src/lib.rs", "Rust", 0, 0, 0, 0, 0, 0, 706, 0, 0, 0, 0, 0, 0, 0, 0, 0, 0, 0, 0, 0, 0, 0, 0, 0, 0, 0, 0, 20, 135, 861
"/home/morit/Studium/Master/Forschungsprojekt/nextpnr/rust/rust.cc", "C++", 214, 0, 0, 0, 0, 0, 0, 0, 0, 0, 0, 0, 0, 0, 0, 0, 0, 0, 0, 0, 0, 0, 0, 0, 0, 0, 0, 17, 41, 272
"/home/morit/Studium/Master/Forschungsprojekt/nextpnr/rust/rust.h", "C++", 9, 0, 0, 0, 0, 0, 0, 0, 0, 0, 0, 0, 0, 0, 0, 0, 0, 0, 0, 0, 0, 0, 0, 0, 0, 0, 0, 18, 8, 35
"/home/morit/Studium/Master/Forschungsprojekt/nextpnr/tests/README.md", "Markdown", 0, 0, 12, 0, 0, 0, 0, 0, 0, 0, 0, 0, 0, 0, 0, 0, 0, 0, 0, 0, 0, 0, 0, 0, 0, 0, 0, 0, 4, 16
"/home/morit/Studium/Master/Forschungsprojekt/nextpnr/tests/ecp5/regressions/issue0191/testcase.v", "Verilog", 0, 0, 0, 0, 6, 0, 0, 0, 0, 0, 0, 0, 0, 0, 0, 0, 0, 0, 0, 0, 0, 0, 0, 0, 0, 0, 0, 0, 0, 6
"/home/morit/Studium/Master/Forschungsprojekt/nextpnr/tests/ecp5/regressions/issue0194/testcase.sh", "Shell Script", 0, 0, 0, 0, 0, 0, 0, 3, 0, 0, 0, 0, 0, 0, 0, 0, 0, 0, 0, 0, 0, 0, 0, 0, 0, 0, 0, 0, 1, 4
"/home/morit/Studium/Master/Forschungsprojekt/nextpnr/tests/ecp5/regressions/issue0194/testcase.v", "Verilog", 0, 0, 0, 0, 34, 0, 0, 0, 0, 0, 0, 0, 0, 0, 0, 0, 0, 0, 0, 0, 0, 0, 0, 0, 0, 0, 0, 0, 5, 39
"/home/morit/Studium/Master/Forschungsprojekt/nextpnr/tests/ecp5/regressions/issue0235/blinky.v", "Verilog", 0, 0, 0, 0, 27, 0, 0, 0, 0, 0, 0, 0, 0, 0, 0, 0, 0, 0, 0, 0, 0, 0, 0, 0, 0, 0, 0, 1, 6, 34
"/home/morit/Studium/Master/Forschungsprojekt/nextpnr/tests/generic/flow/bel-pin/design.v", "Verilog", 0, 0, 0, 0, 6, 0, 0, 0, 0, 0, 0, 0, 0, 0, 0, 0, 0, 0, 0, 0, 0, 0, 0, 0, 0, 0, 0, 0, 2, 8
"/home/morit/Studium/Master/Forschungsprojekt/nextpnr/tests/generic/flow/bel-pin/post_route.py", "Python", 0, 0, 0, 2, 0, 0, 0, 0, 0, 0, 0, 0, 0, 0, 0, 0, 0, 0, 0, 0, 0, 0, 0, 0, 0, 0, 0, 0, 1, 3
"/home/morit/Studium/Master/Forschungsprojekt/nextpnr/tests/generic/flow/bel-pin/pre_pack.py", "Python", 0, 0, 0, 12, 0, 0, 0, 0, 0, 0, 0, 0, 0, 0, 0, 0, 0, 0, 0, 0, 0, 0, 0, 0, 0, 0, 0, 0, 5, 17
"/home/morit/Studium/Master/Forschungsprojekt/nextpnr/tests/generic/flow/bel-pin/run.sh", "Shell Script", 0, 0, 0, 0, 0, 0, 0, 3, 0, 0, 0, 0, 0, 0, 0, 0, 0, 0, 0, 0, 0, 0, 0, 0, 0, 0, 0, 1, 1, 5
"/home/morit/Studium/Master/Forschungsprojekt/nextpnr/tests/generic/flow/run.sh", "Shell Script", 0, 0, 0, 0, 0, 0, 0, 1, 0, 0, 0, 0, 0, 0, 0, 0, 0, 0, 0, 0, 0, 0, 0, 0, 0, 0, 0, 1, 1, 3
"/home/morit/Studium/Master/Forschungsprojekt/nextpnr/tests/generic/main.cc", "C++", 7, 0, 0, 0, 0, 0, 0, 0, 0, 0, 0, 0, 0, 0, 0, 0, 0, 0, 0, 0, 0, 0, 0, 0, 0, 0, 0, 18, 4, 29
"/home/morit/Studium/Master/Forschungsprojekt/nextpnr/tests/gui/CMakeLists.txt", "CMake", 0, 4, 0, 0, 0, 0, 0, 0, 0, 0, 0, 0, 0, 0, 0, 0, 0, 0, 0, 0, 0, 0, 0, 0, 0, 0, 0, 0, 2, 6
"/home/morit/Studium/Master/Forschungsprojekt/nextpnr/tests/gui/quadtree.cc", "C++", 79, 0, 0, 0, 0, 0, 0, 0, 0, 0, 0, 0, 0, 0, 0, 0, 0, 0, 0, 0, 0, 0, 0, 0, 0, 0, 0, 29, 15, 123
"/home/morit/Studium/Master/Forschungsprojekt/nextpnr/tests/ice40/regressions/issue0065/ice40_pll_12_216.v", "Verilog", 0, 0, 0, 0, 30, 0, 0, 0, 0, 0, 0, 0, 0, 0, 0, 0, 0, 0, 0, 0, 0, 0, 0, 0, 0, 0, 0, 0, 4, 34
"/home/morit/Studium/Master/Forschungsprojekt/nextpnr/tests/ice40/regressions/issue0065/wtf.v", "Verilog", 0, 0, 0, 0, 12, 0, 0, 0, 0, 0, 0, 0, 0, 0, 0, 0, 0, 0, 0, 0, 0, 0, 0, 0, 0, 0, 0, 0, 6, 18
"/home/morit/Studium/Master/Forschungsprojekt/nextpnr/tests/ice40/regressions/issue0069/top.v", "Verilog", 0, 0, 0, 0, 27, 0, 0, 0, 0, 0, 0, 0, 0, 0, 0, 0, 0, 0, 0, 0, 0, 0, 0, 0, 0, 0, 0, 4, 8, 39
"/home/morit/Studium/Master/Forschungsprojekt/nextpnr/tests/ice40/regressions/issue0070/sb_rgba_drv.v", "Verilog", 0, 0, 0, 0, 26, 0, 0, 0, 0, 0, 0, 0, 0, 0, 0, 0, 0, 0, 0, 0, 0, 0, 0, 0, 0, 0, 0, 0, 6, 32
"/home/morit/Studium/Master/Forschungsprojekt/nextpnr/tests/ice40/regressions/issue0071/top-nopll.v", "Verilog", 0, 0, 0, 0, 25, 0, 0, 0, 0, 0, 0, 0, 0, 0, 0, 0, 0, 0, 0, 0, 0, 0, 0, 0, 0, 0, 0, 4, 7, 36
"/home/morit/Studium/Master/Forschungsprojekt/nextpnr/tests/ice40/regressions/issue0071/top-pll.v", "Verilog", 0, 0, 0, 0, 39, 0, 0, 0, 0, 0, 0, 0, 0, 0, 0, 0, 0, 0, 0, 0, 0, 0, 0, 0, 0, 0, 0, 4, 9, 52
"/home/morit/Studium/Master/Forschungsprojekt/nextpnr/tests/ice40/regressions/issue0072/top.v", "Verilog", 0, 0, 0, 0, 1520, 0, 0, 0, 0, 0, 0, 0, 0, 0, 0, 0, 0, 0, 0, 0, 0, 0, 0, 0, 0, 0, 0, 68, 59, 1647
"/home/morit/Studium/Master/Forschungsprojekt/nextpnr/tests/ice40/regressions/issue0084/mlaccel.sh", "Shell Script", 0, 0, 0, 0, 0, 0, 0, 3, 0, 0, 0, 0, 0, 0, 0, 0, 0, 0, 0, 0, 0, 0, 0, 0, 0, 0, 0, 0, 1, 4
"/home/morit/Studium/Master/Forschungsprojekt/nextpnr/tests/ice40/regressions/issue0090/conn-crash.sh", "Shell Script", 0, 0, 0, 0, 0, 0, 0, 3, 0, 0, 0, 0, 0, 0, 0, 0, 0, 0, 0, 0, 0, 0, 0, 0, 0, 0, 0, 0, 1, 4
"/home/morit/Studium/Master/Forschungsprojekt/nextpnr/tests/ice40/regressions/issue0090/conn-crash.v", "Verilog", 0, 0, 0, 0, 33, 0, 0, 0, 0, 0, 0, 0, 0, 0, 0, 0, 0, 0, 0, 0, 0, 0, 0, 0, 0, 0, 0, 4, 7, 44
"/home/morit/Studium/Master/Forschungsprojekt/nextpnr/tests/ice40/regressions/issue0099/top.v", "Verilog", 0, 0, 0, 0, 16, 0, 0, 0, 0, 0, 0, 0, 0, 0, 0, 0, 0, 0, 0, 0, 0, 0, 0, 0, 0, 0, 0, 0, 3, 19
"/home/morit/Studium/Master/Forschungsprojekt/nextpnr/tests/ice40/regressions/issue0106/top.v", "Verilog", 0, 0, 0, 0, 10, 0, 0, 0, 0, 0, 0, 0, 0, 0, 0, 0, 0, 0, 0, 0, 0, 0, 0, 0, 0, 0, 0, 0, 6, 16
"/home/morit/Studium/Master/Forschungsprojekt/nextpnr/tests/ice40/regressions/issue0117/top.v", "Verilog", 0, 0, 0, 0, 4, 0, 0, 0, 0, 0, 0, 0, 0, 0, 0, 0, 0, 0, 0, 0, 0, 0, 0, 0, 0, 0, 0, 0, 2, 6
"/home/morit/Studium/Master/Forschungsprojekt/nextpnr/tests/ice40/regressions/issue0120/top.sh", "Shell Script", 0, 0, 0, 0, 0, 0, 0, 3, 0, 0, 0, 0, 0, 0, 0, 0, 0, 0, 0, 0, 0, 0, 0, 0, 0, 0, 0, 0, 1, 4
"/home/morit/Studium/Master/Forschungsprojekt/nextpnr/tests/ice40/regressions/issue0120/top.v", "Verilog", 0, 0, 0, 0, 3948, 0, 0, 0, 0, 0, 0, 0, 0, 0, 0, 0, 0, 0, 0, 0, 0, 0, 0, 0, 0, 0, 0, 0, 24, 3972
"/home/morit/Studium/Master/Forschungsprojekt/nextpnr/tests/ice40/regressions/issue0126/pll-test.v", "Verilog", 0, 0, 0, 0, 59, 0, 0, 0, 0, 0, 0, 0, 0, 0, 0, 0, 0, 0, 0, 0, 0, 0, 0, 0, 0, 0, 0, 4, 13, 76
"/home/morit/Studium/Master/Forschungsprojekt/nextpnr/tests/ice40/regressions/issue0145/top.v", "Verilog", 0, 0, 0, 0, 24, 0, 0, 0, 0, 0, 0, 0, 0, 0, 0, 0, 0, 0, 0, 0, 0, 0, 0, 0, 0, 0, 0, 0, 6, 30
"/home/morit/Studium/Master/Forschungsprojekt/nextpnr/tests/ice40/regressions/issue0148/hdl/cpu/alu.v", "Verilog", 0, 0, 0, 0, 46, 0, 0, 0, 0, 0, 0, 0, 0, 0, 0, 0, 0, 0, 0, 0, 0, 0, 0, 0, 0, 0, 0, 2, 6, 54
"/home/morit/Studium/Master/Forschungsprojekt/nextpnr/tests/ice40/regressions/issue0148/hdl/cpu/cpu.v", "Verilog", 0, 0, 0, 0, 320, 0, 0, 0, 0, 0, 0, 0, 0, 0, 0, 0, 0, 0, 0, 0, 0, 0, 0, 0, 0, 0, 0, 23, 46, 389
"/home/morit/Studium/Master/Forschungsprojekt/nextpnr/tests/ice40/regressions/issue0148/hdl/cpu/regfile.v", "Verilog", 0, 0, 0, 0, 22, 0, 0, 0, 0, 0, 0, 0, 0, 0, 0, 0, 0, 0, 0, 0, 0, 0, 0, 0, 0, 0, 0, 2, 6, 30
"/home/morit/Studium/Master/Forschungsprojekt/nextpnr/tests/ice40/regressions/issue0148/hdl/cpu16.sv", "System Verilog", 0, 0, 0, 0, 0, 0, 0, 0, 0, 0, 244, 0, 0, 0, 0, 0, 0, 0, 0, 0, 0, 0, 0, 0, 0, 0, 0, 14, 46, 304
"/home/morit/Studium/Master/Forschungsprojekt/nextpnr/tests/ice40/regressions/issue0148/hdl/ice40.sdc", "Synopsys Design Constraints", 0, 0, 0, 0, 0, 0, 0, 0, 0, 0, 0, 2, 0, 0, 0, 0, 0, 0, 0, 0, 0, 0, 0, 0, 0, 0, 0, 0, 4, 6
"/home/morit/Studium/Master/Forschungsprojekt/nextpnr/tests/ice40/regressions/issue0148/hdl/ice40.v", "Verilog", 0, 0, 0, 0, 177, 0, 0, 0, 0, 0, 0, 0, 0, 0, 0, 0, 0, 0, 0, 0, 0, 0, 0, 0, 0, 0, 0, 11, 35, 223
"/home/morit/Studium/Master/Forschungsprojekt/nextpnr/tests/ice40/regressions/issue0148/hdl/lattice/pll_12_25.v", "Verilog", 0, 0, 0, 0, 35, 0, 0, 0, 0, 0, 0, 0, 0, 0, 0, 0, 0, 0, 0, 0, 0, 0, 0, 0, 0, 0, 0, 2, 6, 43
"/home/morit/Studium/Master/Forschungsprojekt/nextpnr/tests/ice40/regressions/issue0148/hdl/nexys4.sv", "System Verilog", 0, 0, 0, 0, 0, 0, 0, 0, 0, 0, 54, 0, 0, 0, 0, 0, 0, 0, 0, 0, 0, 0, 0, 0, 0, 0, 0, 2, 11, 67
"/home/morit/Studium/Master/Forschungsprojekt/nextpnr/tests/ice40/regressions/issue0148/hdl/nexys4.xdc", "Xilinx Design Constraints", 0, 0, 0, 0, 0, 0, 0, 0, 0, 35, 0, 0, 0, 0, 0, 0, 0, 0, 0, 0, 0, 0, 0, 0, 0, 0, 0, 8, 8, 51
"/home/morit/Studium/Master/Forschungsprojekt/nextpnr/tests/ice40/regressions/issue0148/hdl/simram.sv", "System Verilog", 0, 0, 0, 0, 0, 0, 0, 0, 0, 0, 29, 0, 0, 0, 0, 0, 0, 0, 0, 0, 0, 0, 0, 0, 0, 0, 0, 6, 6, 41
"/home/morit/Studium/Master/Forschungsprojekt/nextpnr/tests/ice40/regressions/issue0148/hdl/spi_debug_ifc.v", "Verilog", 0, 0, 0, 0, 123, 0, 0, 0, 0, 0, 0, 0, 0, 0, 0, 0, 0, 0, 0, 0, 0, 0, 0, 0, 0, 0, 0, 5, 30, 158
"/home/morit/Studium/Master/Forschungsprojekt/nextpnr/tests/ice40/regressions/issue0148/hdl/testbench.sv", "System Verilog", 0, 0, 0, 0, 0, 0, 0, 0, 0, 0, 76, 0, 0, 0, 0, 0, 0, 0, 0, 0, 0, 0, 0, 0, 0, 0, 0, 2, 16, 94
"/home/morit/Studium/Master/Forschungsprojekt/nextpnr/tests/ice40/regressions/issue0148/hdl/testvga.sv", "System Verilog", 0, 0, 0, 0, 0, 0, 0, 0, 0, 0, 31, 0, 0, 0, 0, 0, 0, 0, 0, 0, 0, 0, 0, 0, 0, 0, 0, 2, 8, 41
"/home/morit/Studium/Master/Forschungsprojekt/nextpnr/tests/ice40/regressions/issue0148/hdl/uart.v", "Verilog", 0, 0, 0, 0, 57, 0, 0, 0, 0, 0, 0, 0, 0, 0, 0, 0, 0, 0, 0, 0, 0, 0, 0, 0, 0, 0, 0, 3, 17, 77
"/home/morit/Studium/Master/Forschungsprojekt/nextpnr/tests/ice40/regressions/issue0148/hdl/vga/chardata.v", "Verilog", 0, 0, 0, 0, 68, 0, 0, 0, 0, 0, 0, 0, 0, 0, 0, 0, 0, 0, 0, 0, 0, 0, 0, 0, 0, 0, 0, 20, 18, 106
"/home/morit/Studium/Master/Forschungsprojekt/nextpnr/tests/ice40/regressions/issue0148/hdl/vga/vga.v", "Verilog", 0, 0, 0, 0, 78, 0, 0, 0, 0, 0, 0, 0, 0, 0, 0, 0, 0, 0, 0, 0, 0, 0, 0, 0, 0, 0, 0, 6, 18, 102
"/home/morit/Studium/Master/Forschungsprojekt/nextpnr/tests/ice40/regressions/issue0148/hdl/vga/vga40x30x2.v", "Verilog", 0, 0, 0, 0, 58, 0, 0, 0, 0, 0, 0, 0, 0, 0, 0, 0, 0, 0, 0, 0, 0, 0, 0, 0, 0, 0, 0, 2, 10, 70
"/home/morit/Studium/Master/Forschungsprojekt/nextpnr/tests/ice40/regressions/issue0148/hdl/vga/videoram.v", "Verilog", 0, 0, 0, 0, 26, 0, 0, 0, 0, 0, 0, 0, 0, 0, 0, 0, 0, 0, 0, 0, 0, 0, 0, 0, 0, 0, 0, 4, 9, 39
"/home/morit/Studium/Master/Forschungsprojekt/nextpnr/tests/ice40/regressions/issue0151/top.v", "Verilog", 0, 0, 0, 0, 18, 0, 0, 0, 0, 0, 0, 0, 0, 0, 0, 0, 0, 0, 0, 0, 0, 0, 0, 0, 0, 0, 0, 0, 6, 24
"/home/morit/Studium/Master/Forschungsprojekt/nextpnr/tests/ice40/regressions/issue0176/top.v", "Verilog", 0, 0, 0, 0, 33, 0, 0, 0, 0, 0, 0, 0, 0, 0, 0, 0, 0, 0, 0, 0, 0, 0, 0, 0, 0, 0, 0, 1, 10, 44
"/home/morit/Studium/Master/Forschungsprojekt/nextpnr/tests/ice40/regressions/issue0186/pll.v", "Verilog", 0, 0, 0, 0, 30, 0, 0, 0, 0, 0, 0, 0, 0, 0, 0, 0, 0, 0, 0, 0, 0, 0, 0, 0, 0, 0, 0, 0, 4, 34
"/home/morit/Studium/Master/Forschungsprojekt/nextpnr/tests/ice40/regressions/issue0186/test.v", "Verilog", 0, 0, 0, 0, 19, 0, 0, 0, 0, 0, 0, 0, 0, 0, 0, 0, 0, 0, 0, 0, 0, 0, 0, 0, 0, 0, 0, 0, 8, 27
"/home/morit/Studium/Master/Forschungsprojekt/nextpnr/tests/ice40/regressions/issue0188/pll.v", "Verilog", 0, 0, 0, 0, 30, 0, 0, 0, 0, 0, 0, 0, 0, 0, 0, 0, 0, 0, 0, 0, 0, 0, 0, 0, 0, 0, 0, 0, 4, 34
"/home/morit/Studium/Master/Forschungsprojekt/nextpnr/tests/ice40/regressions/issue0188/test.v", "Verilog", 0, 0, 0, 0, 22, 0, 0, 0, 0, 0, 0, 0, 0, 0, 0, 0, 0, 0, 0, 0, 0, 0, 0, 0, 0, 0, 0, 0, 8, 30
"/home/morit/Studium/Master/Forschungsprojekt/nextpnr/tests/ice40/regressions/issue0203/ringosc.v", "Verilog", 0, 0, 0, 0, 17, 0, 0, 0, 0, 0, 0, 0, 0, 0, 0, 0, 0, 0, 0, 0, 0, 0, 0, 0, 0, 0, 0, 0, 7, 24
"/home/morit/Studium/Master/Forschungsprojekt/nextpnr/tests/ice40/regressions/issue0209/test.sh", "Shell Script", 0, 0, 0, 0, 0, 0, 0, 3, 0, 0, 0, 0, 0, 0, 0, 0, 0, 0, 0, 0, 0, 0, 0, 0, 0, 0, 0, 0, 1, 4
"/home/morit/Studium/Master/Forschungsprojekt/nextpnr/tests/ice40/regressions/issue0209/test.v", "Verilog", 0, 0, 0, 0, 8, 0, 0, 0, 0, 0, 0, 0, 0, 0, 0, 0, 0, 0, 0, 0, 0, 0, 0, 0, 0, 0, 0, 1, 2, 11
"/home/morit/Studium/Master/Forschungsprojekt/nextpnr/tests/ice40/regressions/issue0229/top.v", "Verilog", 0, 0, 0, 0, 1222, 0, 0, 0, 0, 0, 0, 0, 0, 0, 0, 0, 0, 0, 0, 0, 0, 0, 0, 0, 0, 0, 0, 50, 47, 1319
"/home/morit/Studium/Master/Forschungsprojekt/nextpnr/tests/ice40/regressions/issue0229/top_pre_pack.py", "Python", 0, 0, 0, 3, 0, 0, 0, 0, 0, 0, 0, 0, 0, 0, 0, 0, 0, 0, 0, 0, 0, 0, 0, 0, 0, 0, 0, 0, 1, 4
"/home/morit/Studium/Master/Forschungsprojekt/nextpnr/tests/ice40/regressions/issue0237/top.v", "Verilog", 0, 0, 0, 0, 11, 0, 0, 0, 0, 0, 0, 0, 0, 0, 0, 0, 0, 0, 0, 0, 0, 0, 0, 0, 0, 0, 0, 0, 3, 14
"/home/morit/Studium/Master/Forschungsprojekt/nextpnr/tests/ice40/regressions/pr0252/top.v", "Verilog", 0, 0, 0, 0, 6, 0, 0, 0, 0, 0, 0, 0, 0, 0, 0, 0, 0, 0, 0, 0, 0, 0, 0, 0, 0, 0, 0, 0, 2, 8
"Total", "-", 244339, 9900, 13758, 22224, 15464, 41, 1492, 733, 2409, 73, 434, 2, 44, 91, 3133, 80, 1687, 962, 23, 32, 39, 7867, 3, 21, 22, 57, 165, 67140, 57768, 450003